Symbol,Name,Type,Relevance_Score,Knowledge
TP53,Tumor Protein P53,Protein Coding,81.98166,100
CTNNB1,Catenin Beta 1,Protein Coding,78.46469,100
MIR7-3HG,MIR7-3 Host Gene,RNA Gene,68.111496,54
MET,"MET Proto-Oncogene, Receptor Tyrosine Kinase",Protein Coding,64.289055,100
APC,APC Regulator Of Wnt Signaling Pathway,Protein Coding,60.382126,100
HULC,Hepatocellular Carcinoma Up-Regulated Long Non-Coding RNA,RNA Gene,48.18762,58
TERT,Telomerase Reverse Transcriptase,Protein Coding,43.4993,100
PIK3CA,"Phosphatidylinositol-4,5-Bisphosphate 3-Kinase Catalytic Subunit Alpha",Protein Coding,43.492096,100
HEIH,Hepatocellular Carcinoma Up-Regulated EZH2-Associated Long Non-Coding RNA,RNA Gene,42.33949,54
AFP,Alpha Fetoprotein,Protein Coding,40.578087,80
H19,H19 Imprinted Maternally Expressed Transcript,RNA Gene,39.658363,66
AXIN1,Axin 1,Protein Coding,37.2661,96
HEPN1,"Hepatocellular Carcinoma, Down-Regulated 1",Protein Coding,37.227337,38
GPC3,Glypican 3,Protein Coding,36.569546,97
CCND1,Cyclin D1,Protein Coding,35.451355,91
EGFR,Epidermal Growth Factor Receptor,Protein Coding,35.351864,100
CASP8,Caspase 8,Protein Coding,35.324684,100
PTEN,Phosphatase And Tensin Homolog,Protein Coding,34.971264,100
NFKB1,Nuclear Factor Kappa B Subunit 1,Protein Coding,34.824585,100
MIR122,MicroRNA 122,RNA Gene,33.058113,59
KILH,KRT19 Interacting Long Noncoding RNA In Hepatocellular Carcinoma,RNA Gene,32.795605,51
ALB,Albumin,Protein Coding,31.93127,100
STAT3,Signal Transducer And Activator Of Transcription 3,Protein Coding,31.464985,100
MEG3,Maternally Expressed 3,RNA Gene,31.287361,67
HCCAT5,Hepatocellular Carcinoma Associated Transcript 5,RNA Gene,30.450819,51
MTOR,Mechanistic Target Of Rapamycin Kinase,Protein Coding,30.392584,100
AKT1,AKT Serine/Threonine Kinase 1,Protein Coding,30.266706,100
KRAS,"KRAS Proto-Oncogene, GTPase",Protein Coding,29.875124,100
GAS5,Growth Arrest Specific 5,RNA Gene,29.422955,58
CD274,CD274 Molecule,Protein Coding,29.186562,89
PDCD1,Programmed Cell Death 1,Protein Coding,28.504286,92
HIF1A,Hypoxia Inducible Factor 1 Subunit Alpha,Protein Coding,27.828697,96
VEGFA,Vascular Endothelial Growth Factor A,Protein Coding,27.534437,97
XIST,X Inactive Specific Transcript,RNA Gene,26.942326,62
IGF2R,Insulin Like Growth Factor 2 Receptor,Protein Coding,26.694332,94
MIR21,MicroRNA 21,RNA Gene,26.332632,73
TUG1,Taurine Up-Regulated 1,Protein Coding,26.188597,52
DANCR,Differentiation Antagonizing Non-Protein Coding RNA,RNA Gene,26.081123,59
CYTOR,Cytoskeleton Regulator RNA,RNA Gene,25.570377,53
MYC,"MYC Proto-Oncogene, BHLH Transcription Factor",Protein Coding,25.470463,95
EPCAM,Epithelial Cell Adhesion Molecule,Protein Coding,25.468756,94
CDKN2A,Cyclin Dependent Kinase Inhibitor 2A,Protein Coding,25.156174,100
CASP3,Caspase 3,Protein Coding,25.076157,91
BRAF,"B-Raf Proto-Oncogene, Serine/Threonine Kinase",Protein Coding,25.047197,100
MIRLET7C,MicroRNA Let-7c,RNA Gene,25.011955,62
MIR18A,MicroRNA 18a,RNA Gene,24.997791,62
ARID1A,AT-Rich Interaction Domain 1A,Protein Coding,24.89954,100
KRT7,Keratin 7,Protein Coding,24.89575,75
MIR125A,MicroRNA 125a,RNA Gene,24.884123,63
HEPFAL,Hepatocellular Carcinoma Ferroptosis Associative LncRNA,RNA Gene,24.69475,47
TSC2,TSC Complex Subunit 2,Protein Coding,24.430994,100
ATM,ATM Serine/Threonine Kinase,Protein Coding,24.336836,100
MIR215,MicroRNA 215,RNA Gene,24.2594,58
VDR,Vitamin D Receptor,Protein Coding,24.207651,100
IFNA2,Interferon Alpha 2,Protein Coding,24.056925,74
MIR139,MicroRNA 139,RNA Gene,23.596004,59
SMAD4,SMAD Family Member 4,Protein Coding,23.509287,100
PDGFRL,Platelet Derived Growth Factor Receptor Like,Protein Coding,23.458445,63
TGFB1,Transforming Growth Factor Beta 1,Protein Coding,23.313906,100
PPARG,Peroxisome Proliferator Activated Receptor Gamma,Protein Coding,23.30664,100
CCAT1,Colon Cancer Associated Transcript 1,RNA Gene,23.210014,56
HFE,Homeostatic Iron Regulator,Protein Coding,23.16621,97
ZFAS1,ZNFX1 Antisense RNA 1,RNA Gene,23.093357,58
MALAT1,Metastasis Associated Lung Adenocarcinoma Transcript 1,RNA Gene,23.035627,60
FGFR2,Fibroblast Growth Factor Receptor 2,Protein Coding,22.997261,100
PTGS2,Prostaglandin-Endoperoxide Synthase 2,Protein Coding,22.977482,91
CASC2,Cancer Susceptibility 2,RNA Gene,22.949835,56
SNHG1,Small Nucleolar RNA Host Gene 1,RNA Gene,22.755312,58
DNAJB1,DnaJ Heat Shock Protein Family (Hsp40) Member B1,Protein Coding,22.689205,85
TSC1,TSC Complex Subunit 1,Protein Coding,22.602774,100
SNHG16,Small Nucleolar RNA Host Gene 16,RNA Gene,22.524761,58
HHCM,Mahlavu Hepatocellular Carcinoma,Uncategorized,22.3363,24
NRAS,"NRAS Proto-Oncogene, GTPase",Protein Coding,22.296797,97
SPRTN,SprT-Like N-Terminal Domain,Protein Coding,22.2964,78
MMP9,Matrix Metallopeptidase 9,Protein Coding,22.255468,100
IDH1,Isocitrate Dehydrogenase (NADP(+)) 1,Protein Coding,22.182394,100
RET,Ret Proto-Oncogene,Protein Coding,22.002655,100
MIR146A,MicroRNA 146a,RNA Gene,22.002054,66
NOTCH1,Notch Receptor 1,Protein Coding,21.999527,100
PNPLA3,"Patatin Like Domain 3, 1-Acylglycerol-3-Phosphate O-Acyltransferase ",Protein Coding,21.996414,84
ERBB2,Erb-B2 Receptor Tyrosine Kinase 2,Protein Coding,21.744205,100
BIRC5,Baculoviral IAP Repeat Containing 5,Protein Coding,21.618189,93
MIR34A,MicroRNA 34a,RNA Gene,21.550388,69
IL6,Interleukin 6,Protein Coding,21.376678,93
MIR221,MicroRNA 221,RNA Gene,21.193443,66
PMS2,"PMS1 Homolog 2, Mismatch Repair System Component",Protein Coding,21.166716,99
IGF1R,Insulin Like Growth Factor 1 Receptor,Protein Coding,21.15164,100
MIR195,MicroRNA 195,RNA Gene,21.142824,65
KCNQ1OT1,KCNQ1 Opposite Strand/Antisense Transcript 1,RNA Gene,21.059814,73
MIR199B,MicroRNA 199b,RNA Gene,20.979671,63
UCA1,Urothelial Cancer Associated 1,RNA Gene,20.932426,60
AXL,AXL Receptor Tyrosine Kinase,Protein Coding,20.922802,100
ABCB1,ATP Binding Cassette Subfamily B Member 1,Protein Coding,20.78887,100
MIR224,MicroRNA 224,RNA Gene,20.765356,59
KDR,Kinase Insert Domain Receptor,Protein Coding,20.759869,99
JAK2,Janus Kinase 2,Protein Coding,20.70907,100
FGFR3,Fibroblast Growth Factor Receptor 3,Protein Coding,20.66413,100
HOTAIR,HOX Transcript Antisense RNA,RNA Gene,20.64523,59
MIR17,MicroRNA 17,RNA Gene,20.540247,66
FGFR1,Fibroblast Growth Factor Receptor 1,Protein Coding,20.525017,100
MMP2,Matrix Metallopeptidase 2,Protein Coding,20.520445,100
EGF,Epidermal Growth Factor,Protein Coding,20.505201,100
HRAS,"HRas Proto-Oncogene, GTPase",Protein Coding,20.419973,100
MIR216A,MicroRNA 216a,RNA Gene,20.316193,56
ALK,ALK Receptor Tyrosine Kinase,Protein Coding,20.234108,100
CDKN1A,Cyclin Dependent Kinase Inhibitor 1A,Protein Coding,20.210472,90
MIR145,MicroRNA 145,RNA Gene,20.160912,72
PDGFRA,Platelet Derived Growth Factor Receptor Alpha,Protein Coding,20.051285,100
MIR214,MicroRNA 214,RNA Gene,19.997164,66
MAPK1,Mitogen-Activated Protein Kinase 1,Protein Coding,19.993118,94
ENSG00000216663,Hepatocellular Carcinoma-Related Putative Tumor Suppressor (LPTS) Pseudogene,Pseudogene,19.974623,19
FKSG49,Hepatocellular Carcinoma-Associated Antigen HCA25b,Protein Coding,19.974623,4
PRKACA,Protein Kinase CAMP-Activated Catalytic Subunit Alpha,Protein Coding,19.971485,96
MCM3AP-AS1,MCM3AP Antisense RNA 1,RNA Gene,19.870121,65
MIR203A,MicroRNA 203a,RNA Gene,19.86766,63
LINC00473,Long Intergenic Non-Protein Coding RNA 473,RNA Gene,19.767422,75
KIT,"KIT Proto-Oncogene, Receptor Tyrosine Kinase",Protein Coding,19.557184,100
MIR222,MicroRNA 222,RNA Gene,19.511719,66
NFE2L2,NFE2 Like BZIP Transcription Factor 2,Protein Coding,19.471046,100
HAGLR,HOXD Antisense Growth-Associated Long Non-Coding RNA,RNA Gene,19.46919,53
MIR93,MicroRNA 93,RNA Gene,19.437042,64
KRT19,Keratin 19,Protein Coding,19.345137,81
CASC9,Cancer Susceptibility 9,RNA Gene,19.286665,53
SRC,"SRC Proto-Oncogene, Non-Receptor Tyrosine Kinase",Protein Coding,19.23245,97
MIR200B,MicroRNA 200b,RNA Gene,19.214233,68
MIR183,MicroRNA 183,RNA Gene,19.192158,61
RAD50,RAD50 Double Strand Break Repair Protein,Protein Coding,19.081104,100
SMAD7,SMAD Family Member 7,Protein Coding,19.037825,93
MIR27A,MicroRNA 27a,RNA Gene,18.94874,66
MIR155,MicroRNA 155,RNA Gene,18.846016,62
LINC00958,Long Intergenic Non-Protein Coding RNA 958,RNA Gene,18.820745,52
SERPINA1,Serpin Family A Member 1,Protein Coding,18.806822,100
MIR223,MicroRNA 223,RNA Gene,18.795696,66
NR2F1-AS1,NR2F1 Regulatory Antisense RNA 1,RNA Gene,18.792267,64
HOTTIP,HOXA Distal Transcript Antisense RNA,RNA Gene,18.705906,59
MIR182,MicroRNA 182,RNA Gene,18.699745,65
MIAT,Myocardial Infarction Associated Transcript,RNA Gene,18.69724,60
DGCR5,DiGeorge Syndrome Critical Region Gene 5,RNA Gene,18.681555,56
NEAT1,Nuclear Paraspeckle Assembly Transcript 1,RNA Gene,18.657549,65
NF1,Neurofibromin 1,Protein Coding,18.657547,100
GSK3B,Glycogen Synthase Kinase 3 Beta,Protein Coding,18.655582,96
MIR142,MicroRNA 142,RNA Gene,18.59881,64
ZFPM2-AS1,ZFPM2 Antisense RNA 1,RNA Gene,18.575903,65
KRT20,Keratin 20,Protein Coding,18.560677,67
YAP1,Yes1 Associated Transcriptional Regulator,Protein Coding,18.517754,93
CRP,C-Reactive Protein,Protein Coding,18.49275,87
RAF1,"Raf-1 Proto-Oncogene, Serine/Threonine Kinase",Protein Coding,18.472042,100
MIR126,MicroRNA 126,RNA Gene,18.470598,68
MIR4435-2HG,MIR4435-2 Host Gene,RNA Gene,18.439383,54
SNHG5,Small Nucleolar RNA Host Gene 5,RNA Gene,18.37295,57
MIR212,MicroRNA 212,RNA Gene,18.361622,63
MIR31,MicroRNA 31,RNA Gene,18.356693,65
FAH,Fumarylacetoacetate Hydrolase,Protein Coding,18.295698,88
MAPK3,Mitogen-Activated Protein Kinase 3,Protein Coding,18.253536,94
MIR106B,MicroRNA 106b,RNA Gene,18.202387,65
MSC-AS1,MSC Antisense RNA 1,RNA Gene,18.172478,59
MIR200A,MicroRNA 200a,RNA Gene,18.158566,63
MIR148A,MicroRNA 148a,RNA Gene,18.15643,65
CTLA4,Cytotoxic T-Lymphocyte Associated Protein 4,Protein Coding,18.153131,100
LINC00261,Long Intergenic Non-Protein Coding RNA 261,RNA Gene,18.092869,55
LINC01554,Long Intergenic Non-Protein Coding RNA 1554,RNA Gene,18.029589,57
MAP2K1,Mitogen-Activated Protein Kinase Kinase 1,Protein Coding,18.022776,100
PTK2,Protein Tyrosine Kinase 2,Protein Coding,17.969597,96
MIR23B,MicroRNA 23b,RNA Gene,17.96518,60
PTPN11,Protein Tyrosine Phosphatase Non-Receptor Type 11,Protein Coding,17.959154,100
NR1H4,Nuclear Receptor Subfamily 1 Group H Member 4,Protein Coding,17.892267,100
MIR23A,MicroRNA 23a,RNA Gene,17.854801,67
NTRK1,Neurotrophic Receptor Tyrosine Kinase 1,Protein Coding,17.84518,100
MIR150,MicroRNA 150,RNA Gene,17.801973,64
FGFR4,Fibroblast Growth Factor Receptor 4,Protein Coding,17.786943,96
NBN,Nibrin,Protein Coding,17.767075,100
BCYRN1,Brain Cytoplasmic RNA 1,RNA Gene,17.757254,57
MIR320A,MicroRNA 320a,RNA Gene,17.691238,63
MIR26A1,MicroRNA 26a-1,RNA Gene,17.678295,68
MIR30A,MicroRNA 30a,RNA Gene,17.584776,63
MIR25,MicroRNA 25,RNA Gene,17.578735,59
LINC00511,Long Intergenic Non-Protein Coding RNA 511,RNA Gene,17.51549,52
TNF,Tumor Necrosis Factor,Protein Coding,17.514542,91
AGO2,Argonaute RISC Catalytic Component 2,Protein Coding,17.513683,95
SBF2-AS1,SBF2 Antisense RNA 1,RNA Gene,17.511105,65
PCBP1-AS1,PCBP1 Antisense RNA 1,RNA Gene,17.505293,53
MIR141,MicroRNA 141,RNA Gene,17.471848,63
MIR494,MicroRNA 494,RNA Gene,17.42482,59
CDK4,Cyclin Dependent Kinase 4,Protein Coding,17.41657,100
MIR96,MicroRNA 96,RNA Gene,17.399548,62
MIR9-2,MicroRNA 9-2,RNA Gene,17.28653,57
IDH2,Isocitrate Dehydrogenase (NADP(+)) 2,Protein Coding,17.26569,99
ROS1,"ROS Proto-Oncogene 1, Receptor Tyrosine Kinase",Protein Coding,17.249321,97
TMPO-AS1,TMPO Antisense RNA 1,RNA Gene,17.243534,59
DDX11-AS1,DDX11 Antisense RNA 1,RNA Gene,17.184687,52
THORLNC,Testis Associated Oncogenic LncRNA,RNA Gene,17.121372,56
GNAS,GNAS Complex Locus,Protein Coding,17.120077,100
MDM2,MDM2 Proto-Oncogene,Protein Coding,17.032326,100
MIRLET7B,MicroRNA Let-7b,RNA Gene,17.012688,66
PBRM1,Polybromo 1,Protein Coding,17.00659,95
DLGAP1-AS1,DLGAP1 Antisense RNA 1,RNA Gene,16.949139,53
MIR30E,MicroRNA 30e,RNA Gene,16.898418,65
MIR125B1,MicroRNA 125b-1,RNA Gene,16.861258,67
EIF3J-DT,EIF3J Divergent Transcript,RNA Gene,16.785553,52
FEZF1-AS1,FEZF1 Antisense RNA 1,RNA Gene,16.784546,58
MIR500A,MicroRNA 500a,RNA Gene,16.73451,55
HOXA11-AS,HOXA11 Antisense RNA,RNA Gene,16.71096,57
FASLG,Fas Ligand,Protein Coding,16.696066,100
PRMT5,Protein Arginine Methyltransferase 5,Protein Coding,16.691996,91
CDKN3,Cyclin Dependent Kinase Inhibitor 3,Protein Coding,16.678473,75
NORAD,Non-Coding RNA Activated By DNA Damage,RNA Gene,16.674458,57
CDKN2B-AS1,CDKN2B And CDKN2A Antisense Cis And Trans Regulatory RNA 1,RNA Gene,16.65688,61
BAP1,BRCA1 Associated Deubiquitinase 1,Protein Coding,16.64982,97
MIR24-2,MicroRNA 24-2,RNA Gene,16.647623,58
ZEB2-AS1,ZEB2 Antisense RNA 1,RNA Gene,16.579062,57
MIRLET7G,MicroRNA Let-7g,RNA Gene,16.577759,64
ST8SIA6-AS1,ST8SIA6 Antisense RNA 1,RNA Gene,16.57198,51
PVT1,Pvt1 Oncogene,RNA Gene,16.533373,66
HAGLROS,HAGLR Opposite Strand LncRNA,RNA Gene,16.532219,53
MIR31HG,MIR31 Host Gene,RNA Gene,16.521833,56
FH,Fumarate Hydratase,Protein Coding,16.48312,99
EPB41L4A-DT,EPB41L4A Divergent Transcript,RNA Gene,16.43418,50
TPX2,TPX2 Microtubule Nucleation Factor,Protein Coding,16.432196,81
GOLM1,Golgi Membrane Protein 1,Protein Coding,16.405756,65
CARMN,Cardiac Mesoderm Enhancer-Associated Non-Coding RNA,RNA Gene,16.391867,59
MIR107,MicroRNA 107,RNA Gene,16.389078,63
STK11,Serine/Threonine Kinase 11,Protein Coding,16.369097,100
SMARCA2,SWI/SNF Related BAF Chromatin Remodeling Complex Subunit ATPase 2,Protein Coding,16.349134,100
MIR143,MicroRNA 143,RNA Gene,16.317123,67
RUNX1-IT1,RUNX1 Intronic Transcript 1,RNA Gene,16.300606,50
MIR132,MicroRNA 132,RNA Gene,16.300287,65
SNHG14,Small Nucleolar RNA Host Gene 14,RNA Gene,16.296776,70
ABCB11,ATP Binding Cassette Subfamily B Member 11,Protein Coding,16.25815,100
MIR20A,MicroRNA 20a,RNA Gene,16.24223,67
ABCC2,ATP Binding Cassette Subfamily C Member 2,Protein Coding,16.178547,100
NTRK2,Neurotrophic Receptor Tyrosine Kinase 2,Protein Coding,16.1636,100
NIHCOLE,NcRNA Involved In NHEJ Oncogenic Ligation Efficiency,RNA Gene,16.161442,53
BCL2,BCL2 Apoptosis Regulator,Protein Coding,16.161339,93
BAX,"BCL2 Associated X, Apoptosis Regulator",Protein Coding,16.139935,92
FGF19,Fibroblast Growth Factor 19,Protein Coding,16.132435,77
MIR128-2,MicroRNA 128-2,RNA Gene,16.12159,55
MIR338,MicroRNA 338,RNA Gene,16.100851,59
NNT-AS1,NNT Antisense RNA 1,RNA Gene,16.080038,51
LINC-PINT,"Long Intergenic Non-Protein Coding RNA, P53 Induced Transcript",RNA Gene,16.000664,62
MIR374A,MicroRNA 374a,RNA Gene,16.000057,57
IGF2BP2,Insulin Like Growth Factor 2 MRNA Binding Protein 2,Protein Coding,15.973305,82
MIR186,MicroRNA 186,RNA Gene,15.965806,60
IGF2-AS,IGF2 Antisense RNA,RNA Gene,15.927537,57
MIR301A,MicroRNA 301a,RNA Gene,15.880741,56
CCAT2,Colon Cancer Associated Transcript 2,RNA Gene,15.879859,54
ITCH,Itchy E3 Ubiquitin Protein Ligase,Protein Coding,15.861328,100
PICSAR,P38 Inhibited Cutaneous Squamous Cell Carcinoma Associated LincRNA,RNA Gene,15.860229,52
MIR130A,MicroRNA 130a,RNA Gene,15.853971,67
MIR185,MicroRNA 185,RNA Gene,15.820208,66
MSH2,MutS Homolog 2,Protein Coding,15.808781,100
TTN-AS1,TTN Antisense RNA 1,RNA Gene,15.791875,68
CASC8,Cancer Susceptibility 8,RNA Gene,15.768236,54
LINC00472,Long Intergenic Non-Protein Coding RNA 472,RNA Gene,15.735737,58
MILIP,MYC Inducible LncRNA Inactivating P53,RNA Gene,15.69138,51
GSTM3,Glutathione S-Transferase Mu 3,Protein Coding,15.683219,81
CEBPA-DT,CEBPA Divergent Transcript,RNA Gene,15.616706,53
FIRRE,Firre Intergenic Repeating RNA Element,RNA Gene,15.606715,58
PROM1,Prominin 1,Protein Coding,15.594463,91
MIR26B,MicroRNA 26b,RNA Gene,15.564093,66
ACTA2-AS1,ACTA2 Antisense RNA 1,RNA Gene,15.564016,65
FOXM1,Forkhead Box M1,Protein Coding,15.534249,90
MIR181A1,MicroRNA 181a-1,RNA Gene,15.531616,59
NBR2,Neighbor Of BRCA1 LncRNA 2,RNA Gene,15.529158,58
MIR137,MicroRNA 137,RNA Gene,15.523289,60
MIR125B2,MicroRNA 125b-2,RNA Gene,15.509482,56
DCST1-AS1,DCST1 Antisense RNA 1,RNA Gene,15.488209,55
MIR26A2,MicroRNA 26a-2,RNA Gene,15.4667225,60
CYP3A4,Cytochrome P450 Family 3 Subfamily A Member 4,Protein Coding,15.457546,92
lnc-EPC1-4,,RNA Gene,15.4548235,32
DDR2,Discoidin Domain Receptor Tyrosine Kinase 2,Protein Coding,15.448612,95
EZH2,Enhancer Of Zeste 2 Polycomb Repressive Complex 2 Subunit,Protein Coding,15.413674,100
MTUS1,Microtubule Associated Scaffold Protein 1,Protein Coding,15.372593,65
HSPA5,Heat Shock Protein Family A (Hsp70) Member 5,Protein Coding,15.37247,88
LINC00673,Long Intergenic Non-Protein Coding RNA 673,RNA Gene,15.321594,54
MIR181B1,MicroRNA 181b-1,RNA Gene,15.291958,66
SLC25A15,Solute Carrier Family 25 Member 15,Protein Coding,15.281083,84
CRNDE,Colorectal Neoplasia Differentially Expressed,RNA Gene,15.269076,56
G6PC1,Glucose-6-Phosphatase Catalytic Subunit 1,Protein Coding,15.265353,95
MIR15A,MicroRNA 15a,RNA Gene,15.261975,66
PRR34-AS1,PRR34 Antisense RNA 1,RNA Gene,15.246278,51
SNHG17,Small Nucleolar RNA Host Gene 17,RNA Gene,15.245627,58
TLR4,Toll Like Receptor 4,Protein Coding,15.229339,96
TSPOAP1-AS1,"TSPOAP1, SUPT4H1 And RNF43 Antisense RNA 1",RNA Gene,15.171763,54
TCL6,T Cell Leukemia/Lymphoma 6,RNA Gene,15.166766,56
NTRK3,Neurotrophic Receptor Tyrosine Kinase 3,Protein Coding,15.143912,99
MIR152,MicroRNA 152,RNA Gene,15.143722,63
MIR181A2,MicroRNA 181a-2,RNA Gene,15.14281,66
OIP5-AS1,OIP5 Antisense RNA 1,RNA Gene,15.128458,58
BAIAP2-DT,BAIAP2 Divergent Transcript,RNA Gene,15.127344,51
OTUD6B-AS1,OTUD6B Antisense RNA 1,RNA Gene,15.127344,51
ABCB4,ATP Binding Cassette Subfamily B Member 4,Protein Coding,15.116907,98
MIR127,MicroRNA 127,RNA Gene,15.115909,61
MIR136,MicroRNA 136,RNA Gene,15.09189,60
TMCC1-DT,TMCC1 Divergent Transcript,RNA Gene,15.072895,52
TM6SF2,Transmembrane 6 Superfamily Member 2,Protein Coding,15.044361,59
BECN1,Beclin 1,Protein Coding,15.044183,86
ABCC6,ATP Binding Cassette Subfamily C Member 6,Protein Coding,15.024197,97
DKK1,Dickkopf Wnt Signaling Pathway Inhibitor 1,Protein Coding,15.014298,86
TTF1,Transcription Termination Factor 1,Protein Coding,15.013895,77
SNHG6,Small Nucleolar RNA Host Gene 6,RNA Gene,14.984595,51
MIR19A,MicroRNA 19a,RNA Gene,14.965824,65
VIRMA,Vir Like M6A Methyltransferase Associated,Protein Coding,14.946551,66
DLEU1,Deleted In Lymphocytic Leukemia 1,RNA Gene,14.9444685,56
ELF3-AS1,ELF3 Antisense RNA 1,RNA Gene,14.900634,53
DUXAP8,Double Homeobox A Pseudogene 8,Pseudogene,14.886914,49
BCAR4,Breast Cancer Anti-Estrogen Resistance 4,RNA Gene,14.865068,55
EPIST,Esophagus Epithelial Intergenic Associated Transcript,RNA Gene,14.856214,52
LINC00161,Long Intergenic Non-Protein Coding RNA 161,RNA Gene,14.856214,50
MTDH,Metadherin,Protein Coding,14.852453,72
FAM99A,Family With Sequence Similarity 99 Member A,RNA Gene,14.840938,52
LINC00488,Long Intergenic Non-Protein Coding RNA 488,RNA Gene,14.815698,51
ELMO1-AS1,ELMO1 Antisense RNA 1,RNA Gene,14.815698,49
CASP9,Caspase 9,Protein Coding,14.802741,94
SMO,"Smoothened, Frizzled Class Receptor",Protein Coding,14.774199,100
CDK1,Cyclin Dependent Kinase 1,Protein Coding,14.771916,90
E2F1,E2F Transcription Factor 1,Protein Coding,14.754161,90
SNHG3,Small Nucleolar RNA Host Gene 3,RNA Gene,14.753122,60
MIR205,MicroRNA 205,RNA Gene,14.749751,62
HOTAIRM1,"HOXA Transcript Antisense RNA, Myeloid-Specific 1",RNA Gene,14.747853,56
MIR324,MicroRNA 324,RNA Gene,14.727402,61
AKR1B10,Aldo-Keto Reductase Family 1 Member B10,Protein Coding,14.70173,73
JAK1,Janus Kinase 1,Protein Coding,14.682789,100
MIRLET7A1,MicroRNA Let-7a-1,RNA Gene,14.658844,63
WEE2-AS1,WEE2 Antisense RNA 1,RNA Gene,14.6482525,59
NRG1,Neuregulin 1,Protein Coding,14.62894,96
ADAMTS9-AS2,ADAMTS9 Antisense RNA 2,RNA Gene,14.62892,57
MIR194-2HG,MIR194-2 Host Gene,RNA Gene,14.62892,55
PHACTR2-AS1,PHACTR2 Antisense RNA 1,RNA Gene,14.62892,53
CDR1-AS,CDR1 Antisense RNA,RNA Gene,14.59805,48
MIR9-2HG,MIR9-2 Host Gene,RNA Gene,14.57623,58
ESR1,Estrogen Receptor 1,Protein Coding,14.576026,100
LINC00665,Long Intergenic Non-Protein Coding RNA 665,RNA Gene,14.563655,53
MINCR,MYC-Induced Long Non-Coding RNA,RNA Gene,14.553947,53
PLAU,"Plasminogen Activator, Urokinase",Protein Coding,14.5299225,99
MIR181C,MicroRNA 181c,RNA Gene,14.511586,64
KLF4,KLF Transcription Factor 4,Protein Coding,14.505326,90
MIRLET7E,MicroRNA Let-7e,RNA Gene,14.502298,62
HCG18,HLA Complex Group 18,RNA Gene,14.497365,53
LINC00707,Long Intergenic Non-Protein Coding RNA 707,RNA Gene,14.495739,50
ERBB4,Erb-B2 Receptor Tyrosine Kinase 4,Protein Coding,14.485912,100
KDM4A-AS1,KDM4A Antisense RNA 1,RNA Gene,14.485682,53
SLC2A1-DT,SLC2A1 Divergent Transcript,RNA Gene,14.482477,55
PEG10,Paternally Expressed 10,Protein Coding,14.43433,72
MIRLET7D,MicroRNA Let-7d,RNA Gene,14.432889,59
MKLN1-AS,MKLN1 Antisense RNA,RNA Gene,14.426566,53
HNF1A,HNF1 Homeobox A,Protein Coding,14.400706,99
MIR124-2,MicroRNA 124-2,RNA Gene,14.394835,57
LINC00844,Long Intergenic Non-Protein Coding RNA 844,RNA Gene,14.391428,51
PARP1,Poly(ADP-Ribose) Polymerase 1,Protein Coding,14.367093,96
YY1AP1,YY1 Associated Protein 1,Protein Coding,14.332144,78
HAND2-AS1,HAND2 Antisense RNA 1,RNA Gene,14.3269205,61
DLEU2,Deleted In Lymphocytic Leukemia 2,RNA Gene,14.303629,57
SIRT1,Sirtuin 1,Protein Coding,14.295406,97
LINC00339,Long Intergenic Non-Protein Coding RNA 339,RNA Gene,14.287692,53
GLUL,Glutamate-Ammonia Ligase,Protein Coding,14.274218,98
RMRP,RNA Component Of Mitochondrial RNA Processing Endoribonuclease,RNA Gene,14.249926,69
SPP1,Secreted Phosphoprotein 1,Protein Coding,14.236597,86
LINC02870,Long Intergenic Non-Protein Coding RNA 2870,RNA Gene,14.232348,53
LINC00221,Long Intergenic Non-Protein Coding RNA 221,RNA Gene,14.232348,52
LINC00668,Long Intergenic Non-Protein Coding RNA 668,RNA Gene,14.232348,50
FOXP3,Forkhead Box P3,Protein Coding,14.223028,93
CHEK2,Checkpoint Kinase 2,Protein Coding,14.214203,100
CACNA1G-AS1,CACNA1G Antisense RNA 1,RNA Gene,14.211348,56
SMAD3,SMAD Family Member 3,Protein Coding,14.200218,100
IGF2,Insulin Like Growth Factor 2,Protein Coding,14.198069,98
FOXD2-AS1,FOXD2 Adjacent Opposite Strand RNA 1,RNA Gene,14.197375,53
CCNL2,Cyclin L2,Protein Coding,14.195824,71
MIR151A,MicroRNA 151a,RNA Gene,14.177241,58
ASS1,Argininosuccinate Synthase 1,Protein Coding,14.171129,100
ZEB1-AS1,ZEB1 Antisense RNA 1,RNA Gene,14.170682,55
LINC01419,Long Intergenic Non-Protein Coding RNA 1419,RNA Gene,14.170682,53
CALCA,Calcitonin Related Polypeptide Alpha,Protein Coding,14.165358,80
LINC01089,Long Intergenic Non-Protein Coding RNA 1089,RNA Gene,14.140003,54
SOX2-OT,SOX2 Overlapping Transcript,RNA Gene,14.135302,68
DNM3OS,DNM3 Opposite Strand/Antisense RNA,RNA Gene,14.135302,60
HOXA-AS2,HOXA Cluster Antisense RNA 2,RNA Gene,14.135302,56
CXCL8,C-X-C Motif Chemokine Ligand 8,Protein Coding,14.12628,88
CDKN1B,Cyclin Dependent Kinase Inhibitor 1B,Protein Coding,14.114768,100
MIR103A2,MicroRNA 103a-2,RNA Gene,14.096168,55
MIR148B,MicroRNA 148b,RNA Gene,14.091996,62
LINC00963,Long Intergenic Non-Protein Coding RNA 963,RNA Gene,14.091996,52
SFTA1P,"Surfactant Associated 1, LncRNA",RNA Gene,14.061713,51
TINCR,TINCR Ubiquitin Domain Containing,Protein Coding,14.061713,50
LNCRNA-ATB,LncRNA Activated By TGF-Beta,RNA Gene,14.058308,48
LINC00857,Long Intergenic Non-Protein Coding RNA 857,RNA Gene,14.051748,53
TRERNA1,Translation Regulatory Long Non-Coding RNA 1,RNA Gene,14.051748,52
AURKA,Aurora Kinase A,Protein Coding,14.048958,91
MAPK8,Mitogen-Activated Protein Kinase 8,Protein Coding,14.014768,94
MIR22HG,MIR22 Host Gene,RNA Gene,14.006206,58
MYLK,Myosin Light Chain Kinase,Protein Coding,13.994716,100
ERBIN,Erbb2 Interacting Protein,Protein Coding,13.967814,99
ZFR,Zinc Finger RNA Binding Protein,Protein Coding,13.939372,79
MIRLET7A2,MicroRNA Let-7a-2,RNA Gene,13.939372,58
IFNG,Interferon Gamma,Protein Coding,13.913119,89
PTGER2,Prostaglandin E Receptor 2,Protein Coding,13.909089,80
MIR99A,MicroRNA 99a,RNA Gene,13.909089,58
SNHG20,Small Nucleolar RNA Host Gene 20,RNA Gene,13.909089,58
MIRLET7A3,MicroRNA Let-7a-3,RNA Gene,13.909089,54
MT1JP,"Metallothionein 1J, Pseudogene",Pseudogene,13.909089,50
PCAT6,Prostate Cancer Associated Transcript 6,RNA Gene,13.908008,51
KIF1B,Kinesin Family Member 1B,Protein Coding,13.879919,97
NRAV,Negative Regulator Of Antiviral Response,RNA Gene,13.876554,52
LINC01139,Long Intergenic Non-Protein Coding RNA 1139,RNA Gene,13.876554,51
MNX1-AS1,MNX1 Antisense RNA 1,RNA Gene,13.875432,52
GSTP1,Glutathione S-Transferase Pi 1,Protein Coding,13.849554,94
AFAP1-AS1,AFAP1 Antisense RNA 1,RNA Gene,13.843787,56
NBAT1,Neuroblastoma Associated Transcript 1,RNA Gene,13.841173,53
NKILA,NF-KappaB Interacting LncRNA,RNA Gene,13.824453,53
BLACAT1,BLACAT1 Overlapping LEMD1 Locus,Protein Coding,13.824453,38
IFNL3,Interferon Lambda 3,Protein Coding,13.821791,67
HLA-DQB1-AS1,HLA-DQB1 Antisense RNA 1,RNA Gene,13.808079,52
XIAP,X-Linked Inhibitor Of Apoptosis,Protein Coding,13.792809,100
HCG11,HLA Complex Group 11,RNA Gene,13.771764,53
TRG-AS1,TRG Antisense RNA 1,RNA Gene,13.771764,51
UBAP2,Ubiquitin Associated Protein 2,Protein Coding,13.770553,67
HOXB-AS3,HOXB Cluster Antisense RNA 3,RNA Gene,13.770553,64
DARS1-AS1,DARS1 Antisense RNA 1,RNA Gene,13.770553,55
SPRY4-IT1,SPRY4 Intronic Transcript 1,RNA Gene,13.770553,51
IL10,Interleukin 10,Protein Coding,13.769701,100
CXCR4,C-X-C Motif Chemokine Receptor 4,Protein Coding,13.762022,100
LINC01134,Long Intergenic Non-Protein Coding RNA 1134,RNA Gene,13.74027,56
PTTG3P,"Pituitary Tumor-Transforming 3, Pseudogene",Pseudogene,13.74027,56
SLC16A1-AS1,SLC16A1 Antisense RNA 1,RNA Gene,13.74027,53
KRT18,Keratin 18,Protein Coding,13.73908,85
CASC11,Cancer Susceptibility 11,RNA Gene,13.672355,60
MEG8,"Maternally Expressed 8, Small Nucleolar RNA Host Gene",RNA Gene,13.672355,59
MIR1-2,MicroRNA 1-2,RNA Gene,13.672355,55
LINC00467,Long Intergenic Non-Protein Coding RNA 467,RNA Gene,13.672355,53
MANCR,Mitotically Associated Long Non Coding RNA,RNA Gene,13.672355,53
RHPN1-AS1,RHPN1 Antisense RNA 1,RNA Gene,13.672355,52
CERS6-AS1,CERS6 Antisense RNA 1,RNA Gene,13.634278,51
MIR30C1,MicroRNA 30c-1,RNA Gene,13.63322,66
MAPKAPK5-AS1,MAPKAPK5 Antisense RNA 1,RNA Gene,13.63322,54
METTL3,"Methyltransferase 3, N6-Adenosine-Methyltransferase Complex Catalytic Subunit",Protein Coding,13.630522,75
FLT1,Fms Related Receptor Tyrosine Kinase 1,Protein Coding,13.626719,97
STAT1,Signal Transducer And Activator Of Transcription 1,Protein Coding,13.583404,100
FER1L4,Fer-1 Like Family Member 4 (Pseudogene),Pseudogene,13.578935,55
TGFBR2,Transforming Growth Factor Beta Receptor 2,Protein Coding,13.559911,100
SNHG12,Small Nucleolar RNA Host Gene 12,RNA Gene,13.548652,59
HNF4A,Hepatocyte Nuclear Factor 4 Alpha,Protein Coding,13.52127,100
GLMP,Glycosylated Lysosomal Membrane Protein,Protein Coding,13.519502,60
SNHG15,Small Nucleolar RNA Host Gene 15,RNA Gene,13.516116,58
SNHG7,Small Nucleolar RNA Host Gene 7,RNA Gene,13.516116,58
DIO3OS,DIO3 Opposite Strand Upstream RNA,RNA Gene,13.516116,56
MAGI2-AS3,MAGI2 Antisense RNA 3,RNA Gene,13.516116,54
LINC00205,Long Intergenic Non-Protein Coding RNA 205,RNA Gene,13.516116,53
EFNA1,Ephrin A1,Protein Coding,13.480736,81
HIPK3,Homeodomain Interacting Protein Kinase 3,Protein Coding,13.480736,76
ZNF281,Zinc Finger Protein 281,Protein Coding,13.480736,70
BRCA1,BRCA1 DNA Repair Associated,Protein Coding,13.463929,100
FGL1,Fibrinogen Like 1,Protein Coding,13.460331,65
FENDRR,FOXF1 Adjacent Non-Coding Developmental Regulatory RNA,RNA Gene,13.441602,56
HCP5,HLA Complex P5,RNA Gene,13.441602,55
LEF1-AS1,LEF1 Antisense RNA 1,RNA Gene,13.441602,53
WAC-AS1,WAC Antisense RNA 1,RNA Gene,13.441602,53
LINC01116,Long Intergenic Non-Protein Coding RNA 1116,RNA Gene,13.441602,52
PTPN6,Protein Tyrosine Phosphatase Non-Receptor Type 6,Protein Coding,13.421275,94
ILF3-DT,ILF3 Divergent Transcript,RNA Gene,13.406984,53
LINC00174,Long Intergenic Non-Protein Coding RNA 174,RNA Gene,13.406881,52
ADAMTS14,ADAM Metallopeptidase With Thrombospondin Type 1 Motif 14,Protein Coding,13.397182,74
MYLK-AS1,MYLK Antisense RNA 1,RNA Gene,13.397182,64
FGD5-AS1,FGD5 Antisense RNA 1,RNA Gene,13.397182,53
FOXP4-AS1,FOXP4 Antisense RNA 1,RNA Gene,13.397182,53
LINC02580,Long Intergenic Non-Protein Coding RNA 2580,RNA Gene,13.397182,53
SNAI3-AS1,SNAI3 Antisense RNA 1,RNA Gene,13.397182,53
MIR210HG,MIR210 Host Gene,RNA Gene,13.397182,52
GAS6-DT,GAS6 Divergent Transcript,RNA Gene,13.397182,51
SUMO1P3,SUMO1 Pseudogene 3,Pseudogene,13.397182,48
PANTR1,POU3F3 Adjacent Non-Coding Transcript 1,RNA Gene,13.380082,56
SNHG18,Small Nucleolar RNA Host Gene 18,RNA Gene,13.380082,53
SLC5A5,Solute Carrier Family 5 Member 5,Protein Coding,13.35164,88
SNAI1,Snail Family Transcriptional Repressor 1,Protein Coding,13.34023,79
GAPLINC,"Gastric Adenocarcinoma Associated, Positive CD44 Regulator, Long Intergenic Non-Coding RNA",RNA Gene,13.329139,52
PTH,Parathyroid Hormone,Protein Coding,13.317316,80
ZEB1,Zinc Finger E-Box Binding Homeobox 1,Protein Coding,13.300321,99
MIR219A1,MicroRNA 219a-1,RNA Gene,13.288821,59
CD44,CD44 Molecule (IN Blood Group),Protein Coding,13.286629,97
TWIST1,Twist Family BHLH Transcription Factor 1,Protein Coding,13.28488,97
AR,Androgen Receptor,Protein Coding,13.259261,100
TCEAL1,Transcription Elongation Factor A Like 1,Protein Coding,13.253442,56
BACE1-AS,BACE1 Antisense RNA,RNA Gene,13.253442,54
LOXL1-AS1,LOXL1 Antisense RNA 1,RNA Gene,13.253442,54
PINX1,PIN2 (TERF1) Interacting Telomerase Inhibitor 1,Protein Coding,13.247651,70
TLK1,Tousled Like Kinase 1,Protein Coding,13.214307,77
UFC1,Ubiquitin-Fold Modifier Conjugating Enzyme 1,Protein Coding,13.214307,60
MAGEC2,MAGE Family Member C2,Protein Coding,13.180693,55
HOMER1,Homer Scaffold Protein 1,Protein Coding,13.169888,81
HELZ,Helicase With Zinc Finger,Protein Coding,13.169888,73
RUSC1-AS1,RUSC1 Antisense RNA 1,RNA Gene,13.169888,57
SNHG8,Small Nucleolar RNA Host Gene 8,RNA Gene,13.169888,56
PART1,Prostate Androgen-Regulated Transcript 1,RNA Gene,13.169888,55
SNHG9,Small Nucleolar RNA Host Gene 9,RNA Gene,13.169888,54
HOXB-AS1,HOXB Cluster Antisense RNA 1,RNA Gene,13.169888,53
LUCAT1,Lung Cancer Associated Transcript 1,RNA Gene,13.169888,53
ZNF667-AS1,ZNF667 Antisense RNA 1,RNA Gene,13.169888,53
TRIM52-AS1,TRIM52 Antisense RNA 1,RNA Gene,13.169888,52
GIHCG,GIHCG Inhibitor Of MiR-200b/200a/429 Expression,RNA Gene,13.169888,51
SNHG4,Small Nucleolar RNA Host Gene 4,RNA Gene,13.169888,51
MYO7B-AS1,MYO7B Antisense RNA 1,RNA Gene,13.169888,48
CDK2,Cyclin Dependent Kinase 2,Protein Coding,13.164341,91
GABPB1,GA Binding Protein Transcription Factor Subunit Beta 1,Protein Coding,13.117198,71
F11-AS1,F11 Antisense RNA 1,RNA Gene,13.117198,65
CTBP1-DT,CTBP1 Divergent Transcript,RNA Gene,13.117198,63
DBH-AS1,DBH Antisense RNA 1,RNA Gene,13.117198,61
ZSCAN16-AS1,ZSCAN16 Antisense RNA 1,RNA Gene,13.117198,58
RNF32-DT,RNF32 Divergent Transcript,RNA Gene,13.117198,57
NPSR1-AS1,NPSR1 Antisense RNA 1,RNA Gene,13.117198,56
ADORA2A-AS1,ADORA2A Antisense RNA 1,RNA Gene,13.117198,55
TPT1-AS1,TPT1 Antisense RNA 1,RNA Gene,13.117198,55
LINC01559,Long Intergenic Non-Protein Coding RNA 1559,RNA Gene,13.117198,54
BBOX1-AS1,BBOX1 Antisense RNA 1,RNA Gene,13.117198,53
FAM99B,Family With Sequence Similarity 99 Member B,RNA Gene,13.117198,53
GMDS-DT,GMDS Divergent Transcript,RNA Gene,13.117198,53
HOXA-AS3,HOXA Cluster Antisense RNA 3,RNA Gene,13.117198,53
KIF9-AS1,KIF9 Antisense RNA 1,RNA Gene,13.117198,53
LINC00460,Long Intergenic Non-Protein Coding RNA 460,RNA Gene,13.117198,53
LINC00882,Long Intergenic Non-Protein Coding RNA 882,RNA Gene,13.117198,53
LINC01133,Long Intergenic Non-Protein Coding RNA 1133,RNA Gene,13.117198,53
LINC01572,Long Intergenic Non-Protein Coding RNA 1572,RNA Gene,13.117198,53
PTPRG-AS1,PTPRG Antisense RNA 1,RNA Gene,13.117198,53
TMEM220-AS1,TMEM220 Antisense RNA 1,RNA Gene,13.117198,53
LINC01348,Long Intergenic Non-Protein Coding RNA 1348,RNA Gene,13.117198,52
PCED1B-AS1,PCED1B Antisense RNA 1,RNA Gene,13.117198,52
PITPNA-AS1,PITPNA Antisense RNA 1,RNA Gene,13.117198,52
PTENP1,Phosphatase And Tensin Homolog Pseudogene 1,Pseudogene,13.117198,52
TP53TG1,TP53 Target 1,RNA Gene,13.117198,52
LINC00667,Long Intergenic Non-Protein Coding RNA 667,RNA Gene,13.117198,51
LINC02362,Long Intergenic Non-Protein Coding RNA 2362,RNA Gene,13.117198,51
DUXAP9,Double Homeobox A Pseudogene 9,Pseudogene,13.117198,49
UBE2CP3,Ubiquitin Conjugating Enzyme E2 C Pseudogene 3,Pseudogene,13.117198,49
ASAP1-IT1,ASAP1 Intronic Transcript 1,RNA Gene,13.117198,47
C20orf204,Chromosome 20 Open Reading Frame 204,Protein Coding,13.117198,35
MIR181B2,MicroRNA 181b-2,RNA Gene,13.101323,58
MIR373,MicroRNA 373,RNA Gene,13.093598,58
SQSTM1,Sequestosome 1,Protein Coding,13.067518,100
POU3F3,POU Class 3 Homeobox 3,Protein Coding,13.055424,80
ZNF561-AS1,ZNF561 Antisense RNA 1,RNA Gene,13.055424,52
USP2-AS1,USP2 Antisense RNA 1,RNA Gene,13.048532,60
MACC1-AS1,MACC1 Antisense RNA 1,RNA Gene,13.048532,51
THADA,THADA Armadillo Repeat Containing,Protein Coding,13.032657,72
TP53COR1,Tumor Protein P53 Pathway Corepressor 1,RNA Gene,12.992605,48
EXOSC2,Exosome Component 2,Protein Coding,12.957225,87
LINC00839,Long Intergenic Non-Protein Coding RNA 839,RNA Gene,12.957225,51
SYBU-AS1,SYBU Antisense RNA 1,RNA Gene,12.957225,49
MT-LIPCAR,Mitochondrially Encoded Long Non-Coding Cardiac Associated RNA,RNA Gene,12.957225,35
EPAS1,Endothelial PAS Domain Protein 1,Protein Coding,12.956489,100
HYCC1,Hyccin PI4KA Lipid Kinase Complex Subunit 1,Protein Coding,12.918091,72
GFOD3P,"Gfo/Idh/MocA-Like Oxidoreductase Domain Containing 3, Pseudogene",Pseudogene,12.918091,49
LINC-ROR,"Long Intergenic Non-Protein Coding RNA, Regulator Of Reprogramming",RNA Gene,12.915615,57
BCL2L1,BCL2 Like 1,Protein Coding,12.890837,92
LINC00922,Long Intergenic Non-Protein Coding RNA 922,RNA Gene,12.873672,53
LINC01152,Long Intergenic Non-Protein Coding RNA 1152,RNA Gene,12.873672,52
DUXAP10,Double Homeobox A Pseudogene 10,Pseudogene,12.873672,49
TOP2A,DNA Topoisomerase II Alpha,Protein Coding,12.840361,93
MYCNOS,MYCN Opposite Strand,RNA Gene,12.820982,71
TATDN1,TatD DNase Domain Containing 1,Protein Coding,12.820982,65
TONSL-AS1,TONSL Antisense RNA 1,RNA Gene,12.820982,64
DLX6-AS1,DLX6 Antisense RNA 1,RNA Gene,12.820982,63
DSCR8,Down Syndrome Critical Region 8,RNA Gene,12.820982,55
UBE2R2-AS1,UBE2R2 Antisense RNA 1,RNA Gene,12.820982,55
LINC00624,Long Intergenic Non-Protein Coding RNA 624,RNA Gene,12.820982,54
LINC00491,Long Intergenic Non-Protein Coding RNA 491,RNA Gene,12.820982,53
MELTF-AS1,MELTF Antisense RNA 1,RNA Gene,12.820982,53
OSER1-DT,OSER1 Divergent Transcript,RNA Gene,12.820982,53
SAMD12-AS1,SAMD12 Antisense RNA 1,RNA Gene,12.820982,53
SEMA3B-AS1,SEMA3B Antisense RNA 1,RNA Gene,12.820982,53
SOX9-AS1,SOX9 Antisense RNA 1,RNA Gene,12.820982,53
VPS9D1-AS1,VPS9D1 Antisense RNA 1,RNA Gene,12.820982,53
A1BG-AS1,A1BG Antisense RNA 1,RNA Gene,12.820982,52
CDIPTOSP,"CDIP Transferase Opposite Strand, Pseudogene",Pseudogene,12.820982,52
EWSAT1,Ewing Sarcoma Associated Transcript 1,RNA Gene,12.820982,52
LINC01093,Long Intergenic Non-Protein Coding RNA 1093,RNA Gene,12.820982,52
IGFL2-AS1,IGFL2 Antisense RNA 1,RNA Gene,12.820982,51
PCNAP1,Proliferating Cell Nuclear Antigen Pseudogene 1,Pseudogene,12.820982,51
HAR1B,Highly Accelerated Region 1B,RNA Gene,12.820982,50
ZNF674-AS1,ZNF674 Antisense RNA 1,RNA Gene,12.820982,50
TUBA1B-AS1,TUBA1B Antisense RNA 1,RNA Gene,12.820982,49
PRR11-AS1,PRR11 Antisense RNA 1,RNA Gene,12.820982,48
LOC107985656,Uncharacterized LOC107985656,RNA Gene,12.820982,28
PKM,Pyruvate Kinase M1/2,Protein Coding,12.816334,93
PSTPIP1,Proline-Serine-Threonine Phosphatase Interacting Protein 1,Protein Coding,12.7523155,96
TCTN2,Tectonic Family Member 2,Protein Coding,12.7523155,82
ZNF292,Zinc Finger Protein 292,Protein Coding,12.7523155,78
SNHG22,Small Nucleolar RNA Host Gene 22,RNA Gene,12.7523155,65
LPAL2,Lipoprotein(A) Like 2 (Pseudogene),Pseudogene,12.7523155,59
MIR34AHG,MIR34A Host Gene,RNA Gene,12.7523155,58
ARHGAP5-AS1,ARHGAP5 Antisense RNA 1 (Head To Head),RNA Gene,12.7523155,57
LINC00470,Long Intergenic Non-Protein Coding RNA 470,RNA Gene,12.7523155,57
MIRLET7F2,MicroRNA Let-7f-2,RNA Gene,12.7523155,57
SCARNA10,Small Cajal Body-Specific RNA 10,RNA Gene,12.7523155,57
TSPEAR-AS1,TSPEAR Antisense RNA 1,RNA Gene,12.7523155,57
AIRN,Antisense Of IGF2R Non-Protein Coding RNA,RNA Gene,12.7523155,56
NIFK-AS1,NIFK Antisense RNA 1,RNA Gene,12.7523155,56
THAP9-AS1,THAP9 Antisense RNA 1,RNA Gene,12.7523155,56
OR3A4P,Olfactory Receptor Family 3 Subfamily A Member 4 Pseudogene,Pseudogene,12.7523155,55
ICAM4-AS1,ICAM4 Antisense RNA 1,RNA Gene,12.7523155,54
RBM5-AS1,RBM5 Antisense RNA 1,RNA Gene,12.7523155,54
ZNF204P,"Zinc Finger Protein 204, Pseudogene",Pseudogene,12.7523155,54
ASMTL-AS1,ASMTL Antisense RNA 1,RNA Gene,12.7523155,53
CCDC144NL-AS1,CCDC144NL Antisense RNA 1,RNA Gene,12.7523155,53
GACAT3,Gastric Cancer Associated Transcript 3,RNA Gene,12.7523155,53
GASAL1,Growth Arrest Associated LncRNA 1,RNA Gene,12.7523155,53
GATA3-AS1,GATA3 Antisense RNA 1,RNA Gene,12.7523155,53
HCG15,HLA Complex Group 15,RNA Gene,12.7523155,53
HHIP-AS1,HHIP Antisense RNA 1,RNA Gene,12.7523155,53
ID2-AS1,ID2 Antisense RNA 1,RNA Gene,12.7523155,53
KTN1-AS1,KTN1 Antisense RNA 1,RNA Gene,12.7523155,53
LINC00355,Long Intergenic Non-Protein Coding RNA 355,RNA Gene,12.7523155,53
LINC00520,Long Intergenic Non-Protein Coding RNA 520,RNA Gene,12.7523155,53
LINC00858,Long Intergenic Non-Protein Coding RNA 858,RNA Gene,12.7523155,53
LINC00924,Long Intergenic Non-Protein Coding RNA 924,RNA Gene,12.7523155,53
LINC00992,Long Intergenic Non-Protein Coding RNA 992,RNA Gene,12.7523155,53
LINC01234,Long Intergenic Non-Protein Coding RNA 1234,RNA Gene,12.7523155,53
LINC01564,Long Intergenic Non-Protein Coding RNA 1564,RNA Gene,12.7523155,53
LINC01638,Long Intergenic Non-Protein Coding RNA 1638,RNA Gene,12.7523155,53
LINC02273,Long Intergenic Non-Protein Coding RNA 2273,RNA Gene,12.7523155,53
LINC02882,Long Intergenic Non-Protein Coding RNA 2882,RNA Gene,12.7523155,53
NCK1-DT,NCK1 Divergent Transcript,RNA Gene,12.7523155,53
NUTM2A-AS1,NUTM2A Antisense RNA 1,RNA Gene,12.7523155,53
PRKAG2-AS1,PRKAG2 Antisense RNA 1,RNA Gene,12.7523155,53
PRR7-AS1,PRR7 Antisense RNA 1,RNA Gene,12.7523155,53
PSMG3-AS1,PSMG3 Antisense RNA 1,RNA Gene,12.7523155,53
SAMMSON,Survival Associated Mitochondrial Melanoma Specific Oncogenic Non-Coding RNA,RNA Gene,12.7523155,53
VESTAR,VEGFC MRNA Stability Associated LncRNA,RNA Gene,12.7523155,53
CCDC183-AS1,CCDC183 Antisense RNA 1,RNA Gene,12.7523155,52
FOXD3-AS1,FOXD3 Antisense RNA 1,RNA Gene,12.7523155,52
HMMR-AS1,HMMR Antisense RNA 1,RNA Gene,12.7523155,52
LINC00244,Long Intergenic Non-Protein Coding RNA 244,RNA Gene,12.7523155,52
LINC00852,Long Intergenic Non-Protein Coding RNA 852,RNA Gene,12.7523155,52
LINC01503,Long Intergenic Non-Protein Coding RNA 1503,RNA Gene,12.7523155,52
LINC01612,Long Intergenic Non-Protein Coding RNA 1612,RNA Gene,12.7523155,52
LINC02145,Long Intergenic Non-Protein Coding RNA 2145,RNA Gene,12.7523155,52
LINC02499,Long Intergenic Non-Protein Coding RNA 2499,RNA Gene,12.7523155,52
MITA1,Metabolism Induced Tumor Activator 1,RNA Gene,12.7523155,52
NR4A1AS,NR4A1 Antisense RNA,RNA Gene,12.7523155,52
PIK3CD-AS1,PIK3CD Antisense RNA 1,RNA Gene,12.7523155,52
SACK1A-AS1,SACK1A Antisense RNA 1,RNA Gene,12.7523155,52
SLC9A3-OT1,SLC9A3 3' UTR Overlapping Transcript 1,RNA Gene,12.7523155,52
DNAJC3-DT,DNAJC3 Divergent Transcript,RNA Gene,12.7523155,51
HOMER3-AS1,HOMER3 Antisense RNA 1,RNA Gene,12.7523155,51
LINC00662,Long Intergenic Non-Protein Coding RNA 662,RNA Gene,12.7523155,51
LINC01123,Long Intergenic Non-Protein Coding RNA 1123,RNA Gene,12.7523155,51
LINC01793,Long Intergenic Non-Protein Coding RNA 1793,RNA Gene,12.7523155,51
TMCO1-AS1,TMCO1 Antisense RNA 1,RNA Gene,12.7523155,51
TUSC7,Tumor Suppressor Candidate 7,RNA Gene,12.7523155,51
WWOX-AS1,WWOX Antisense RNA 1,RNA Gene,12.7523155,51
ALKBH3-AS1,ALKBH3 Antisense RNA 1,RNA Gene,12.7523155,50
AURKAP1,Aurora Kinase A Pseudogene 1,Pseudogene,12.7523155,50
CADM1-AS1,CADM1 Antisense RNA 1,RNA Gene,12.7523155,50
CYDAER,Cytoplasmic Differentiation Associated Epidermal RNA,RNA Gene,12.7523155,50
DSCAM-AS1,DSCAM Antisense RNA 1,RNA Gene,12.7523155,50
GSTP1P1,Glutathione S-Transferase Pi 1 Pseudogene 1,Pseudogene,12.7523155,50
LINC02154,Long Intergenic Non-Protein Coding RNA 2154,RNA Gene,12.7523155,50
LINC02475,Long Intergenic Non-Protein Coding RNA 2475,RNA Gene,12.7523155,50
MROCKI,MARCKS Cis Regulating LncRNA Promoter Of Cytokines And Inflammation,RNA Gene,12.7523155,50
SNTB1-AS1,SNTB1 Antisense RNA 1,RNA Gene,12.7523155,50
TPTE2P1,TPTE2 Pseudogene 1,Pseudogene,12.7523155,50
HIF1A-AS1,HIF1A Antisense RNA 1,RNA Gene,12.7523155,49
SORBS2-AS1,SORBS2 Antisense RNA 1,RNA Gene,12.7523155,49
FAUP4,FAU Pseudogene 4,Pseudogene,12.7523155,48
LINC01189,Long Intergenic Non-Protein Coding RNA 1189,RNA Gene,12.7523155,48
LINC01608,Long Intergenic Non-Protein Coding RNA 1608,RNA Gene,12.7523155,48
RNF185-AS1,RNF185 Antisense RNA 1,RNA Gene,12.7523155,48
SPAAR,Small Regulatory Polypeptide Of Amino Acid Response,Protein Coding,12.7523155,48
LINC02835,Long Intergenic Non-Protein Coding RNA 2835,RNA Gene,12.7523155,47
NTT,Noncoding Transcript In T Cells,RNA Gene,12.7523155,47
TPTEP1,TPTE Pseudogene 1,Pseudogene,12.7523155,47
DEPDC1-AS2,DEPDC1 Antisense RNA 2,RNA Gene,12.7523155,45
IQANK1,IQ Motif And Ankyrin Repeat Containing 1,Protein Coding,12.7523155,44
SNRPFP1,Small Nuclear Ribonucleoprotein Polypeptide F Pseudogene 1,Pseudogene,12.7523155,44
TMEM238L,Transmembrane Protein 238 Like,Protein Coding,12.7523155,43
PDS5B-DT,PDS5B Divergent Transcript,RNA Gene,12.7523155,42
SENP3-EIF4A1,SENP3-EIF4A1 Readthrough (NMD Candidate),Protein Coding,12.7523155,42
CDCA3P1,CDCA3 Pseudogene 1,Pseudogene,12.7523155,36
LOC105372579,Uncharacterized LOC105372579,RNA Gene,12.7523155,36
lnc-FAM72D-3,,RNA Gene,12.7523155,30
TNFSF10,TNF Superfamily Member 10,Protein Coding,12.751473,88
ABCG2,ATP Binding Cassette Subfamily G Member 2 (JR Blood Group),Protein Coding,12.729284,93
SNHG11,Small Nucleolar RNA Host Gene 11,RNA Gene,12.691752,55
KEAP1,Kelch Like ECH Associated Protein 1,Protein Coding,12.659148,93
SLCO1B3,Solute Carrier Organic Anion Transporter Family Member 1B3,Protein Coding,12.593078,97
PPARA,Peroxisome Proliferator Activated Receptor Alpha,Protein Coding,12.592281,93
COPB2-DT,COPB2 Divergent Transcript,RNA Gene,12.58654,59
DHRS4-AS1,DHRS4 Antisense RNA 1,RNA Gene,12.58654,54
BSG-AS1,BSG Antisense RNA 1,RNA Gene,12.58654,48
HMGB1,High Mobility Group Box 1,Protein Coding,12.467615,94
TGFBR1,Transforming Growth Factor Beta Receptor 1,Protein Coding,12.444347,100
RASSF1,Ras Association Domain Family Member 1,Protein Coding,12.436002,81
HDAC1,Histone Deacetylase 1,Protein Coding,12.40995,91
LINC01672,Long Intergenic Non-Protein Coding RNA 1672,RNA Gene,12.379974,52
CERNA3,Competing Endogenous LncRNA 3 For MiR-645,RNA Gene,12.3625555,52
RB1,RB Transcriptional Corepressor 1,Protein Coding,12.310887,100
SLTM,SAFB Like Transcription Modulator,Protein Coding,12.2956295,66
MIR98,MicroRNA 98,RNA Gene,12.282154,65
GLB1,Galactosidase Beta 1,Protein Coding,12.266611,100
ANXA2,Annexin A2,Protein Coding,12.219524,90
CCNB1,Cyclin B1,Protein Coding,12.160003,89
MDK,Midkine,Protein Coding,12.155524,80
HMOX1,Heme Oxygenase 1,Protein Coding,12.123938,100
SREBF1,Sterol Regulatory Element Binding Transcription Factor 1,Protein Coding,12.1166115,100
BSG,Basigin (Ok Blood Group),Protein Coding,12.114913,90
GAS8-AS1,GAS8 Antisense RNA 1,RNA Gene,12.105853,60
ZNF385D-AS2,ZNF385D Antisense RNA 2,RNA Gene,12.105853,46
CCDC196,Coiled-Coil Domain Containing 196,Protein Coding,12.105853,43
HAMP,Hepcidin Antimicrobial Peptide,Protein Coding,12.071356,81
SLC7A11,Solute Carrier Family 7 Member 11,Protein Coding,12.068838,87
PLEKHA8P1,Pleckstrin Homology Domain Containing A8 Pseudogene 1,Pseudogene,12.037187,61
MIR124-1HG,MIR124-1 Host Gene,RNA Gene,12.037187,56
ASB16-AS1,ASB16 Antisense RNA 1,RNA Gene,12.037187,55
B3GALT5-AS1,B3GALT5 Antisense RNA 1,RNA Gene,12.037187,53
LINC01194,Long Intergenic Non-Protein Coding RNA 1194,RNA Gene,12.037187,53
HAR1A,Highly Accelerated Region 1A,RNA Gene,12.037187,51
LINC01430,Long Intergenic Non-Protein Coding RNA 1430,RNA Gene,12.037187,49
BRCA2,BRCA2 DNA Repair Associated,Protein Coding,12.026629,100
JAG1,Jagged Canonical Notch Ligand 1,Protein Coding,11.978666,100
CDH1,Cadherin 1,Protein Coding,11.9635725,100
PSMD10,"Proteasome 26S Subunit, Non-ATPase 10",Protein Coding,11.939543,70
PDPK2P,"3-Phosphoinositide Dependent Protein Kinase 2, Pseudogene",Pseudogene,11.871411,58
FBXL19-AS1,FBXL19 Antisense RNA 1,RNA Gene,11.871411,54
TLR8-AS1,TLR8 Antisense RNA 1,RNA Gene,11.871411,54
EBLN3P,"Endogenous Bornavirus Like Nucleoprotein 3, Pseudogene",Pseudogene,11.871411,53
PURPL,P53 Upregulated Regulator Of P53 Levels,RNA Gene,11.871411,53
EPS15-AS1,EPS15 Antisense RNA 1,RNA Gene,11.871411,48
RSU1P2,Ras Suppressor Protein 1 Pseudogene 2,Pseudogene,11.871411,48
MLH1,MutL Homolog 1,Protein Coding,11.870641,100
UGT1A1,UDP Glucuronosyltransferase Family 1 Member A1,Protein Coding,11.868243,99
C9orf78,Chromosome 9 Open Reading Frame 78,Protein Coding,11.86776,65
IGF1,Insulin Like Growth Factor 1,Protein Coding,11.832349,100
SLC2A1,Solute Carrier Family 2 Member 1,Protein Coding,11.82967,100
F2,"Coagulation Factor II, Thrombin",Protein Coding,11.808578,100
FBXW7,F-Box And WD Repeat Domain Containing 7,Protein Coding,11.792016,100
LGALS3,Galectin 3,Protein Coding,11.771704,85
UCHL1,Ubiquitin C-Terminal Hydrolase L1,Protein Coding,11.723312,95
DNMT1,DNA Methyltransferase 1,Protein Coding,11.717836,100
CYP1A2,Cytochrome P450 Family 1 Subfamily A Member 2,Protein Coding,11.715502,85
CASC15,Cancer Susceptibility 15,RNA Gene,11.698732,56
GNMT,Glycine N-Methyltransferase,Protein Coding,11.666765,85
IL1B,Interleukin 1 Beta,Protein Coding,11.658772,91
ALDH2,Aldehyde Dehydrogenase 2 Family Member,Protein Coding,11.622434,92
MIR22,MicroRNA 22,RNA Gene,11.615262,62
MIR34C,MicroRNA 34c,RNA Gene,11.594577,65
URGCP,Upregulator Of Cell Proliferation,Protein Coding,11.581792,59
TYMS,Thymidylate Synthetase,Protein Coding,11.581615,92
SHH,Sonic Hedgehog Signaling Molecule,Protein Coding,11.540475,100
CYP1A1,Cytochrome P450 Family 1 Subfamily A Member 1,Protein Coding,11.535528,92
RELA,"RELA Proto-Oncogene, NF-KB Subunit",Protein Coding,11.526757,100
CCNA2,Cyclin A2,Protein Coding,11.504811,87
SNORD15A,"Small Nucleolar RNA, C/D Box 15A",RNA Gene,11.494594,55
AURKB,Aurora Kinase B,Protein Coding,11.491386,93
GSTM1,Glutathione S-Transferase Mu 1,Protein Coding,11.479721,85
MCL1,"MCL1 Apoptosis Regulator, BCL2 Family Member",Protein Coding,11.462143,91
ENG,Endoglin,Protein Coding,11.430999,98
PCNA,Proliferating Cell Nuclear Antigen,Protein Coding,11.423575,91
PLK1,Polo Like Kinase 1,Protein Coding,11.396486,89
CLDN1,Claudin 1,Protein Coding,11.38715,85
FASN,Fatty Acid Synthase,Protein Coding,11.368956,100
SLC25A13,Solute Carrier Family 25 Member 13,Protein Coding,11.365764,96
NME1,NME/NM23 Nucleoside Diphosphate Kinase 1,Protein Coding,11.357098,91
XRCC1,X-Ray Repair Cross Complementing 1,Protein Coding,11.316529,95
RAC1,Rac Family Small GTPase 1,Protein Coding,11.313965,97
NQO1,NAD(P)H Quinone Dehydrogenase 1,Protein Coding,11.305584,100
STARD13,StAR Related Lipid Transfer Domain Containing 13,Protein Coding,11.284406,78
HGF,Hepatocyte Growth Factor,Protein Coding,11.209068,100
CDK6,Cyclin Dependent Kinase 6,Protein Coding,11.19832,93
HNF1B,HNF1 Homeobox B,Protein Coding,11.123917,97
MIR10B,MicroRNA 10b,RNA Gene,11.122634,62
IL17A,Interleukin 17A,Protein Coding,11.106693,82
CXCL12,C-X-C Motif Chemokine Ligand 12,Protein Coding,11.07589,92
GPT,Glutamic--Pyruvic Transaminase,Protein Coding,11.056258,78
TCF4,Transcription Factor 4,Protein Coding,11.016131,100
MAPK14,Mitogen-Activated Protein Kinase 14,Protein Coding,10.968765,93
MAT1A,Methionine Adenosyltransferase 1A,Protein Coding,10.963479,92
ANGPTL8,Angiopoietin Like 8,Protein Coding,10.90489,58
CHEK1,Checkpoint Kinase 1,Protein Coding,10.874928,98
CDK12,Cyclin Dependent Kinase 12,Protein Coding,10.868762,97
DLC1,DLC1 Rho GTPase Activating Protein,Protein Coding,10.857498,96
BMI1,"BMI1 Proto-Oncogene, Polycomb Ring Finger",Protein Coding,10.771475,87
TJP2,Tight Junction Protein 2,Protein Coding,10.766886,100
MAGED2,MAGE Family Member D2,Protein Coding,10.761149,77
RXRA,Retinoid X Receptor Alpha,Protein Coding,10.753964,91
H2AX,H2A.X Variant Histone,Protein Coding,10.715608,81
RBM39,RNA Binding Motif Protein 39,Protein Coding,10.7127285,79
LDHA,Lactate Dehydrogenase A,Protein Coding,10.691524,100
NOTCH2,Notch Receptor 2,Protein Coding,10.686094,100
MGMT,O-6-Methylguanine-DNA Methyltransferase,Protein Coding,10.653308,82
NR1I2,Nuclear Receptor Subfamily 1 Group I Member 2,Protein Coding,10.64849,89
MMP1,Matrix Metallopeptidase 1,Protein Coding,10.6176405,92
CBX4,Chromobox 4,Protein Coding,10.589228,82
WNT3A,Wnt Family Member 3A,Protein Coding,10.586639,85
FAS,Fas Cell Surface Death Receptor,Protein Coding,10.544546,100
MIR519D,MicroRNA 519d,RNA Gene,10.541049,61
MIR29C,MicroRNA 29c,RNA Gene,10.539318,68
CEBPA,CCAAT Enhancer Binding Protein Alpha,Protein Coding,10.536445,99
MIR193A,MicroRNA 193a,RNA Gene,10.532962,62
SMAD2,SMAD Family Member 2,Protein Coding,10.530168,100
MIR140,MicroRNA 140,RNA Gene,10.526592,68
TYMP,Thymidine Phosphorylase,Protein Coding,10.525452,99
MIR146B,MicroRNA 146b,RNA Gene,10.5076275,61
DNMT3A,DNA Methyltransferase 3 Alpha,Protein Coding,10.487087,100
APOA1,Apolipoprotein A1,Protein Coding,10.441126,100
KLRK1,Killer Cell Lectin Like Receptor K1,Protein Coding,10.415361,76
HK2,Hexokinase 2,Protein Coding,10.414229,86
CFLAR,CASP8 And FADD Like Apoptosis Regulator,Protein Coding,10.411054,90
SOCS1,Suppressor Of Cytokine Signaling 1,Protein Coding,10.40737,89
MIR199A1,MicroRNA 199a-1,RNA Gene,10.403072,69
MIR499A,MicroRNA 499a,RNA Gene,10.392077,63
PRKDC,"Protein Kinase, DNA-Activated, Catalytic Subunit",Protein Coding,10.377892,100
CGAS,Cyclic GMP-AMP Synthase,Protein Coding,10.351393,76
UBD,Ubiquitin Like Modifier D,Protein Coding,10.339241,71
TLR3,Toll Like Receptor 3,Protein Coding,10.315761,100
IGFBP3,Insulin Like Growth Factor Binding Protein 3,Protein Coding,10.308843,86
JUN,"Jun Proto-Oncogene, AP-1 Transcription Factor Subunit",Protein Coding,10.308455,89
FOXO1,Forkhead Box O1,Protein Coding,10.2691765,90
CCL2,C-C Motif Chemokine Ligand 2,Protein Coding,10.260787,87
RARB,Retinoic Acid Receptor Beta,Protein Coding,10.26024,99
HDAC2,Histone Deacetylase 2,Protein Coding,10.247635,92
MTHFR,Methylenetetrahydrofolate Reductase,Protein Coding,10.234626,100
KRT8,Keratin 8,Protein Coding,10.217057,90
ELAVL1,ELAV Like RNA Binding Protein 1,Protein Coding,10.198759,87
MSH6,MutS Homolog 6,Protein Coding,10.196232,100
SPARC,Secreted Protein Acidic And Cysteine Rich,Protein Coding,10.181858,98
CAV1,Caveolin 1,Protein Coding,10.175499,97
DDIT3,DNA Damage Inducible Transcript 3,Protein Coding,10.153288,84
KLF6,KLF Transcription Factor 6,Protein Coding,10.143828,74
LINC02605,Long Intergenic Non-Protein Coding RNA 2605,RNA Gene,10.129835,50
MUC1,"Mucin 1, Cell Surface Associated",Protein Coding,10.087634,99
GPX4,Glutathione Peroxidase 4,Protein Coding,10.085687,97
HTATIP2,HIV-1 Tat Interactive Protein 2,Protein Coding,10.0801735,64
FGF2,Fibroblast Growth Factor 2,Protein Coding,10.07277,88
ABCC3,ATP Binding Cassette Subfamily C Member 3,Protein Coding,10.033808,92
FGF3,Fibroblast Growth Factor 3,Protein Coding,10.030208,87
TMEM176A,Transmembrane Protein 176A,Protein Coding,10.024662,51
LGALS3BP,Galectin 3 Binding Protein,Protein Coding,10.002111,76
ATG5,Autophagy Related 5,Protein Coding,9.971308,88
HAVCR2,Hepatitis A Virus Cellular Receptor 2,Protein Coding,9.96886,88
ABCC1,ATP Binding Cassette Subfamily C Member 1 (ABCC1 Blood Group),Protein Coding,9.959343,98
PRKAR1A,Protein Kinase CAMP-Dependent Type I Regulatory Subunit Alpha,Protein Coding,9.95442,100
PIGR,Polymeric Immunoglobulin Receptor,Protein Coding,9.940277,76
MIR211,MicroRNA 211,RNA Gene,9.912644,58
FOXA2,Forkhead Box A2,Protein Coding,9.896792,93
SERPINB3,Serpin Family B Member 3,Protein Coding,9.895573,72
MIR133B,MicroRNA 133b,RNA Gene,9.891333,65
SALL4,Spalt Like Transcription Factor 4,Protein Coding,9.883905,91
SOX2,SRY-Box Transcription Factor 2,Protein Coding,9.871987,95
ARID2,AT-Rich Interaction Domain 2,Protein Coding,9.858364,94
EPHA2,EPH Receptor A2,Protein Coding,9.8580065,100
SARNP,SAP Domain Containing Ribonucleoprotein,Protein Coding,9.834787,70
MIR101-1,MicroRNA 101-1,RNA Gene,9.819726,66
EPHX1,Epoxide Hydrolase 1,Protein Coding,9.800859,86
CCNE1,Cyclin E1,Protein Coding,9.789872,92
IGF2BP1,Insulin Like Growth Factor 2 MRNA Binding Protein 1,Protein Coding,9.784591,82
TNFRSF10B,TNF Receptor Superfamily Member 10b,Protein Coding,9.780632,93
POU5F1,POU Class 5 Homeobox 1,Protein Coding,9.752334,91
YBX1,Y-Box Binding Protein 1,Protein Coding,9.748499,87
PIK3R1,Phosphoinositide-3-Kinase Regulatory Subunit 1,Protein Coding,9.736244,100
MIR149,MicroRNA 149,RNA Gene,9.694081,65
NOS2,Nitric Oxide Synthase 2,Protein Coding,9.679539,97
UROD,Uroporphyrinogen Decarboxylase,Protein Coding,9.668574,87
RUNX3,RUNX Family Transcription Factor 3,Protein Coding,9.649471,84
EHD4,EH Domain Containing 4,Protein Coding,9.638468,68
SOD2,Superoxide Dismutase 2,Protein Coding,9.628119,93
IDO1,"Indoleamine 2,3-Dioxygenase 1",Protein Coding,9.606135,83
CD24,CD24 Molecule,Protein Coding,9.604631,70
CYP2E1,Cytochrome P450 Family 2 Subfamily E Member 1,Protein Coding,9.599014,88
LIN28B,Lin-28 RNA Binding Posttranscriptional Regulator B,Protein Coding,9.590314,76
CASP7,Caspase 7,Protein Coding,9.590189,92
MIR451A,MicroRNA 451a,RNA Gene,9.589909,60
HSP90AA1,Heat Shock Protein 90 Alpha Family Class A Member 1,Protein Coding,9.545182,92
IGF2BP3,Insulin Like Growth Factor 2 MRNA Binding Protein 3,Protein Coding,9.54041,74
MIR29A,MicroRNA 29a,RNA Gene,9.531981,71
MTA1,Metastasis Associated 1,Protein Coding,9.502229,90
MIR33A,MicroRNA 33a,RNA Gene,9.49974,63
HSD17B13,Hydroxysteroid 17-Beta Dehydrogenase 13,Protein Coding,9.491968,69
SLC1A5,Solute Carrier Family 1 Member 5,Protein Coding,9.472041,89
CCL20,C-C Motif Chemokine Ligand 20,Protein Coding,9.469876,80
MAT2A,Methionine Adenosyltransferase 2A,Protein Coding,9.4624815,98
SGPP1,Sphingosine-1-Phosphate Phosphatase 1,Protein Coding,9.46159,68
SOX4,SRY-Box Transcription Factor 4,Protein Coding,9.456688,86
CKAP4,Cytoskeleton Associated Protein 4,Protein Coding,9.455441,70
WNT1,Wnt Family Member 1,Protein Coding,9.446784,89
PRKCA,Protein Kinase C Alpha,Protein Coding,9.432499,95
DNMT3B,DNA Methyltransferase 3 Beta,Protein Coding,9.430527,100
CLU,Clusterin,Protein Coding,9.425558,92
ATG7,Autophagy Related 7,Protein Coding,9.422924,91
VPS53,VPS53 Subunit Of GARP Complex,Protein Coding,9.417564,84
NANOG,Nanog Homeobox,Protein Coding,9.395812,76
LARP1,"La Ribonucleoprotein 1, Translational Regulator",Protein Coding,9.395403,79
NF2,"NF2, Moesin-Ezrin-Radixin Like (MERLIN) Tumor Suppressor",Protein Coding,9.392871,100
MIR200C,MicroRNA 200c,RNA Gene,9.391077,67
TP73,Tumor Protein P73,Protein Coding,9.382197,99
EIF4E,Eukaryotic Translation Initiation Factor 4E,Protein Coding,9.365182,90
LEF1,Lymphoid Enhancer Binding Factor 1,Protein Coding,9.34049,91
SCD,Stearoyl-CoA Desaturase,Protein Coding,9.334541,80
TXNIP,Thioredoxin Interacting Protein,Protein Coding,9.329348,82
URI1,URI1 Prefoldin Like Chaperone,Protein Coding,9.327187,69
GLI1,GLI Family Zinc Finger 1,Protein Coding,9.325624,95
NSMCE3,NSE3 Component Of SMC5/6 Complex,Protein Coding,9.2978325,73
SP1,Sp1 Transcription Factor,Protein Coding,9.296707,90
ENO1,Enolase 1,Protein Coding,9.291314,92
NPM1,Nucleophosmin 1,Protein Coding,9.287951,97
TLR2,Toll Like Receptor 2,Protein Coding,9.281552,96
VPS37A,VPS37A Subunit Of ESCRT-I,Protein Coding,9.26202,90
NLRP3,NLR Family Pyrin Domain Containing 3,Protein Coding,9.26093,100
FOXO3,Forkhead Box O3,Protein Coding,9.252204,90
UTP6,UTP6 Small Subunit Processome Component,Protein Coding,9.245143,69
GPX3,Glutathione Peroxidase 3,Protein Coding,9.231352,77
CCN2,Cellular Communication Network Factor 2,Protein Coding,9.207291,87
SULF1,Sulfatase 1,Protein Coding,9.195611,80
VIM,Vimentin,Protein Coding,9.161594,98
SIRT3,Sirtuin 3,Protein Coding,9.153434,91
TNFRSF10A,TNF Receptor Superfamily Member 10a,Protein Coding,9.096481,89
SOX9,SRY-Box Transcription Factor 9,Protein Coding,9.090061,98
BMP2,Bone Morphogenetic Protein 2,Protein Coding,9.084216,98
BMP6,Bone Morphogenetic Protein 6,Protein Coding,9.070037,82
CREB3L3,CAMP Responsive Element Binding Protein 3 Like 3,Protein Coding,9.065889,87
LRP6,LDL Receptor Related Protein 6,Protein Coding,9.046006,100
HSPB1,Heat Shock Protein Family B (Small) Member 1,Protein Coding,9.043533,100
MIR16-1,MicroRNA 16-1,RNA Gene,9.041198,70
CDKN1C,Cyclin Dependent Kinase Inhibitor 1C,Protein Coding,9.03041,94
MIR511,MicroRNA 511,RNA Gene,9.023384,58
S100A4,S100 Calcium Binding Protein A4,Protein Coding,8.984272,74
ITGAV,Integrin Subunit Alpha V,Protein Coding,8.982291,95
CCL5,C-C Motif Chemokine Ligand 5,Protein Coding,8.974251,84
EGR1,Early Growth Response 1,Protein Coding,8.947625,84
MIR24-1,MicroRNA 24-1,RNA Gene,8.94025,64
SKP2,S-Phase Kinase Associated Protein 2,Protein Coding,8.929441,88
CAB39,Calcium Binding Protein 39,Protein Coding,8.896423,69
BIRC3,Baculoviral IAP Repeat Containing 3,Protein Coding,8.8897295,91
HJV,Hemojuvelin BMP Co-Receptor,Protein Coding,8.884221,81
CD81,CD81 Molecule,Protein Coding,8.882891,94
CP,Ceruloplasmin,Protein Coding,8.880454,96
MAGEA1,MAGE Family Member A1,Protein Coding,8.877569,58
SLC4A2,Solute Carrier Family 4 Member 2,Protein Coding,8.872522,81
PCBP2-OT1,PCBP2 Overlapping Transcript 1,RNA Gene,8.859036,49
MAD2L1,Mitotic Arrest Deficient 2 Like 1,Protein Coding,8.852266,81
NR1I3,Nuclear Receptor Subfamily 1 Group I Member 3,Protein Coding,8.849142,92
ACOX1,Acyl-CoA Oxidase 1,Protein Coding,8.844043,98
PRDX1,Peroxiredoxin 1,Protein Coding,8.842987,92
ITGB1,Integrin Subunit Beta 1,Protein Coding,8.822805,94
WSPAR,Wnt Signaling Pathway Activating Non-Coding RNA,RNA Gene,8.818665,51
YY1,YY1 Transcription Factor,Protein Coding,8.812469,96
PPARGC1A,PPARG Coactivator 1 Alpha,Protein Coding,8.794497,94
AREG,Amphiregulin,Protein Coding,8.775024,83
ACLY,ATP Citrate Lyase,Protein Coding,8.769216,89
MIR206,MicroRNA 206,RNA Gene,8.758543,67
GDF15,Growth Differentiation Factor 15,Protein Coding,8.751571,76
ANXA5,Annexin A5,Protein Coding,8.74966,84
CDC20,Cell Division Cycle 20,Protein Coding,8.722624,87
SLC10A1,Solute Carrier Family 10 Member 1,Protein Coding,8.721085,87
CCR6,C-C Motif Chemokine Receptor 6,Protein Coding,8.715554,83
SOCS3,Suppressor Of Cytokine Signaling 3,Protein Coding,8.709411,85
HSP90AB1,Heat Shock Protein 90 Alpha Family Class B Member 1,Protein Coding,8.70619,92
NUS1,NUS1 Dehydrodolichyl Diphosphate Synthase Subunit,Protein Coding,8.696604,81
MAGEA3,MAGE Family Member A3,Protein Coding,8.695606,63
EIF4EBP1,Eukaryotic Translation Initiation Factor 4E Binding Protein 1,Protein Coding,8.693851,77
DYNLRB2,Dynein Light Chain Roadblock-Type 2,Protein Coding,8.690275,69
CDH2,Cadherin 2,Protein Coding,8.682322,100
MPV17,Mitochondrial Inner Membrane Protein MPV17,Protein Coding,8.671864,79
CHP2,Calcineurin Like EF-Hand Protein 2,Protein Coding,8.655224,60
MKI67,Marker Of Proliferation Ki-67,Protein Coding,8.645452,83
MIR497,MicroRNA 497,RNA Gene,8.634592,59
SMARCA4,SWI/SNF Related BAF Chromatin Remodeling Complex Subunit ATPase 4,Protein Coding,8.631868,100
MIR27B,MicroRNA 27b,RNA Gene,8.627483,68
PCAT1,Prostate Cancer Associated Transcript 1,RNA Gene,8.608667,56
SERPINE1,Serpin Family E Member 1,Protein Coding,8.60043,99
MIR192,MicroRNA 192,RNA Gene,8.591301,59
RARA,Retinoic Acid Receptor Alpha,Protein Coding,8.585677,93
PDCD4,Programmed Cell Death 4,Protein Coding,8.585216,80
RHOA,Ras Homolog Family Member A,Protein Coding,8.554335,93
CCNB2,Cyclin B2,Protein Coding,8.553675,81
MIR483,MicroRNA 483,RNA Gene,8.54406,63
ERCC1,"ERCC Excision Repair 1, Endonuclease Non-Catalytic Subunit",Protein Coding,8.541912,100
AKR1A1,Aldo-Keto Reductase Family 1 Member A1,Protein Coding,8.538221,80
CYP7A1,Cytochrome P450 Family 7 Subfamily A Member 1,Protein Coding,8.534295,88
ANGPT2,Angiopoietin 2,Protein Coding,8.526563,93
NFKBIA,NFKB Inhibitor Alpha,Protein Coding,8.524984,100
HPD,4-Hydroxyphenylpyruvate Dioxygenase,Protein Coding,8.519918,94
SERPINB5,Serpin Family B Member 5,Protein Coding,8.5176735,72
MIR424,MicroRNA 424,RNA Gene,8.503318,63
RPS6KB1,Ribosomal Protein S6 Kinase B1,Protein Coding,8.495921,93
TFDP3,Transcription Factor Dp Family Member 3,Protein Coding,8.49279,56
HMBS,Hydroxymethylbilane Synthase,Protein Coding,8.483736,93
LOX,Lysyl Oxidase,Protein Coding,8.47316,90
ECI2,Enoyl-CoA Delta Isomerase 2,Protein Coding,8.453656,73
HILPDA,Hypoxia Inducible Lipid Droplet Associated,Protein Coding,8.448707,58
IL18,Interleukin 18,Protein Coding,8.442501,85
TRIM21,Tripartite Motif Containing 21,Protein Coding,8.437574,83
DEPDC5,"DEP Domain Containing 5, GATOR1 Subcomplex Subunit",Protein Coding,8.429377,89
CD47,CD47 Molecule,Protein Coding,8.421269,86
ATP7B,ATPase Copper Transporting Beta,Protein Coding,8.419486,95
MIR92A1,MicroRNA 92a-1,RNA Gene,8.418397,63
FALEC,Focally Amplified LncRNA Regulator Of ECM1,RNA Gene,8.393404,53
TCF7L2,Transcription Factor 7 Like 2,Protein Coding,8.375434,100
SIRT2,Sirtuin 2,Protein Coding,8.358262,88
TLR7,Toll Like Receptor 7,Protein Coding,8.352495,98
LMNB1,Lamin B1,Protein Coding,8.35051,98
ZEB2,Zinc Finger E-Box Binding Homeobox 2,Protein Coding,8.336837,100
FOS,"Fos Proto-Oncogene, AP-1 Transcription Factor Subunit",Protein Coding,8.334816,93
IQGAP1,IQ Motif Containing GTPase Activating Protein 1,Protein Coding,8.328829,90
CXCL10,C-X-C Motif Chemokine Ligand 10,Protein Coding,8.325873,84
YTHDF2,YTH N6-Methyladenosine RNA Binding Protein F2,Protein Coding,8.3238125,68
TFR2,Transferrin Receptor 2,Protein Coding,8.319012,90
ULK1,Unc-51 Like Autophagy Activating Kinase 1,Protein Coding,8.306837,90
SLC7A5,Solute Carrier Family 7 Member 5,Protein Coding,8.286144,85
COL1A1,Collagen Type I Alpha 1 Chain,Protein Coding,8.282174,100
ROCK1,Rho Associated Coiled-Coil Containing Protein Kinase 1,Protein Coding,8.2788925,91
BUB1B,BUB1 Mitotic Checkpoint Serine/Threonine Kinase B,Protein Coding,8.274432,100
MMP7,Matrix Metallopeptidase 7,Protein Coding,8.270717,85
ATF4,Activating Transcription Factor 4,Protein Coding,8.269322,90
TFRC,Transferrin Receptor,Protein Coding,8.267661,100
MIR375,MicroRNA 375,RNA Gene,8.266026,65
DNAJA3,DnaJ Heat Shock Protein Family (Hsp40) Member A3,Protein Coding,8.265496,75
CCDC137,Coiled-Coil Domain Containing 137,Protein Coding,8.265496,55
FZD7,Frizzled Class Receptor 7,Protein Coding,8.262597,83
KDM3A,Lysine Demethylase 3A,Protein Coding,8.260557,82
CLDN10,Claudin 10,Protein Coding,8.260557,75
SOD1,Superoxide Dismutase 1,Protein Coding,8.249278,100
AXIN2,Axin 2,Protein Coding,8.248057,100
HMGA2,High Mobility Group AT-Hook 2,Protein Coding,8.231131,84
TGS1,Trimethylguanosine Synthase 1,Protein Coding,8.226361,77
EIF2D,Eukaryotic Translation Initiation Factor 2D,Protein Coding,8.226361,67
RRM2,Ribonucleotide Reductase Regulatory Subunit M2,Protein Coding,8.220769,89
FOXA1,Forkhead Box A1,Protein Coding,8.21222,84
LAPTM4B,Lysosomal Protein Transmembrane 4 Beta,Protein Coding,8.198388,63
CFTR,CF Transmembrane Conductance Regulator,Protein Coding,8.182333,100
PSD3,Pleckstrin And Sec7 Domain Containing 3,Protein Coding,8.181942,71
SNAI2,Snail Family Transcriptional Repressor 2,Protein Coding,8.161578,87
SLC40A1,Solute Carrier Family 40 Member 1,Protein Coding,8.126839,93
SPINK1,Serine Peptidase Inhibitor Kazal Type 1,Protein Coding,8.120401,82
TLR9,Toll Like Receptor 9,Protein Coding,8.114575,91
OTC,Ornithine Transcarbamylase,Protein Coding,8.11046,96
CASP1,Caspase 1,Protein Coding,8.105583,92
AHCY,Adenosylhomocysteinase,Protein Coding,8.096531,97
GSTT1,Glutathione S-Transferase Theta 1,Protein Coding,8.085705,63
ACTB,Actin Beta,Protein Coding,8.079297,100
ADAM17,ADAM Metallopeptidase Domain 17,Protein Coding,8.063904,100
VHL,Von Hippel-Lindau Tumor Suppressor,Protein Coding,8.054244,100
BID,BH3 Interacting Domain Death Agonist,Protein Coding,8.05209,82
PKP3,Plakophilin 3,Protein Coding,8.045459,73
ALDH1A1,Aldehyde Dehydrogenase 1 Family Member A1,Protein Coding,8.038221,87
NPTN-IT1,NPTN Intronic Transcript 1,RNA Gene,8.035412,48
NOTUM,"Notum, Palmitoleoyl-Protein Carboxylesterase",Protein Coding,8.0338545,63
APEX1,Apurinic/Apyrimidinic Endodeoxyribonuclease 1,Protein Coding,8.031321,90
MAP2K4,Mitogen-Activated Protein Kinase Kinase 4,Protein Coding,8.031138,90
TIFA,TRAF Interacting Protein With Forkhead Associated Domain,Protein Coding,8.016247,68
BAD,BCL2 Associated Agonist Of Cell Death,Protein Coding,7.991524,85
SFRP1,Secreted Frizzled Related Protein 1,Protein Coding,7.978199,77
CXCL1,C-X-C Motif Chemokine Ligand 1,Protein Coding,7.9761467,82
STAT4,Signal Transducer And Activator Of Transcription 4,Protein Coding,7.964793,100
PYGL,Glycogen Phosphorylase L,Protein Coding,7.9639316,98
PTTG1,"PTTG1 Regulator Of Sister Chromatid Separation, Securin",Protein Coding,7.9483776,75
HSPA1A,Heat Shock Protein Family A (Hsp70) Member 1A,Protein Coding,7.9227505,88
NRP1,Neuropilin 1,Protein Coding,7.9190574,100
BAK1,BCL2 Antagonist/Killer 1,Protein Coding,7.9144044,85
IL11,Interleukin 11,Protein Coding,7.897117,77
PLAUR,"Plasminogen Activator, Urokinase Receptor",Protein Coding,7.8853517,89
FN1,Fibronectin 1,Protein Coding,7.881131,100
GJB1,Gap Junction Protein Beta 1,Protein Coding,7.879148,89
HLA-DRB1,"Major Histocompatibility Complex, Class II, DR Beta 1",Protein Coding,7.876458,95
IRF1,Interferon Regulatory Factor 1,Protein Coding,7.8603525,92
WNT5A,Wnt Family Member 5A,Protein Coding,7.840859,95
SDHB,Succinate Dehydrogenase Complex Iron Sulfur Subunit B,Protein Coding,7.8390436,100
HDAC3,Histone Deacetylase 3,Protein Coding,7.8335648,93
TIMP1,TIMP Metallopeptidase Inhibitor 1,Protein Coding,7.8159904,82
UGT1A9,UDP Glucuronosyltransferase Family 1 Member A9,Protein Coding,7.8121815,92
FLT4,Fms Related Receptor Tyrosine Kinase 4,Protein Coding,7.8097086,100
SPTBN1,"Spectrin Beta, Non-Erythrocytic 1",Protein Coding,7.809161,100
CREB1,CAMP Responsive Element Binding Protein 1,Protein Coding,7.804758,93
RHOC,Ras Homolog Family Member C,Protein Coding,7.79876,86
STING1,Stimulator Of Interferon Response CGAMP Interactor 1,Protein Coding,7.770017,99
IFT88,Intraflagellar Transport 88,Protein Coding,7.7682133,93
MIR302A,MicroRNA 302a,RNA Gene,7.7491,62
NDRG2,NDRG Family Member 2,Protein Coding,7.7398815,71
STK4,Serine/Threonine Kinase 4,Protein Coding,7.720623,97
CDKN2B,Cyclin Dependent Kinase Inhibitor 2B,Protein Coding,7.7197814,83
ERCC2,"ERCC Excision Repair 2, TFIIH Core Complex Helicase Subunit",Protein Coding,7.7125716,100
BUB1,BUB1 Mitotic Checkpoint Serine/Threonine Kinase,Protein Coding,7.709833,100
FHIT,Fragile Histidine Triad Diadenosine Triphosphatase,Protein Coding,7.709833,78
ACER3,Alkaline Ceramidase 3,Protein Coding,7.706418,74
HBB,Hemoglobin Subunit Beta,Protein Coding,7.6898036,100
AKT2,AKT Serine/Threonine Kinase 2,Protein Coding,7.6818314,100
CCR2,C-C Motif Chemokine Receptor 2,Protein Coding,7.67392,90
YTHDF1,YTH N6-Methyladenosine RNA Binding Protein F1,Protein Coding,7.6723456,66
MCM4,Minichromosome Maintenance Complex Component 4,Protein Coding,7.6696095,98
IL6R,Interleukin 6 Receptor,Protein Coding,7.666525,100
KDM1A,Lysine Demethylase 1A,Protein Coding,7.654064,100
CTTN,Cortactin,Protein Coding,7.6360693,87
HSP90B1,Heat Shock Protein 90 Beta Family Member 1,Protein Coding,7.616804,92
FABP1,Fatty Acid Binding Protein 1,Protein Coding,7.61353,83
ASL,Argininosuccinate Lyase,Protein Coding,7.6093926,96
LINC00589,Long Intergenic Non-Protein Coding RNA 589,RNA Gene,7.607236,52
MDM4,MDM4 Regulator Of P53,Protein Coding,7.606205,93
GADD45A,Growth Arrest And DNA Damage Inducible Alpha,Protein Coding,7.589736,85
GRB2,Growth Factor Receptor Bound Protein 2,Protein Coding,7.5869713,91
ETS1,"ETS Proto-Oncogene 1, Transcription Factor",Protein Coding,7.585933,91
GAPDH,Glyceraldehyde-3-Phosphate Dehydrogenase,Protein Coding,7.577755,92
BCL2L11,BCL2 Like 11,Protein Coding,7.5747533,90
ACACA,Acetyl-CoA Carboxylase Alpha,Protein Coding,7.565019,100
PPOX,Protoporphyrinogen Oxidase,Protein Coding,7.5586224,92
PIK3CG,"Phosphatidylinositol-4,5-Bisphosphate 3-Kinase Catalytic Subunit Gamma",Protein Coding,7.5502863,98
G6PD,Glucose-6-Phosphate Dehydrogenase,Protein Coding,7.54815,100
MIR335,MicroRNA 335,RNA Gene,7.547642,57
MIR532,MicroRNA 532,RNA Gene,7.5410976,55
AHR,Aryl Hydrocarbon Receptor,Protein Coding,7.535081,100
CD82,CD82 Molecule,Protein Coding,7.530919,72
IL2,Interleukin 2,Protein Coding,7.5157027,87
COPS5,COP9 Signalosome Subunit 5,Protein Coding,7.503028,79
HLA-A,"Major Histocompatibility Complex, Class I, A",Protein Coding,7.499173,95
CCND2,Cyclin D2,Protein Coding,7.4901915,97
ICAM1,Intercellular Adhesion Molecule 1,Protein Coding,7.4838405,95
ADIPOQ,"Adiponectin, C1Q And Collagen Domain Containing",Protein Coding,7.4836736,85
FTH1,Ferritin Heavy Chain 1,Protein Coding,7.4668045,95
CAMK2N1,Calcium/Calmodulin Dependent Protein Kinase II Inhibitor 1,Protein Coding,7.4628916,53
MAP1LC3A,Microtubule Associated Protein 1 Light Chain 3 Alpha,Protein Coding,7.447718,81
PWAR1,Prader Willi/Angelman Region RNA 1,RNA Gene,7.4321265,48
BRD4,Bromodomain Containing 4,Protein Coding,7.4271827,100
IFNA1,Interferon Alpha 1,Protein Coding,7.4203014,70
CCND3,Cyclin D3,Protein Coding,7.4096417,88
E2F2,E2F Transcription Factor 2,Protein Coding,7.4045777,82
DIABLO,Diablo IAP-Binding Mitochondrial Protein,Protein Coding,7.4000015,93
CDA,Cytidine Deaminase,Protein Coding,7.3814073,83
CDC25A,Cell Division Cycle 25A,Protein Coding,7.372483,90
MMP14,Matrix Metallopeptidase 14,Protein Coding,7.3666162,100
MIR490,MicroRNA 490,RNA Gene,7.365864,55
CYP2C9,Cytochrome P450 Family 2 Subfamily C Member 9,Protein Coding,7.3653593,93
CD86,CD86 Molecule,Protein Coding,7.3621798,90
GJA1,Gap Junction Protein Alpha 1,Protein Coding,7.345078,100
MIR590,MicroRNA 590,RNA Gene,7.3432283,66
MICA,MHC Class I Polypeptide-Related Sequence A,Protein Coding,7.342875,81
MYD88,MYD88 Innate Immune Signal Transduction Adaptor,Protein Coding,7.3045993,99
MIR455,MicroRNA 455,RNA Gene,7.3035183,62
PHKB,Phosphorylase Kinase Regulatory Subunit Beta,Protein Coding,7.3030877,82
SLC37A4,Solute Carrier Family 37 Member 4,Protein Coding,7.302596,93
HMGA1,High Mobility Group AT-Hook 1,Protein Coding,7.3015456,85
LOC126806659,BRD4-Independent Group 4 Enhancer GRCh37_chr3:41274918-41276117,Functional Element,7.286278,58
EPO,Erythropoietin,Protein Coding,7.2682953,85
CPOX,Coproporphyrinogen Oxidase,Protein Coding,7.263931,89
OTUD7A,OTU Deubiquitinase 7A,Protein Coding,7.2556424,75
B2M,Beta-2-Microglobulin,Protein Coding,7.2469587,95
APOB,Apolipoprotein B,Protein Coding,7.2403874,100
GGT1,Gamma-Glutamyltransferase 1,Protein Coding,7.225849,94
SIRT6,Sirtuin 6,Protein Coding,7.224763,89
FADD,Fas Associated Via Death Domain,Protein Coding,7.2112207,96
VLDLR-AS1,VLDLR Antisense RNA 1,RNA Gene,7.2061176,60
ASGR1,Asialoglycoprotein Receptor 1,Protein Coding,7.202052,75
IRS1,Insulin Receptor Substrate 1,Protein Coding,7.172016,93
LGR5,Leucine Rich Repeat Containing G Protein-Coupled Receptor 5,Protein Coding,7.1552806,80
MIR124-1,MicroRNA 124-1,RNA Gene,7.142766,55
ALAD,Aminolevulinate Dehydratase,Protein Coding,7.1422176,92
MIR191,MicroRNA 191,RNA Gene,7.135906,60
EP300,EP300 Lysine Acetyltransferase,Protein Coding,7.1335444,100
ZC4H2,Zinc Finger C4H2-Type Containing,Protein Coding,7.121762,73
MIR296,MicroRNA 296,RNA Gene,7.121153,58
ACSL4,Acyl-CoA Synthetase Long Chain Family Member 4,Protein Coding,7.1124115,92
SLCO1B1,Solute Carrier Organic Anion Transporter Family Member 1B1,Protein Coding,7.108999,100
PIN1,"Peptidylprolyl Cis/Trans Isomerase, NIMA-Interacting 1",Protein Coding,7.100505,88
CPT1A,Carnitine Palmitoyltransferase 1A,Protein Coding,7.080879,100
EIF2AK3,Eukaryotic Translation Initiation Factor 2 Alpha Kinase 3,Protein Coding,7.0728993,100
TIGIT,T Cell Immunoreceptor With Ig And ITIM Domains,Protein Coding,7.046037,75
MIR378A,MicroRNA 378a,RNA Gene,7.045373,62
HSPA4,Heat Shock Protein Family A (Hsp70) Member 4,Protein Coding,7.0281744,83
DLGAP5,DLG Associated Protein 5,Protein Coding,7.024965,71
SREBF2,Sterol Regulatory Element Binding Transcription Factor 2,Protein Coding,7.0199037,90
MIR144,MicroRNA 144,RNA Gene,7.0199037,62
MAP1LC3B,Microtubule Associated Protein 1 Light Chain 3 Beta,Protein Coding,7.019464,83
STMN1,Stathmin 1,Protein Coding,7.019464,80
FOSL1,"FOS Like 1, AP-1 Transcription Factor Subunit",Protein Coding,7.015956,83
MIR574,MicroRNA 574,RNA Gene,6.992956,57
MIR15B,MicroRNA 15b,RNA Gene,6.9857297,69
LATS1,Large Tumor Suppressor Kinase 1,Protein Coding,6.984889,87
TRIM24,Tripartite Motif Containing 24,Protein Coding,6.9842587,85
TIMP3,TIMP Metallopeptidase Inhibitor 3,Protein Coding,6.967573,89
HNRNPA2B1,Heterogeneous Nuclear Ribonucleoprotein A2/B1,Protein Coding,6.967012,100
CD276,CD276 Molecule,Protein Coding,6.967012,78
ALKBH5,"AlkB Homolog 5, RNA Demethylase",Protein Coding,6.967012,66
TOP1,DNA Topoisomerase I,Protein Coding,6.964582,88
MBOAT7,Membrane Bound Acylglycerophosphatidylinositol O-Acyltransferase MBOAT7,Protein Coding,6.9639177,84
KPNA2,Karyopherin Subunit Alpha 2,Protein Coding,6.946663,85
MIR503,MicroRNA 503,RNA Gene,6.9401574,62
MIR100,MicroRNA 100,RNA Gene,6.9323597,62
TXN,Thioredoxin,Protein Coding,6.927532,88
MAP3K7,Mitogen-Activated Protein Kinase Kinase Kinase 7,Protein Coding,6.892028,100
CDC25C,Cell Division Cycle 25C,Protein Coding,6.890843,90
DCN,Decorin,Protein Coding,6.880419,96
EZR,Ezrin,Protein Coding,6.877915,92
TIMP2,TIMP Metallopeptidase Inhibitor 2,Protein Coding,6.877915,79
SMPD1,Sphingomyelin Phosphodiesterase 1,Protein Coding,6.870489,98
WIF1,Wnt Inhibitory Factor 1,Protein Coding,6.8570294,77
IKBKG,Inhibitor Of Nuclear Factor Kappa B Kinase Regulatory Subunit Gamma,Protein Coding,6.849256,100
PGK1,Phosphoglycerate Kinase 1,Protein Coding,6.847805,98
SMYD3,SET And MYND Domain Containing 3,Protein Coding,6.847805,78
FTO,FTO Alpha-Ketoglutarate Dependent Dioxygenase,Protein Coding,6.847549,94
CCR5,C-C Motif Chemokine Receptor 5,Protein Coding,6.843689,93
MIR204,MicroRNA 204,RNA Gene,6.83033,65
EEF1A1,Eukaryotic Translation Elongation Factor 1 Alpha 1,Protein Coding,6.8130136,89
METTL14,"Methyltransferase 14, N6-Adenosine-Methyltransferase Non-Catalytic Subunit",Protein Coding,6.8124523,71
MIR9-1,MicroRNA 9-1,RNA Gene,6.799985,68
DKK4,Dickkopf Wnt Signaling Pathway Inhibitor 4,Protein Coding,6.799456,66
HFE-AS1,HFE Antisense RNA 1,RNA Gene,6.793795,59
ACTA2,"Actin Alpha 2, Smooth Muscle",Protein Coding,6.7832723,100
ASPH,Aspartate Beta-Hydroxylase,Protein Coding,6.780496,96
CSNK2A2,Casein Kinase 2 Alpha 2,Protein Coding,6.769166,91
LATS2,Large Tumor Suppressor Kinase 2,Protein Coding,6.760392,88
ALDOA,"Aldolase, Fructose-Bisphosphate A",Protein Coding,6.7529945,100
PCK1,Phosphoenolpyruvate Carboxykinase 1,Protein Coding,6.74665,98
ERBB3,Erb-B2 Receptor Tyrosine Kinase 3,Protein Coding,6.704039,100
NT5E,5'-Nucleotidase Ecto,Protein Coding,6.687836,97
MAD1L1,Mitotic Arrest Deficient 1 Like 1,Protein Coding,6.686915,86
DUSP1,Dual Specificity Phosphatase 1,Protein Coding,6.685367,85
MIR361,MicroRNA 361,RNA Gene,6.674833,62
SOCS2,Suppressor Of Cytokine Signaling 2,Protein Coding,6.654945,83
MAPK9,Mitogen-Activated Protein Kinase 9,Protein Coding,6.653687,92
CYP7B1,Cytochrome P450 Family 7 Subfamily B Member 1,Protein Coding,6.6518955,92
CTNND1,Catenin Delta 1,Protein Coding,6.6427593,100
MIR30B,MicroRNA 30b,RNA Gene,6.640895,68
LOC126806658,BRD4-Independent Group 4 Enhancer GRCh37_chr3:41265899-41267098,Functional Element,6.6235995,58
ATP8B1,ATPase Phospholipid Transporting 8B1,Protein Coding,6.6225023,91
MIR210,MicroRNA 210,RNA Gene,6.620989,67
CTNNBIP1,Catenin Beta Interacting Protein 1,Protein Coding,6.616542,69
TJP1,Tight Junction Protein 1,Protein Coding,6.6137815,96
MIR196A1,MicroRNA 196a-1,RNA Gene,6.604451,60
POLE,"DNA Polymerase Epsilon, Catalytic Subunit",Protein Coding,6.5987334,100
ITGA5,Integrin Subunit Alpha 5,Protein Coding,6.5984254,92
LINC00635,Long Intergenic Non-Protein Coding RNA 635,RNA Gene,6.595491,49
ARG1,Arginase 1,Protein Coding,6.5908337,100
MBL2,Mannose Binding Lectin 2,Protein Coding,6.586846,93
USP22,Ubiquitin Specific Peptidase 22,Protein Coding,6.5668883,74
TAT,Tyrosine Aminotransferase,Protein Coding,6.565462,93
BTRC,Beta-Transducin Repeat Containing E3 Ubiquitin Protein Ligase,Protein Coding,6.5493307,94
CCNG1,Cyclin G1,Protein Coding,6.547907,76
RGN,Regucalcin,Protein Coding,6.543709,63
PDGFRB,Platelet Derived Growth Factor Receptor Beta,Protein Coding,6.540074,100
PRECSIT,P53 Regulated Carcinoma Associated Stat3 Activating Long Intergenic Non-Protein Coding Transcript,RNA Gene,6.530097,51
HMGCR,3-Hydroxy-3-Methylglutaryl-CoA Reductase,Protein Coding,6.522241,98
PCSK9,Proprotein Convertase Subtilisin/Kexin Type 9,Protein Coding,6.4797473,100
S100A8,S100 Calcium Binding Protein A8,Protein Coding,6.477612,85
DEK,DEK Proto-Oncogene,Protein Coding,6.466429,80
MIR485,MicroRNA 485,RNA Gene,6.466429,59
MIR379,MicroRNA 379,RNA Gene,6.4656234,59
MCM7,Minichromosome Maintenance Complex Component 7,Protein Coding,6.4574466,91
RAD51,RAD51 Recombinase,Protein Coding,6.4531875,100
MIR328,MicroRNA 328,RNA Gene,6.4432197,60
MIR130B,MicroRNA 130b,RNA Gene,6.408034,61
MIR138-1,MicroRNA 138-1,RNA Gene,6.398878,67
CSNK2A1,Casein Kinase 2 Alpha 1,Protein Coding,6.395234,100
ABL1,"ABL Proto-Oncogene 1, Non-Receptor Tyrosine Kinase",Protein Coding,6.359863,100
MIR188,MicroRNA 188,RNA Gene,6.3560514,55
DICER1,"Dicer 1, Ribonuclease III",Protein Coding,6.3455405,100
BMPR1A,Bone Morphogenetic Protein Receptor Type 1A,Protein Coding,6.3361945,100
REG3A,Regenerating Family Member 3 Alpha,Protein Coding,6.333083,70
AGER,Advanced Glycosylation End-Product Specific Receptor,Protein Coding,6.324827,94
MIR133A1,MicroRNA 133a-1,RNA Gene,6.3230524,67
MIR365A,MicroRNA 365a,RNA Gene,6.315402,61
MIR92A2,MicroRNA 92a-2,RNA Gene,6.303973,56
LGALS1,Galectin 1,Protein Coding,6.293328,80
CBS,Cystathionine Beta-Synthase,Protein Coding,6.2921576,100
GCLC,Glutamate-Cysteine Ligase Catalytic Subunit,Protein Coding,6.2567086,94
ARNT,Aryl Hydrocarbon Receptor Nuclear Translocator,Protein Coding,6.2567086,93
ABCA4,ATP Binding Cassette Subfamily A Member 4,Protein Coding,6.233638,94
CYP2A6,Cytochrome P450 Family 2 Subfamily A Member 6,Protein Coding,6.2174387,87
IL12A,Interleukin 12A,Protein Coding,6.205815,85
HLA-G,"Major Histocompatibility Complex, Class I, G",Protein Coding,6.201888,89
PXN,Paxillin,Protein Coding,6.2014046,92
TCF7,Transcription Factor 7,Protein Coding,6.1751733,87
MIR342,MicroRNA 342,RNA Gene,6.169542,63
IL4,Interleukin 4,Protein Coding,6.168959,87
HDGF,Heparin Binding Growth Factor,Protein Coding,6.160132,77
THY1,Thy-1 Cell Surface Antigen,Protein Coding,6.1439548,80
FLT3,Fms Related Receptor Tyrosine Kinase 3,Protein Coding,6.142546,100
TRC-GCA24-1,TRNA-Cys (GCA) 24-1,RNA Gene,6.138338,47
MIR30D,MicroRNA 30d,RNA Gene,6.1376133,65
TALDO1,Transaldolase 1,Protein Coding,6.1373253,92
UC.134,Long Non-Coding RNA Uc.134,RNA Gene,6.1297917,46
ADA,Adenosine Deaminase,Protein Coding,6.1149273,100
SCARNA5,Small Cajal Body-Specific RNA 5,RNA Gene,6.1093764,58
CYCS,"Cytochrome C, Somatic",Protein Coding,6.107764,88
FBP1,Fructose-Bisphosphatase 1,Protein Coding,6.1059527,100
CYP2C19,Cytochrome P450 Family 2 Subfamily C Member 19,Protein Coding,6.104342,92
PAX8,Paired Box 8,Protein Coding,6.098888,96
CSE1L,Chromosome Segregation 1 Like,Protein Coding,6.094742,74
MACC1,MET Transcriptional Regulator MACC1,Protein Coding,6.0905437,55
PTPRC,Protein Tyrosine Phosphatase Receptor Type C,Protein Coding,6.045286,100
MIR106A,MicroRNA 106a,RNA Gene,6.045181,62
MIR423,MicroRNA 423,RNA Gene,6.040998,56
MIR675,MicroRNA 675,RNA Gene,6.036141,61
POLD1,"DNA Polymerase Delta 1, Catalytic Subunit",Protein Coding,6.002629,100
HGD,"Homogentisate 1,2-Dioxygenase",Protein Coding,5.996484,84
DGUOK,Deoxyguanosine Kinase,Protein Coding,5.995359,90
MIR370,MicroRNA 370,RNA Gene,5.994356,59
NFE2L1,NFE2 Like BZIP Transcription Factor 1,Protein Coding,5.972542,72
WWOX,WW Domain Containing Oxidoreductase,Protein Coding,5.969444,99
MIR491,MicroRNA 491,RNA Gene,5.964105,59
USP53,Ubiquitin Specific Peptidase 53,Protein Coding,5.9481544,79
XRCC3,X-Ray Repair Cross Complementing 3,Protein Coding,5.934534,86
IKBKB,Inhibitor Of Nuclear Factor Kappa B Kinase Subunit Beta,Protein Coding,5.9304156,100
LNCBRM,LncRNA SMARCA2 (BRM) Associated,RNA Gene,5.9266667,51
AMACR,Alpha-Methylacyl-CoA Racemase,Protein Coding,5.9232492,88
EHMT2,Euchromatic Histone Lysine Methyltransferase 2,Protein Coding,5.917408,94
LINC00941,Long Intergenic Non-Protein Coding RNA 941,RNA Gene,5.916311,59
PHF20,PHD Finger Protein 20,Protein Coding,5.914685,79
HADHA,Hydroxyacyl-CoA Dehydrogenase Trifunctional Multienzyme Complex Subunit Alpha,Protein Coding,5.9033237,100
MIR545,MicroRNA 545,RNA Gene,5.8994355,56
CSNK1A1,Casein Kinase 1 Alpha 1,Protein Coding,5.8850603,92
MIR487A,MicroRNA 487a,RNA Gene,5.881899,53
PSMG2,Proteasome Assembly Chaperone 2,Protein Coding,5.867912,77
DPP4,Dipeptidyl Peptidase 4,Protein Coding,5.86769,88
GTF2H1,General Transcription Factor IIH Subunit 1,Protein Coding,5.8617396,84
ODC1,Ornithine Decarboxylase 1,Protein Coding,5.848122,88
IL6ST,Interleukin 6 Cytokine Family Signal Transducer,Protein Coding,5.838445,100
LOXL2,Lysyl Oxidase Like 2,Protein Coding,5.824777,82
SLC25A47,Solute Carrier Family 25 Member 47,Protein Coding,5.7708025,58
CYP27A1,Cytochrome P450 Family 27 Subfamily A Member 1,Protein Coding,5.7682304,95
MIR33B,MicroRNA 33b,RNA Gene,5.7680426,66
MIR486-1,MicroRNA 486-1,RNA Gene,5.7512856,61
SHBG,Sex Hormone Binding Globulin,Protein Coding,5.7340465,72
GSTM2,Glutathione S-Transferase Mu 2,Protein Coding,5.729596,81
MGAT5,"Alpha-1,6-Mannosylglycoprotein 6-Beta-N-Acetylglucosaminyltransferase",Protein Coding,5.723367,72
MIR330,MicroRNA 330,RNA Gene,5.723367,57
NPC1,NPC Intracellular Cholesterol Transporter 1,Protein Coding,5.7228913,99
MIR196A2,MicroRNA 196a-2,RNA Gene,5.708731,59
MIR520F,MicroRNA 520f,RNA Gene,5.696558,51
RPLP0,Ribosomal Protein Lateral Stalk Subunit P0,Protein Coding,5.6711287,89
TFDP1,Transcription Factor Dp-1,Protein Coding,5.6711287,85
MT-TP,Mitochondrially Encoded TRNA-Pro (CCN),RNA Gene,5.670908,53
MIR362,MicroRNA 362,RNA Gene,5.6646414,57
NEK2,NIMA Related Kinase 2,Protein Coding,5.6591625,99
PPARD,Peroxisome Proliferator Activated Receptor Delta,Protein Coding,5.656006,91
HR,HR Lysine Demethylase And Nuclear Receptor Corepressor,Protein Coding,5.637411,83
MIR615,MicroRNA 615,RNA Gene,5.6321063,58
MIR326,MicroRNA 326,RNA Gene,5.626135,59
BAAT,Bile Acid-CoA:Amino Acid N-Acyltransferase,Protein Coding,5.624735,89
LOC111832670,Alpha Fetoprotein (AFP) 5' Regulatory Region,Functional Element,5.594953,46
HSD3B7,"Hydroxy-Delta-5-Steroid Dehydrogenase, 3 Beta- And Steroid Delta-Isomerase 7",Protein Coding,5.5720453,85
CSF1R,Colony Stimulating Factor 1 Receptor,Protein Coding,5.5694675,100
CDH17,Cadherin 17,Protein Coding,5.568703,82
FEN1,Flap Structure-Specific Endonuclease 1,Protein Coding,5.564438,89
VEGFC,Vascular Endothelial Growth Factor C,Protein Coding,5.552004,90
RCHY1,Ring Finger And CHY Zinc Finger Domain Containing 1,Protein Coding,5.5368013,79
YES1,"YES Proto-Oncogene 1, Src Family Tyrosine Kinase",Protein Coding,5.5242524,91
MIR501,MicroRNA 501,RNA Gene,5.5234075,58
GBA1,Glucosylceramidase Beta 1,Protein Coding,5.5211873,99
YTHDC2,YTH N6-Methyladenosine RNA Binding Protein C2,Protein Coding,5.5120173,82
MIR29B1,MicroRNA 29b-1,RNA Gene,5.5120173,71
WWTR1,WW Domain Containing Transcription Regulator 1,Protein Coding,5.511941,82
CYP3A5,Cytochrome P450 Family 3 Subfamily A Member 5,Protein Coding,5.510339,90
PON1,Paraoxonase 1,Protein Coding,5.5086026,86
SLC22A1,Solute Carrier Family 22 Member 1,Protein Coding,5.505964,86
PIK3CB,"Phosphatidylinositol-4,5-Bisphosphate 3-Kinase Catalytic Subunit Beta",Protein Coding,5.498237,94
PMS1,"PMS1 Homolog 1, Mismatch Repair System Component",Protein Coding,5.4831624,79
MIR582,MicroRNA 582,RNA Gene,5.479482,57
TNFAIP3,TNF Alpha Induced Protein 3,Protein Coding,5.471612,100
HLA-DQA1,"Major Histocompatibility Complex, Class II, DQ Alpha 1",Protein Coding,5.4550967,88
SET,SET Nuclear Proto-Oncogene,Protein Coding,5.4499226,87
SLC2A2,Solute Carrier Family 2 Member 2,Protein Coding,5.439304,100
SULT2A1,Sulfotransferase Family 2A Member 1,Protein Coding,5.4343104,80
RPS20,Ribosomal Protein S20,Protein Coding,5.433761,99
NUP62,Nucleoporin 62,Protein Coding,5.4308343,94
NAA40,"N-Alpha-Acetyltransferase 40, NatD Catalytic Subunit",Protein Coding,5.4080014,65
GALNT14,Polypeptide N-Acetylgalactosaminyltransferase 14,Protein Coding,5.4028244,69
CX3CR1,C-X3-C Motif Chemokine Receptor 1,Protein Coding,5.402014,88
CAMTA1-DT,CAMTA1 Divergent Transcript,RNA Gene,5.395893,49
APOE,Apolipoprotein E,Protein Coding,5.3839893,100
EIF2AK2,Eukaryotic Translation Initiation Factor 2 Alpha Kinase 2,Protein Coding,5.379574,100
SYK,Spleen Associated Tyrosine Kinase,Protein Coding,5.3742666,95
MIR522,MicroRNA 522,RNA Gene,5.3644147,54
HLA-DQB1,"Major Histocompatibility Complex, Class II, DQ Beta 1",Protein Coding,5.3605165,89
IER2,Immediate Early Response 2,Protein Coding,5.3475695,54
MIR193B,MicroRNA 193b,RNA Gene,5.3431983,59
DDR1,Discoidin Domain Receptor Tyrosine Kinase 1,Protein Coding,5.3265,87
CYP2B6,Cytochrome P450 Family 2 Subfamily B Member 6,Protein Coding,5.3204737,89
CALR,Calreticulin,Protein Coding,5.314192,94
CES1,Carboxylesterase 1,Protein Coding,5.3086634,87
CEBPB,CCAAT Enhancer Binding Protein Beta,Protein Coding,5.3086042,88
AGL,"Amylo-Alpha-1,6-Glucosidase And 4-Alpha-Glucanotransferase",Protein Coding,5.304828,94
PHKA2,Phosphorylase Kinase Regulatory Subunit Alpha 2,Protein Coding,5.304828,79
GLS,Glutaminase,Protein Coding,5.3022275,96
C11orf65,Chromosome 11 Open Reading Frame 65,Protein Coding,5.291438,69
MUTYH,MutY DNA Glycosylase,Protein Coding,5.277564,96
INSR,Insulin Receptor,Protein Coding,5.275283,100
PLPBP,Pyridoxal Phosphate Binding Protein,Protein Coding,5.2595925,74
ATXN2,Ataxin 2,Protein Coding,5.2426825,94
JPX,"JPX Transcript, XIST Activator",RNA Gene,5.239892,56
MIR381,MicroRNA 381,RNA Gene,5.2366066,56
MIR518E,MicroRNA 518e,RNA Gene,5.236149,57
GSR,Glutathione-Disulfide Reductase,Protein Coding,5.2267685,98
ROCK2,Rho Associated Coiled-Coil Containing Protein Kinase 2,Protein Coding,5.2261305,95
GSDME,Gasdermin E,Protein Coding,5.219967,87
TMX2-CTNND1,TMX2-CTNND1 Readthrough (NMD Candidate),Protein Coding,5.2129087,44
MAP2K2,Mitogen-Activated Protein Kinase Kinase 2,Protein Coding,5.2104673,100
IL12RB1,Interleukin 12 Receptor Subunit Beta 1,Protein Coding,5.207264,98
RBP5,Retinol Binding Protein 5,Protein Coding,5.1837296,59
STEAP3,STEAP3 Metalloreductase,Protein Coding,5.180938,86
NEU1,Neuraminidase 1,Protein Coding,5.1776066,92
GRAMD1A,GRAM Domain Containing 1A,Protein Coding,5.1735597,67
CHGA,Chromogranin A,Protein Coding,5.127215,73
CDX2,Caudal Type Homeobox 2,Protein Coding,5.1252346,79
NUCLEOLIN,Nucleolin Multifunctional Protein,Protein Coding,5.1200995,91
IRF5,Interferon Regulatory Factor 5,Protein Coding,5.1182737,88
SLC27A5,Solute Carrier Family 27 Member 5,Protein Coding,5.114788,86
ENPP2,Ectonucleotide Pyrophosphatase/Phosphodiesterase 2,Protein Coding,5.1116734,84
GPBAR1,G Protein-Coupled Bile Acid Receptor 1,Protein Coding,5.091358,80
SLC10A2,Solute Carrier Family 10 Member 2,Protein Coding,5.089165,83
MIR7-1,MicroRNA 7-1,RNA Gene,5.0875773,54
CYP2D6,Cytochrome P450 Family 2 Subfamily D Member 6 (Gene/Pseudogene),Protein Coding,5.083339,99
CXCR2,C-X-C Motif Chemokine Receptor 2,Protein Coding,5.0827937,98
MCM2,Minichromosome Maintenance Complex Component 2,Protein Coding,5.074443,100
PDCD1LG2,Programmed Cell Death 1 Ligand 2,Protein Coding,5.0705357,75
CAT,Catalase,Protein Coding,5.0682344,93
ADAR,Adenosine Deaminase RNA Specific,Protein Coding,5.0664,98
RECK,Reversion Inducing Cysteine Rich Protein With Kazal Motifs,Protein Coding,5.0663614,71
JAK3,Janus Kinase 3,Protein Coding,5.06132,100
LOC112272621,H3K27ac-H3K4me1 HESC Enhancers GRCh37_chr15:80452567-80453210 And GRCh37_chr15:80453211-80453853,Functional Element,5.059593,53
XRCC6,X-Ray Repair Cross Complementing 6,Protein Coding,5.0575914,88
BIRC2,Baculoviral IAP Repeat Containing 2,Protein Coding,5.0551143,92
TSPY1,Testis Specific Protein Y-Linked 1,Protein Coding,5.05432,58
TF,Transferrin,Protein Coding,5.0406055,100
IFNL4,Interferon Lambda 4 (Gene/Pseudogene),Protein Coding,5.0374603,54
KLB,Klotho Beta,Protein Coding,5.0348783,80
CSK,C-Terminal Src Kinase,Protein Coding,5.0327544,91
NPC2,NPC Intracellular Cholesterol Transporter 2,Protein Coding,5.018845,91
TRE-TTC3-1,TRNA-Glu (Anticodon TTC) 3-1,RNA Gene,5.016716,51
CX3CL1,C-X3-C Motif Chemokine Ligand 1,Protein Coding,5.0124745,82
CYP2C8,Cytochrome P450 Family 2 Subfamily C Member 8,Protein Coding,5.0038285,88
FGF21,Fibroblast Growth Factor 21,Protein Coding,5.002817,75
FANCA,FA Complementation Group A,Protein Coding,4.9963465,96
DHCR7,7-Dehydrocholesterol Reductase,Protein Coding,4.9859886,96
PRC1,Protein Regulator Of Cytokinesis 1,Protein Coding,4.985069,78
MEN1,Menin 1,Protein Coding,4.983029,100
HP,Haptoglobin,Protein Coding,4.977041,88
PARK7,Parkinsonism Associated Deglycase,Protein Coding,4.974008,96
TCP10L,T-Complex 10 Like,Protein Coding,4.9708734,54
PTPRH,Protein Tyrosine Phosphatase Receptor Type H,Protein Coding,4.9686313,72
GAB1,GRB2 Associated Binding Protein 1,Protein Coding,4.9605536,90
LOC110806263,TERT 5' Regulatory Region,Functional Element,4.958743,62
EML4,EMAP Like 4,Protein Coding,4.958155,84
CDK14,Cyclin Dependent Kinase 14,Protein Coding,4.956663,73
AKR1C3,Aldo-Keto Reductase Family 1 Member C3,Protein Coding,4.944375,87
FECH,Ferrochelatase,Protein Coding,4.9349084,97
IFNAR2,Interferon Alpha And Beta Receptor Subunit 2,Protein Coding,4.933668,100
TREM1,Triggering Receptor Expressed On Myeloid Cells 1,Protein Coding,4.9300394,78
MIR517A,MicroRNA 517a,RNA Gene,4.924849,56
ZBTB7A,Zinc Finger And BTB Domain Containing 7A,Protein Coding,4.914033,81
MIR101-2,MicroRNA 101-2,RNA Gene,4.912355,59
GBE1,"1,4-Alpha-Glucan Branching Enzyme 1",Protein Coding,4.911778,91
TTR,Transthyretin,Protein Coding,4.901462,97
MIR199A2,MicroRNA 199a-2,RNA Gene,4.8881636,58
HSPD1,Heat Shock Protein Family D (Hsp60) Member 1,Protein Coding,4.883248,100
LAG3,Lymphocyte Activating 3,Protein Coding,4.87337,81
ASNS,Asparagine Synthetase (Glutamine-Hydrolyzing),Protein Coding,4.872588,94
VPS33B,VPS33B Late Endosome And Lysosome Associated,Protein Coding,4.8659925,90
DDX3X,DEAD-Box Helicase 3 X-Linked,Protein Coding,4.859455,96
FAT1,FAT Atypical Cadherin 1,Protein Coding,4.8478875,88
GPT2,Glutamic--Pyruvic Transaminase 2,Protein Coding,4.8247366,82
TET2,Tet Methylcytosine Dioxygenase 2,Protein Coding,4.823697,91
MAGEE1,MAGE Family Member E1,Protein Coding,4.821232,52
MAGEC3,MAGE Family Member C3,Protein Coding,4.821232,47
MAGEE2,MAGE Family Member E2,Protein Coding,4.821232,43
MIR1247,MicroRNA 1247,RNA Gene,4.817236,52
NOS3,Nitric Oxide Synthase 3,Protein Coding,4.811174,100
CPS1,Carbamoyl-Phosphate Synthase 1,Protein Coding,4.796987,99
NDRG1,N-Myc Downstream Regulated 1,Protein Coding,4.796886,97
S100A9,S100 Calcium Binding Protein A9,Protein Coding,4.7917237,85
DDX17,DEAD-Box Helicase 17,Protein Coding,4.7904167,79
SLC17A5,Solute Carrier Family 17 Member 5,Protein Coding,4.78825,90
WRN,WRN RecQ Like Helicase,Protein Coding,4.7800508,100
ESR2,Estrogen Receptor 2,Protein Coding,4.778628,100
POLG,"DNA Polymerase Gamma, Catalytic Subunit",Protein Coding,4.7705183,97
EHHADH,Enoyl-CoA Hydratase And 3-Hydroxyacyl CoA Dehydrogenase,Protein Coding,4.768868,93
RSL1D1,Ribosomal L1 Domain Containing 1,Protein Coding,4.7627907,73
ABCG5,ATP Binding Cassette Subfamily G Member 5,Protein Coding,4.7609324,97
BRIP1,BRCA1 Interacting DNA Helicase 1,Protein Coding,4.7603087,100
KCNH1,Potassium Voltage-Gated Channel Subfamily H Member 1,Protein Coding,4.7603087,94
SLC67A1,Solute Carrier Family 67 Member 1,Protein Coding,4.7555637,76
MYB,"MYB Proto-Oncogene, Transcription Factor",Protein Coding,4.7459545,94
PIM1,"Pim-1 Proto-Oncogene, Serine/Threonine Kinase",Protein Coding,4.7388496,87
ABCC4,ATP Binding Cassette Subfamily C Member 4 (PEL Blood Group),Protein Coding,4.7343855,93
MIR421,MicroRNA 421,RNA Gene,4.731342,56
CHD1L,Chromodomain Helicase DNA Binding Protein 1 Like,Protein Coding,4.7141967,86
RACGAP1,Rac GTPase Activating Protein 1,Protein Coding,4.7078285,87
EWSR1,EWS RNA Binding Protein 1,Protein Coding,4.70657,86
FBLN5,Fibulin 5,Protein Coding,4.7065454,92
ATF6,Activating Transcription Factor 6,Protein Coding,4.7050953,97
CERNA2,Competing Endogenous LncRNA 2 For MicroRNA Let-7b,RNA Gene,4.7006693,53
CENPF,Centromere Protein F,Protein Coding,4.7005672,91
MIR663A,MicroRNA 663a,RNA Gene,4.6958456,55
LRP1B,LDL Receptor Related Protein 1B,Protein Coding,4.6949286,80
DLK1,Delta Like Non-Canonical Notch Ligand 1,Protein Coding,4.6885858,87
CCT3,Chaperonin Containing TCP1 Subunit 3,Protein Coding,4.6853933,85
PTCH1,Patched 1,Protein Coding,4.675648,100
LTF,Lactotransferrin,Protein Coding,4.6755176,90
AKR1D1,Aldo-Keto Reductase Family 1 Member D1,Protein Coding,4.6604953,89
BATF2,Basic Leucine Zipper ATF-Like Transcription Factor 2,Protein Coding,4.650049,60
FAS-AS1,FAS Antisense RNA 1,RNA Gene,4.6401806,54
SAA1,Serum Amyloid A1,Protein Coding,4.639422,79
NCAPG,Non-SMC Condensin I Complex Subunit G,Protein Coding,4.6383853,71
PTK2B,Protein Tyrosine Kinase 2 Beta,Protein Coding,4.6354065,94
CASP10,Caspase 10,Protein Coding,4.631195,100
SEMA3B,Semaphorin 3B,Protein Coding,4.630399,83
LOC129997612,ATAC-STARR-Seq Lymphoblastoid Silent Region 17757,Functional Element,4.627469,41
GJB2,Gap Junction Protein Beta 2,Protein Coding,4.6244864,89
PEX5,Peroxisomal Biogenesis Factor 5,Protein Coding,4.6213613,92
IFNGR1,Interferon Gamma Receptor 1,Protein Coding,4.619159,100
RBL2,RB Transcriptional Corepressor Like 2,Protein Coding,4.617617,90
TRIM37,Tripartite Motif Containing 37,Protein Coding,4.616244,93
PRKCD,Protein Kinase C Delta,Protein Coding,4.6065865,100
LCN2,Lipocalin 2,Protein Coding,4.605511,82
IL2RA,Interleukin 2 Receptor Subunit Alpha,Protein Coding,4.6049576,100
LDLR,Low Density Lipoprotein Receptor,Protein Coding,4.6026473,100
MYCN,"MYCN Proto-Oncogene, BHLH Transcription Factor",Protein Coding,4.5855217,99
HDAC6,Histone Deacetylase 6,Protein Coding,4.5816507,98
COL1A2,Collagen Type I Alpha 2 Chain,Protein Coding,4.5664287,100
MYO5B,Myosin VB,Protein Coding,4.564995,89
EXO1,Exonuclease 1,Protein Coding,4.5628166,91
LRP5,LDL Receptor Related Protein 5,Protein Coding,4.561931,100
GSTZ1,Glutathione S-Transferase Zeta 1,Protein Coding,4.5590963,84
CXCR3,C-X-C Motif Chemokine Receptor 3,Protein Coding,4.559058,85
SEMA4A,Semaphorin 4A,Protein Coding,4.5573406,89
EEF1A2,Eukaryotic Translation Elongation Factor 1 Alpha 2,Protein Coding,4.556586,94
DLG5,Discs Large MAGUK Scaffold Protein 5,Protein Coding,4.5548096,88
LNCNEF,LncRNA Neighboring Enhancer Of FOXA2,RNA Gene,4.5528145,53
MIR543,MicroRNA 543,RNA Gene,4.5386505,58
MIR187,MicroRNA 187,RNA Gene,4.5353127,56
LOC126806400,CDK7 Strongly-Dependent Group 2 Enhancer GRCh37_chr2:169791870-169793069,Functional Element,4.534918,56
MIR449A,MicroRNA 449a,RNA Gene,4.529699,60
PTGS1,Prostaglandin-Endoperoxide Synthase 1,Protein Coding,4.5256205,90
FANCD2,FA Complementation Group D2,Protein Coding,4.5136037,96
ALDOB,"Aldolase, Fructose-Bisphosphate B",Protein Coding,4.5050297,94
FTL,Ferritin Light Chain,Protein Coding,4.494056,96
SULF2,Sulfatase 2,Protein Coding,4.4889245,75
LOC113687175,H3K27ac-H3K4me1 HESC Enhancer GRCh37_chr7:100224056-100224820,Functional Element,4.4827695,57
SDC1,Syndecan 1,Protein Coding,4.480325,84
BARD1,BRCA1 Associated RING Domain 1,Protein Coding,4.4803247,100
RUVBL1,RuvB Like AAA ATPase 1,Protein Coding,4.4770756,94
MMP3,Matrix Metallopeptidase 3,Protein Coding,4.4750085,92
MIR369,MicroRNA 369,RNA Gene,4.4732604,56
SSTR2,Somatostatin Receptor 2,Protein Coding,4.463334,81
LTBP4,Latent Transforming Growth Factor Beta Binding Protein 4,Protein Coding,4.4630194,90
GPC3-AS1,GPC3 Antisense RNA 1,RNA Gene,4.4617295,49
MIR3677,MicroRNA 3677,RNA Gene,4.458224,52
MIR1262,MicroRNA 1262,RNA Gene,4.4580708,55
FOLH1,Folate Hydrolase 1,Protein Coding,4.451869,82
NUSAP1,Nucleolar And Spindle Associated Protein 1,Protein Coding,4.449812,65
DPYD,Dihydropyrimidine Dehydrogenase,Protein Coding,4.4496937,97
YWHAZ,Tyrosine 3-Monooxygenase/Tryptophan 5-Monooxygenase Activation Protein Zeta,Protein Coding,4.4411697,92
ID1,Inhibitor Of DNA Binding 1,Protein Coding,4.439736,79
F5,Coagulation Factor V,Protein Coding,4.4392805,99
NOTCH3,Notch Receptor 3,Protein Coding,4.4343233,100
PHKG2,Phosphorylase Kinase Catalytic Subunit Gamma 2,Protein Coding,4.433221,94
RMST,Rhabdomyosarcoma 2 Associated Transcript,RNA Gene,4.429781,56
GDF2,Growth Differentiation Factor 2,Protein Coding,4.4282227,81
CBL,Cbl Proto-Oncogene,Protein Coding,4.4257298,100
MIR518D,MicroRNA 518d,RNA Gene,4.4239106,56
XBP1,X-Box Binding Protein 1,Protein Coding,4.421496,86
TFEB,Transcription Factor EB,Protein Coding,4.420024,81
BLM,BLM RecQ Like Helicase,Protein Coding,4.418749,100
CA9,Carbonic Anhydrase 9,Protein Coding,4.4181037,82
LCAT,Lecithin-Cholesterol Acyltransferase,Protein Coding,4.414857,93
IDUA,Alpha-L-Iduronidase,Protein Coding,4.406047,92
HLA-DRA,"Major Histocompatibility Complex, Class II, DR Alpha",Protein Coding,4.4004307,90
FLCN,Folliculin,Protein Coding,4.39372,91
MIR181D,MicroRNA 181d,RNA Gene,4.389527,61
CDCA8,Cell Division Cycle Associated 8,Protein Coding,4.380674,74
BMP4,Bone Morphogenetic Protein 4,Protein Coding,4.3789253,100
MMP12,Matrix Metallopeptidase 12,Protein Coding,4.3757606,79
AZIN1,Antizyme Inhibitor 1,Protein Coding,4.3672023,66
IL36A,Interleukin 36 Alpha,Protein Coding,4.3672023,64
TNFSF15,TNF Superfamily Member 15,Protein Coding,4.364766,76
PKHD1,PKHD1 Ciliary IPT Domain Containing Fibrocystin/Polyductin,Protein Coding,4.3642793,84
RPS6,Ribosomal Protein S6,Protein Coding,4.364097,87
KIF11,Kinesin Family Member 11,Protein Coding,4.359226,98
KLHDC2,Kelch Domain Containing 2,Protein Coding,4.3586965,61
TLL1,Tolloid Like 1,Protein Coding,4.3584504,81
MIR518A1,MicroRNA 518a-1,RNA Gene,4.355244,58
LECT2,Leukocyte Cell Derived Chemotaxin 2,Protein Coding,4.3432426,59
KLK2,Kallikrein Related Peptidase 2,Protein Coding,4.334993,83
CADM1,Cell Adhesion Molecule 1,Protein Coding,4.3258023,85
LEP,Leptin,Protein Coding,4.3183894,95
TEK,TEK Receptor Tyrosine Kinase,Protein Coding,4.314099,100
ADAM10,ADAM Metallopeptidase Domain 10,Protein Coding,4.3112116,100
SLC39A14,Solute Carrier Family 39 Member 14,Protein Coding,4.3090663,90
TXNRD1,Thioredoxin Reductase 1,Protein Coding,4.3065596,92
RBMY1A1,RNA Binding Motif Protein Y-Linked Family 1 Member A1,Protein Coding,4.3049064,62
C3,Complement C3,Protein Coding,4.303863,100
CAVIN1,Caveolae Associated Protein 1,Protein Coding,4.303675,83
LAMTOR5,"Late Endosomal/Lysosomal Adaptor, MAPK And MTOR Activator 5",Protein Coding,4.3025627,74
UMPS,Uridine Monophosphate Synthetase,Protein Coding,4.2997923,97
RARG,Retinoic Acid Receptor Gamma,Protein Coding,4.29291,88
ALAS2,5'-Aminolevulinate Synthase 2,Protein Coding,4.2919154,93
DACT1,Dishevelled Binding Antagonist Of Beta Catenin 1,Protein Coding,4.29003,77
ZNF350-AS1,ZNF350 Antisense RNA 1,RNA Gene,4.29003,49
HSPA9,Heat Shock Protein Family A (Hsp70) Member 9,Protein Coding,4.287928,97
TFAM,"Transcription Factor A, Mitochondrial",Protein Coding,4.2820296,88
GAA,Alpha Glucosidase,Protein Coding,4.2807255,98
PEX14,Peroxisomal Biogenesis Factor 14,Protein Coding,4.2807255,87
DCDC2,Doublecortin Domain Containing 2,Protein Coding,4.2807255,81
PEX11B,Peroxisomal Biogenesis Factor 11 Beta,Protein Coding,4.2807255,77
ACKR3,Atypical Chemokine Receptor 3,Protein Coding,4.2801766,81
UNC45A,Unc-45 Myosin Chaperone A,Protein Coding,4.268631,81
GLP1R,Glucagon Like Peptide 1 Receptor,Protein Coding,4.2631283,86
PRKAR2A,Protein Kinase CAMP-Dependent Type II Regulatory Subunit Alpha,Protein Coding,4.262717,91
PRKAR2B,Protein Kinase CAMP-Dependent Type II Regulatory Subunit Beta,Protein Coding,4.262717,90
CD4,CD4 Molecule,Protein Coding,4.256981,95
OPTN,Optineurin,Protein Coding,4.2535357,100
DLAT,Dihydrolipoamide S-Acetyltransferase,Protein Coding,4.253343,96
SERPINA6,Serpin Family A Member 6,Protein Coding,4.2517715,79
INS,Insulin,Protein Coding,4.2510834,100
LINC01018,Long Intergenic Non-Protein Coding RNA 1018,RNA Gene,4.2501783,52
HPX,Hemopexin,Protein Coding,4.249265,74
SNORD44,"Small Nucleolar RNA, C/D Box 44",RNA Gene,4.2464643,51
MAP3K5,Mitogen-Activated Protein Kinase Kinase Kinase 5,Protein Coding,4.239723,92
NOTCH4,Notch Receptor 4,Protein Coding,4.237752,99
RIPK1,Receptor Interacting Serine/Threonine Kinase 1,Protein Coding,4.230241,100
PNPLA2,"Patatin Like Domain 2, Triacylglycerol Lipase",Protein Coding,4.2302194,96
CCEPR,Cervical Carcinoma Expressed PCNA Regulatory LncRNA,RNA Gene,4.2282786,51
GNE,Glucosamine (UDP-N-Acetyl)-2-Epimerase/N-Acetylmannosamine Kinase,Protein Coding,4.228036,92
PEX1,Peroxisomal Biogenesis Factor 1,Protein Coding,4.228036,86
IREB2,Iron Responsive Element Binding Protein 2,Protein Coding,4.227034,89
ZNF148,Zinc Finger Protein 148,Protein Coding,4.2246933,79
AKAP1,A-Kinase Anchoring Protein 1,Protein Coding,4.2235827,82
ALS2,Alsin Rho Guanine Nucleotide Exchange Factor ALS2,Protein Coding,4.2227106,94
IDS,Iduronate 2-Sulfatase,Protein Coding,4.2227106,89
FSCN1,Fascin Actin-Bundling Protein 1,Protein Coding,4.2154245,79
MIR302D,MicroRNA 302d,RNA Gene,4.214136,57
USP39,Ubiquitin Specific Peptidase 39,Protein Coding,4.2125764,75
CHI3L1,Chitinase 3 Like 1,Protein Coding,4.2088814,79
PIK3CD,"Phosphatidylinositol-4,5-Bisphosphate 3-Kinase Catalytic Subunit Delta",Protein Coding,4.207902,100
TGM2,Transglutaminase 2,Protein Coding,4.199583,89
VEGFB,Vascular Endothelial Growth Factor B,Protein Coding,4.1951256,84
POSTN,Periostin,Protein Coding,4.1903586,76
WT1,WT1 Transcription Factor,Protein Coding,4.179709,100
CDK8,Cyclin Dependent Kinase 8,Protein Coding,4.1704526,97
HES1,Hes Family BHLH Transcription Factor 1,Protein Coding,4.1703906,82
GOLPH3,Golgi Phosphoprotein 3,Protein Coding,4.1701937,65
TRMU,TRNA Mitochondrial 2-Thiouridylase,Protein Coding,4.1593695,84
RAG2,Recombination Activating 2,Protein Coding,4.1591935,82
BTK,Bruton Tyrosine Kinase,Protein Coding,4.156397,100
KRT9,Keratin 9,Protein Coding,4.1542335,81
IRAK1,Interleukin 1 Receptor Associated Kinase 1,Protein Coding,4.1530213,96
SUGP2,SURP And G-Patch Domain Containing 2,Protein Coding,4.145317,66
NEDD9,"Neural Precursor Cell Expressed, Developmentally Down-Regulated 9",Protein Coding,4.144738,78
PGR-AS1,PGR Antisense RNA 1,RNA Gene,4.141567,52
CBR1,Carbonyl Reductase 1,Protein Coding,4.1398754,81
TMPRSS6,Transmembrane Serine Protease 6,Protein Coding,4.131978,89
CYP1B1,Cytochrome P450 Family 1 Subfamily B Member 1,Protein Coding,4.1304884,100
MIR760,MicroRNA 760,RNA Gene,4.128509,55
ZHX2,Zinc Fingers And Homeoboxes 2,Protein Coding,4.125671,78
DLGAP1-AS2,DLGAP1 Antisense RNA 2,RNA Gene,4.1249733,53
SEPTIN9,Septin 9,Protein Coding,4.1231756,90
PDGFB,Platelet Derived Growth Factor Subunit B,Protein Coding,4.1202793,100
CYP19A1,Cytochrome P450 Family 19 Subfamily A Member 1,Protein Coding,4.120273,100
XPC,"XPC Complex Subunit, DNA Damage Recognition And Repair Factor",Protein Coding,4.1191206,100
MIR301B,MicroRNA 301b,RNA Gene,4.11874,58
NTS,Neurotensin,Protein Coding,4.1185284,70
CSNK2B,Casein Kinase 2 Beta,Protein Coding,4.117034,100
PIM2,"Pim-2 Proto-Oncogene, Serine/Threonine Kinase",Protein Coding,4.1158776,77
TGFA,Transforming Growth Factor Alpha,Protein Coding,4.113101,89
PSAP,Prosaposin,Protein Coding,4.1120567,99
DYNLRB1,Dynein Light Chain Roadblock-Type 1,Protein Coding,4.111268,72
SMU1,SMU1 DNA Replication Regulator And Spliceosomal Factor,Protein Coding,4.1099367,72
SF3B5,Splicing Factor 3b Subunit 5,Protein Coding,4.1099367,67
PWAR5,Prader Willi/Angelman Region RNA 5,RNA Gene,4.1028166,55
MIR3662,MicroRNA 3662,RNA Gene,4.10106,50
THBS2,Thrombospondin 2,Protein Coding,4.0916286,88
ASPM,Assembly Factor For Spindle Microtubules,Protein Coding,4.0838037,85
PGF,Placental Growth Factor,Protein Coding,4.0838037,79
SRF,Serum Response Factor,Protein Coding,4.0794334,81
POU2AF1,POU Class 2 Homeobox Associating Factor 1,Protein Coding,4.0776334,71
SIRT7,Sirtuin 7,Protein Coding,4.071704,81
HNRNPK,Heterogeneous Nuclear Ribonucleoprotein K,Protein Coding,4.0705867,100
TNPO3,Transportin 3,Protein Coding,4.06855,81
ATP1B1,ATPase Na+/K+ Transporting Subunit Beta 1,Protein Coding,4.0679865,87
SNW1,SNW Domain Containing 1,Protein Coding,4.064717,82
RECQL,RecQ Like Helicase,Protein Coding,4.0603986,91
POR,Cytochrome P450 Oxidoreductase,Protein Coding,4.0587435,100
FYN,"FYN Proto-Oncogene, Src Family Tyrosine Kinase",Protein Coding,4.057878,95
MIR429,MicroRNA 429,RNA Gene,4.057675,57
HDAC8,Histone Deacetylase 8,Protein Coding,4.0505543,100
RB1-DT,RB1 Divergent Transcript,RNA Gene,4.043408,55
XPO5,Exportin 5,Protein Coding,4.038184,87
TNFSF11,TNF Superfamily Member 11,Protein Coding,4.036253,99
CD14,CD14 Molecule,Protein Coding,4.035067,87
KMT2A,Lysine Methyltransferase 2A,Protein Coding,4.029609,100
CCR7,C-C Motif Chemokine Receptor 7,Protein Coding,4.0291295,82
PDE11A,Phosphodiesterase 11A,Protein Coding,4.024131,88
MST1,Macrophage Stimulating 1,Protein Coding,4.024131,85
VCP,Valosin Containing Protein,Protein Coding,4.022021,100
NR0B2,Nuclear Receptor Subfamily 0 Group B Member 2,Protein Coding,4.019396,86
IMP3,IMP U3 Small Nucleolar Ribonucleoprotein 3,Protein Coding,4.0138435,70
ABCC5,ATP Binding Cassette Subfamily C Member 5,Protein Coding,4.012773,83
PRKAA1,Protein Kinase AMP-Activated Catalytic Subunit Alpha 1,Protein Coding,4.01227,91
PPIA,Peptidylprolyl Isomerase A,Protein Coding,3.9963565,90
DDB1,Damage Specific DNA Binding Protein 1,Protein Coding,3.99545,90
PBK,PDZ Binding Kinase,Protein Coding,3.9943762,80
F2RL1,F2R Like Trypsin Receptor 1,Protein Coding,3.992285,81
TOP2B,DNA Topoisomerase II Beta,Protein Coding,3.9881432,99
SMARCB1,SWI/SNF Related BAF Chromatin Remodeling Complex Subunit B1,Protein Coding,3.9877524,100
ANXA7,Annexin A7,Protein Coding,3.984157,73
TTC36,Tetratricopeptide Repeat Domain 36,Protein Coding,3.983276,50
TPM3,Tropomyosin 3,Protein Coding,3.9791892,97
MIR302C,MicroRNA 302c,RNA Gene,3.979048,59
MYH9,Myosin Heavy Chain 9,Protein Coding,3.9786878,100
ROR2,Receptor Tyrosine Kinase Like Orphan Receptor 2,Protein Coding,3.9781127,99
HSD17B4,Hydroxysteroid 17-Beta Dehydrogenase 4,Protein Coding,3.9760232,100
MIR7-2,MicroRNA 7-2,RNA Gene,3.975885,56
MIR7-3,MicroRNA 7-3,RNA Gene,3.975885,56
IGFBP1,Insulin Like Growth Factor Binding Protein 1,Protein Coding,3.9705462,80
RIGI,RNA Sensor RIG-I,Protein Coding,3.9691806,100
ABCB6,ATP Binding Cassette Subfamily B Member 6 (LAN Blood Group),Protein Coding,3.963191,91
TUBB,Tubulin Beta Class I,Protein Coding,3.9617152,100
FCGR3A,Fc Gamma Receptor IIIa,Protein Coding,3.9616518,90
HEPACAM,Hepatic And Glial Cell Adhesion Molecule,Protein Coding,3.9595294,75
NSUN2,NOP2/Sun RNA Methyltransferase 2,Protein Coding,3.9555984,89
LPL,Lipoprotein Lipase,Protein Coding,3.9530613,100
MIR1294,MicroRNA 1294,RNA Gene,3.9506054,53
NAT2,N-Acetyltransferase 2,Protein Coding,3.9502888,81
NTHL1,Nth Like DNA Glycosylase 1,Protein Coding,3.948502,94
IFITM3,Interferon Induced Transmembrane Protein 3,Protein Coding,3.9472444,73
CTHRC1,Collagen Triple Helix Repeat Containing 1,Protein Coding,3.944388,61
LINCMD1,"Long Intergenic Non-Protein Coding RNA, Muscle Differentiation 1",RNA Gene,3.9433494,51
GPC1,Glypican 1,Protein Coding,3.9393885,82
PFKFB3,"6-Phosphofructo-2-Kinase/Fructose-2,6-Biphosphatase 3",Protein Coding,3.9363256,85
EFTUD2,Elongation Factor Tu GTP Binding Domain Containing 2,Protein Coding,3.9319956,97
CTSD,Cathepsin D,Protein Coding,3.931304,100
MAT2B,Methionine Adenosyltransferase 2 Non-Catalytic Beta Subunit,Protein Coding,3.9265003,80
AMER1,APC Membrane Recruitment Protein 1,Protein Coding,3.9251366,81
SLC11A2,Solute Carrier Family 11 Member 2,Protein Coding,3.9250114,94
PRDX3,Peroxiredoxin 3,Protein Coding,3.9165096,83
CTSB,Cathepsin B,Protein Coding,3.9152665,100
CD68,CD68 Molecule,Protein Coding,3.9144437,74
CD34,CD34 Molecule,Protein Coding,3.9125755,79
SPIB,Spi-B Transcription Factor,Protein Coding,3.9027746,66
PAK4,P21 (RAC1) Activated Kinase 4,Protein Coding,3.9009,93
EGOT,Eosinophil Granule Ontogeny Transcript,RNA Gene,3.899817,56
PDIA3,Protein Disulfide Isomerase Family A Member 3,Protein Coding,3.8986788,90
ANGPT1,Angiopoietin 1,Protein Coding,3.8946366,97
MAPT,Microtubule Associated Protein Tau,Protein Coding,3.893943,100
MIR876,MicroRNA 876,RNA Gene,3.8879282,56
GPATCH4,G-Patch Domain Containing 4 (Gene/Pseudogene),Protein Coding,3.8873882,55
MIR154,MicroRNA 154,RNA Gene,3.8847623,56
SNRNP40,Small Nuclear Ribonucleoprotein U5 Subunit 40,Protein Coding,3.8826423,77
RAB10,"RAB10, Member RAS Oncogene Family",Protein Coding,3.880799,81
TRN-GTT2-1,TRNA-Asn (Anticodon GTT) 2-1,RNA Gene,3.8807526,51
CTNNA1,Catenin Alpha 1,Protein Coding,3.8781085,100
SELENOI,Selenoprotein I,Protein Coding,3.8742948,69
ACADVL,Acyl-CoA Dehydrogenase Very Long Chain,Protein Coding,3.866279,100
MIR889,MicroRNA 889,RNA Gene,3.8645558,56
PML,PML Nuclear Body Scaffold,Protein Coding,3.8645103,95
CYLD,CYLD Lysine 63 Deubiquitinase,Protein Coding,3.8615985,100
USP7,Ubiquitin Specific Peptidase 7,Protein Coding,3.8565416,100
OGG1,8-Oxoguanine DNA Glycosylase,Protein Coding,3.8563378,87
SRPK1,SRSF Protein Kinase 1,Protein Coding,3.8553543,83
BHMT,Betaine--Homocysteine S-Methyltransferase,Protein Coding,3.8547707,80
DTL,Denticleless E3 Ubiquitin Protein Ligase Adapter,Protein Coding,3.854618,75
DRD2,Dopamine Receptor D2,Protein Coding,3.8520002,100
PAK1,P21 (RAC1) Activated Kinase 1,Protein Coding,3.849134,99
MIR498,MicroRNA 498,RNA Gene,3.8486388,57
KLF8,KLF Transcription Factor 8,Protein Coding,3.8484113,70
SOS1,SOS Ras/Rac Guanine Nucleotide Exchange Factor 1,Protein Coding,3.8437479,100
METTL6,"Methyltransferase 6, TRNA N3-Cytidine",Protein Coding,3.843508,60
IQGAP2,IQ Motif Containing GTPase Activating Protein 2,Protein Coding,3.8421874,83
IL1RN,Interleukin 1 Receptor Antagonist,Protein Coding,3.8351707,97
TEAD1,TEA Domain Transcription Factor 1,Protein Coding,3.8316584,94
DVL2,Dishevelled Segment Polarity Protein 2,Protein Coding,3.8290093,93
PTHLH,Parathyroid Hormone Like Hormone,Protein Coding,3.8280475,86
HSPA8,Heat Shock Protein Family A (Hsp70) Member 8,Protein Coding,3.8257532,93
ITPA,Inosine Triphosphatase,Protein Coding,3.821121,92
TTN,Titin,Protein Coding,3.8183594,98
SYVN1,Synoviolin 1,Protein Coding,3.8179467,81
CLDN7,Claudin 7,Protein Coding,3.8163638,73
LGALS9,Galectin 9,Protein Coding,3.8137813,79
RPA1,Replication Protein A1,Protein Coding,3.8118076,91
CYP3A7,Cytochrome P450 Family 3 Subfamily A Member 7,Protein Coding,3.8100152,79
TET1,Tet Methylcytosine Dioxygenase 1,Protein Coding,3.8099465,78
TTK,TTK Protein Kinase,Protein Coding,3.8039587,82
SEMA6A,Semaphorin 6A,Protein Coding,3.8037806,76
TREM2,Triggering Receptor Expressed On Myeloid Cells 2,Protein Coding,3.8033564,89
SCARNA22,Small Cajal Body-Specific RNA 22,RNA Gene,3.797199,53
UHRF1,Ubiquitin Like With PHD And Ring Finger Domains 1,Protein Coding,3.7938442,85
LINC01307,Long Intergenic Non-Protein Coding RNA 1307,RNA Gene,3.792006,49
MIR4443,MicroRNA 4443,RNA Gene,3.7896857,51
CAP2,Cyclase Associated Actin Cytoskeleton Regulatory Protein 2,Protein Coding,3.7849958,76
F9,Coagulation Factor IX,Protein Coding,3.7833548,100
GC,GC Vitamin D Binding Protein,Protein Coding,3.7818704,82
SAMD9L,Sterile Alpha Motif Domain Containing 9 Like,Protein Coding,3.7813027,68
SLC3A2,Solute Carrier Family 3 Member 2,Protein Coding,3.7805138,89
UBE2C,Ubiquitin Conjugating Enzyme E2 C,Protein Coding,3.776701,83
PECAM1,Platelet And Endothelial Cell Adhesion Molecule 1,Protein Coding,3.7765589,88
MIR1269A,MicroRNA 1269a,RNA Gene,3.776455,53
CYP8B1,Cytochrome P450 Family 8 Subfamily B Member 1,Protein Coding,3.7675338,74
FUCA1,Alpha-L-Fucosidase 1,Protein Coding,3.7658284,85
MIR95,MicroRNA 95,RNA Gene,3.7658284,57
PDK1,Pyruvate Dehydrogenase Kinase 1,Protein Coding,3.7612946,90
TXNDC5,Thioredoxin Domain Containing 5,Protein Coding,3.7611318,76
DHX9,DExH-Box Helicase 9,Protein Coding,3.7606826,92
MCM3,Minichromosome Maintenance Complex Component 3,Protein Coding,3.7606826,87
GLO1,Glyoxalase I,Protein Coding,3.7605476,76
PPP2R1A,Protein Phosphatase 2 Scaffold Subunit Aalpha,Protein Coding,3.7602909,97
NKX2-1,NK2 Homeobox 1,Protein Coding,3.7581916,88
CDC42,Cell Division Cycle 42,Protein Coding,3.7574284,99
UCK2,Uridine-Cytidine Kinase 2,Protein Coding,3.753244,73
ELN,Elastin,Protein Coding,3.7498345,86
NOD2,Nucleotide Binding Oligomerization Domain Containing 2,Protein Coding,3.747716,100
F2R,Coagulation Factor II Thrombin Receptor,Protein Coding,3.7433558,87
MIR299,MicroRNA 299,RNA Gene,3.7419517,56
SLPI,Secretory Leukocyte Peptidase Inhibitor,Protein Coding,3.741187,71
CUL3,Cullin 3,Protein Coding,3.7349608,100
KLF9,KLF Transcription Factor 9,Protein Coding,3.7349608,71
CDK9,Cyclin Dependent Kinase 9,Protein Coding,3.7297058,91
BMP7,Bone Morphogenetic Protein 7,Protein Coding,3.729525,93
FTCD,Formimidoyltransferase Cyclodeaminase,Protein Coding,3.7279296,89
STUB1,STIP1 Homology And U-Box Containing Protein 1,Protein Coding,3.7255154,97
SRD5A2,Steroid 5 Alpha-Reductase 2,Protein Coding,3.7251208,94
TRIM28,Tripartite Motif Containing 28,Protein Coding,3.7219896,99
ARHGAP44,Rho GTPase Activating Protein 44,Protein Coding,3.7126362,74
ATG101,Autophagy Related 101,Protein Coding,3.7126362,67
RAB11FIP4,RAB11 Family Interacting Protein 4,Protein Coding,3.7126362,67
BLZF1,Basic Leucine Zipper Nuclear Factor 1,Protein Coding,3.7126362,66
PC,Pyruvate Carboxylase,Protein Coding,3.7112024,100
GRN,Granulin Precursor,Protein Coding,3.705808,96
HBA1,Hemoglobin Subunit Alpha 1,Protein Coding,3.7016041,99
SP3,Sp3 Transcription Factor,Protein Coding,3.7015789,83
IPO7,Importin 7,Protein Coding,3.698521,73
GLI2,GLI Family Zinc Finger 2,Protein Coding,3.6961484,98
ILF3,Interleukin Enhancer Binding Factor 3,Protein Coding,3.6926808,83
ATP1A1,ATPase Na+/K+ Transporting Subunit Alpha 1,Protein Coding,3.691724,100
HIPK2,Homeodomain Interacting Protein Kinase 2,Protein Coding,3.691553,90
HNRNPA1,Heterogeneous Nuclear Ribonucleoprotein A1,Protein Coding,3.689393,99
ATF3,Activating Transcription Factor 3,Protein Coding,3.689393,87
UGT1A7,UDP Glucuronosyltransferase Family 1 Member A7,Protein Coding,3.6864164,92
SLC15A2,Solute Carrier Family 15 Member 2,Protein Coding,3.6817667,76
SSRP1,Structure Specific Recognition Protein 1,Protein Coding,3.681171,85
MIR190B,MicroRNA 190b,RNA Gene,3.6806595,58
FLNA,Filamin A,Protein Coding,3.6790986,100
ADAM9,ADAM Metallopeptidase Domain 9,Protein Coding,3.677672,95
ACVR2A,Activin A Receptor Type 2A,Protein Coding,3.6734838,83
ANXA4,Annexin A4,Protein Coding,3.6732578,75
XRCC5,X-Ray Repair Cross Complementing 5,Protein Coding,3.6726463,91
PEBP1,Phosphatidylethanolamine Binding Protein 1,Protein Coding,3.671236,78
MAGI1,"Membrane Associated Guanylate Kinase, WW And PDZ Domain Containing 1",Protein Coding,3.6621337,78
RPSA,Ribosomal Protein SA,Protein Coding,3.6603878,100
APAF1,Apoptotic Peptidase Activating Factor 1,Protein Coding,3.6573253,94
MAP3K1,Mitogen-Activated Protein Kinase Kinase Kinase 1,Protein Coding,3.6527162,100
CLIC1,Chloride Intracellular Channel 1,Protein Coding,3.6527162,73
MCM6,Minichromosome Maintenance Complex Component 6,Protein Coding,3.651712,88
CHUK,Component Of Inhibitor Of Nuclear Factor Kappa B Kinase Complex,Protein Coding,3.6445365,100
FOXC1,Forkhead Box C1,Protein Coding,3.6423368,89
APOBEC1,Apolipoprotein B MRNA Editing Enzyme Catalytic Subunit 1,Protein Coding,3.6399405,72
RASSF5,Ras Association Domain Family Member 5,Protein Coding,3.6395965,77
MTHFD1,"Methylenetetrahydrofolate Dehydrogenase, Cyclohydrolase And Formyltetrahydrofolate Synthetase 1",Protein Coding,3.6383443,100
MIR452,MicroRNA 452,RNA Gene,3.636023,55
CCDC6,Coiled-Coil Domain Containing 6,Protein Coding,3.6317003,69
DCK,Deoxycytidine Kinase,Protein Coding,3.6304238,81
EFEMP2,EGF-Like Fibulin Extracellular Matrix Protein 2,Protein Coding,3.6265342,88
IFNAR1,Interferon Alpha And Beta Receptor Subunit 1,Protein Coding,3.6258247,100
PRPS1,Phosphoribosyl Pyrophosphate Synthetase 1,Protein Coding,3.6249218,94
SCARB1,Scavenger Receptor Class B Member 1,Protein Coding,3.6216228,97
HDAC5,Histone Deacetylase 5,Protein Coding,3.6190872,94
CPQ,Carboxypeptidase Q,Protein Coding,3.6188939,66
HDAC11,Histone Deacetylase 11,Protein Coding,3.6169052,86
KMT2D,Lysine Methyltransferase 2D,Protein Coding,3.6159768,100
MAPK7,Mitogen-Activated Protein Kinase 7,Protein Coding,3.6146164,92
THBS1,Thrombospondin 1,Protein Coding,3.6117396,95
FCGR2B,Fc Gamma Receptor IIb,Protein Coding,3.600089,88
PGAM5,"PGAM Family Member 5, Mitochondrial Serine/Threonine Protein Phosphatase",Protein Coding,3.594984,74
FLVCR1,FLVCR Choline And Heme Transporter 1,Protein Coding,3.5945022,85
APLN,Apelin,Protein Coding,3.5904317,67
PLK4,Polo Like Kinase 4,Protein Coding,3.5861738,100
AIFM1,Apoptosis Inducing Factor Mitochondria Associated 1,Protein Coding,3.583757,96
MERTK,"MER Proto-Oncogene, Tyrosine Kinase",Protein Coding,3.581525,99
DLL4,Delta Like Canonical Notch Ligand 4,Protein Coding,3.5795183,91
CD8A,CD8 Subunit Alpha,Protein Coding,3.577232,94
SRRD,SRR1 Domain Containing,Protein Coding,3.5749013,45
GARS1,Glycyl-TRNA Synthetase 1,Protein Coding,3.5678842,97
LYN,"LYN Proto-Oncogene, Src Family Tyrosine Kinase",Protein Coding,3.5645273,100
IL10RB,Interleukin 10 Receptor Subunit Beta,Protein Coding,3.553166,97
CIDEC,Cell Death Inducing DFFA Like Effector C,Protein Coding,3.553166,73
SLC7A7,Solute Carrier Family 7 Member 7,Protein Coding,3.5523167,89
MPO,Myeloperoxidase,Protein Coding,3.5516598,93
FICD,FIC Domain Protein Adenylyltransferase,Protein Coding,3.5472918,61
FBXO22,F-Box Protein 22,Protein Coding,3.5462358,72
KMT5A,Lysine Methyltransferase 5A,Protein Coding,3.5422971,86
RACK1,Receptor For Activated C Kinase 1,Protein Coding,3.537162,90
STC2,Stanniocalcin 2,Protein Coding,3.537162,66
PROX1,Prospero Homeobox 1,Protein Coding,3.532848,76
HBA2,Hemoglobin Subunit Alpha 2,Protein Coding,3.523598,94
CDH13,Cadherin 13,Protein Coding,3.5233555,91
PRDX2,Peroxiredoxin 2,Protein Coding,3.5210598,83
A2M,Alpha-2-Macroglobulin,Protein Coding,3.5209515,91
MLXIPL,MLX Interacting Protein Like,Protein Coding,3.5167499,86
ACVR1,Activin A Receptor Type 1,Protein Coding,3.5160427,98
HDAC4,Histone Deacetylase 4,Protein Coding,3.5153956,100
GUSB,Glucuronidase Beta,Protein Coding,3.5140316,98
SCP2,Sterol Carrier Protein 2,Protein Coding,3.5140316,97
ARSB,Arylsulfatase B,Protein Coding,3.5140316,94
KMT2B,Lysine Methyltransferase 2B,Protein Coding,3.5137143,95
MIR1246,MicroRNA 1246,RNA Gene,3.5137143,56
LIPA,"Lipase A, Lysosomal Acid Type",Protein Coding,3.512907,91
RBM10,RNA Binding Motif Protein 10,Protein Coding,3.5112417,92
PHB1,Prohibitin 1,Protein Coding,3.5061333,84
PTBP1,Polypyrimidine Tract Binding Protein 1,Protein Coding,3.5046449,90
OCLN,Occludin,Protein Coding,3.5043154,94
RUVBL2,RuvB Like AAA ATPase 2,Protein Coding,3.5032785,85
RPL7L1,Ribosomal Protein L7 Like 1,Protein Coding,3.5028725,60
METTL2A,"Methyltransferase 2A, TRNA N3-Cytidine",Protein Coding,3.5028725,56
HLA-C,"Major Histocompatibility Complex, Class I, C",Protein Coding,3.5001893,93
ABCF1,ATP Binding Cassette Subfamily F Member 1,Protein Coding,3.4976315,81
IMPDH1,Inosine Monophosphate Dehydrogenase 1,Protein Coding,3.4967093,100
OTUB1,"OTU Deubiquitinase, Ubiquitin Aldehyde Binding 1",Protein Coding,3.4967093,76
LIMK1,LIM Domain Kinase 1,Protein Coding,3.488894,98
TRPC4AP,Transient Receptor Potential Cation Channel Subfamily C Member 4 Associated Protein,Protein Coding,3.4884703,70
RALBP1,RalA Binding Protein 1,Protein Coding,3.4876175,85
S1PR1,Sphingosine-1-Phosphate Receptor 1,Protein Coding,3.486953,89
PRMT1,Protein Arginine Methyltransferase 1,Protein Coding,3.4864235,92
NOX4,NADPH Oxidase 4,Protein Coding,3.4864235,88
FLVCR1-DT,FLVCR1 Divergent Transcript,RNA Gene,3.4807928,53
SPOP,Speckle Type BTB/POZ Protein,Protein Coding,3.480417,94
ANXA1,Annexin A1,Protein Coding,3.4803057,90
SDHA,Succinate Dehydrogenase Complex Flavoprotein Subunit A,Protein Coding,3.4758487,100
NUMB,NUMB Endocytic Adaptor Protein,Protein Coding,3.4733856,88
TFPI2,Tissue Factor Pathway Inhibitor 2,Protein Coding,3.4728658,72
DDX39B,DExD-Box Helicase 39B,Protein Coding,3.4720445,84
THOP1,Thimet Oligopeptidase 1,Protein Coding,3.4720044,70
EIF4A3,Eukaryotic Translation Initiation Factor 4A3,Protein Coding,3.4707987,87
HMGCL,3-Hydroxy-3-Methylglutaryl-CoA Lyase,Protein Coding,3.469825,92
MVK,Mevalonate Kinase,Protein Coding,3.4696124,99
GNS,Glucosamine (N-Acetyl)-6-Sulfatase,Protein Coding,3.4696124,92
VPS33A,VPS33A Core Subunit Of CORVET And HOPS Complexes,Protein Coding,3.4696124,89
RUNX2,RUNX Family Transcription Factor 2,Protein Coding,3.4663959,100
ADH1B,"Alcohol Dehydrogenase 1B (Class I), Beta Polypeptide",Protein Coding,3.4630547,84
SLC22A7,Solute Carrier Family 22 Member 7,Protein Coding,3.4612856,79
MT1G,Metallothionein 1G,Protein Coding,3.4567604,64
HSPA1B,Heat Shock Protein Family A (Hsp70) Member 1B,Protein Coding,3.4533234,84
NONO,Non-POU Domain Containing Octamer Binding,Protein Coding,3.453192,88
BDNF,Brain Derived Neurotrophic Factor,Protein Coding,3.45198,100
RNF31,Ring Finger Protein 31,Protein Coding,3.451796,95
FOXA3,Forkhead Box A3,Protein Coding,3.451796,73
CHKA,Choline Kinase Alpha,Protein Coding,3.4503906,84
NMNAT1,Nicotinamide Nucleotide Adenylyltransferase 1,Protein Coding,3.450183,92
ZNF99,Zinc Finger Protein 99,Protein Coding,3.450183,53
PAH,Phenylalanine Hydroxylase,Protein Coding,3.449087,94
LPA,Lipoprotein(A),Protein Coding,3.4469185,80
PEX7,Peroxisomal Biogenesis Factor 7,Protein Coding,3.4442406,89
PEX6,Peroxisomal Biogenesis Factor 6,Protein Coding,3.4442406,85
PEX16,Peroxisomal Biogenesis Factor 16,Protein Coding,3.4442406,80
VIPAS39,"VPS33B Interacting Protein, Apical-Basolateral Polarity Regulator, Spe-39 Homolog",Protein Coding,3.4442406,78
MIR34B,MicroRNA 34b,RNA Gene,3.4359717,67
MAP2K6,Mitogen-Activated Protein Kinase Kinase 6,Protein Coding,3.4335496,89
ACO1,Aconitase 1,Protein Coding,3.4325988,80
MIR105-1,MicroRNA 105-1,RNA Gene,3.428794,61
MIR624,MicroRNA 624,RNA Gene,3.428794,55
CD40LG,CD40 Ligand,Protein Coding,3.4281197,98
PIK3R3,Phosphoinositide-3-Kinase Regulatory Subunit 3,Protein Coding,3.427532,90
HSF1,Heat Shock Transcription Factor 1,Protein Coding,3.423726,87
SLK,STE20 Like Kinase,Protein Coding,3.4236126,84
MAPK11,Mitogen-Activated Protein Kinase 11,Protein Coding,3.4209628,90
FGF9,Fibroblast Growth Factor 9,Protein Coding,3.4192607,91
PCBP2,Poly(RC) Binding Protein 2,Protein Coding,3.4171379,86
NDC80,NDC80 Kinetochore Complex Component,Protein Coding,3.4171379,77
PEPD,Peptidase D,Protein Coding,3.4169228,86
PDHA1,Pyruvate Dehydrogenase E1 Subunit Alpha 1,Protein Coding,3.4155722,97
NR5A2,Nuclear Receptor Subfamily 5 Group A Member 2,Protein Coding,3.4127047,84
NCOA3,Nuclear Receptor Coactivator 3,Protein Coding,3.412523,94
CLPTM1L,CLPTM1 Like,Protein Coding,3.4119773,66
ANXA3,Annexin A3,Protein Coding,3.4117513,77
ANAPC11,Anaphase Promoting Complex Subunit 11,Protein Coding,3.4091258,79
VPS54,VPS54 Subunit Of GARP Complex,Protein Coding,3.4091258,69
METTL21A,"Methyltransferase 21A, HSPA Lysine",Protein Coding,3.4091258,65
EEF1AKMT3,EEF1A Lysine Methyltransferase 3,Protein Coding,3.4091258,63
LINC01451,Long Intergenic Non-Protein Coding RNA 1451,RNA Gene,3.4091258,53
MIR581,MicroRNA 581,RNA Gene,3.4062784,52
PRKCE,Protein Kinase C Epsilon,Protein Coding,3.4032664,93
EEF1D,Eukaryotic Translation Elongation Factor 1 Delta,Protein Coding,3.4019449,85
USP1,Ubiquitin Specific Peptidase 1,Protein Coding,3.4019449,82
LAMB1,Laminin Subunit Beta 1,Protein Coding,3.4017217,100
ACTN4,Actinin Alpha 4,Protein Coding,3.398366,100
MIR5188,MicroRNA 5188,RNA Gene,3.3963892,50
GRIK1,Glutamate Ionotropic Receptor Kainate Type Subunit 1,Protein Coding,3.3956993,86
BIRC7,Baculoviral IAP Repeat Containing 7,Protein Coding,3.3896596,77
KRT14,Keratin 14,Protein Coding,3.3853123,89
CTAG1B,Cancer/Testis Antigen 1B,Protein Coding,3.3852687,53
METTL1,"Methyltransferase 1, TRNA Methylguanosine",Protein Coding,3.3848495,75
ZNF606,Zinc Finger Protein 606,Protein Coding,3.3815165,60
PTCHD4,Patched Domain Containing 4,Protein Coding,3.3815165,53
RORA,RAR Related Orphan Receptor A,Protein Coding,3.3755412,100
GFER,"Growth Factor, Augmenter Of Liver Regeneration",Protein Coding,3.3651993,85
SETX,Senataxin,Protein Coding,3.3646834,88
PWAR4,Prader Willi/Angelman Region RNA 4,RNA Gene,3.3618588,53
TPT1,"Tumor Protein, Translationally-Controlled 1",Protein Coding,3.3607657,79
RPL17,Ribosomal Protein L17,Protein Coding,3.3572793,86
DDX5,DEAD-Box Helicase 5,Protein Coding,3.3559897,91
KAT2A,Lysine Acetyltransferase 2A,Protein Coding,3.354236,92
PRKAG2,Protein Kinase AMP-Activated Non-Catalytic Subunit Gamma 2,Protein Coding,3.3482563,100
ASAH1,N-Acylsphingosine Amidohydrolase 1,Protein Coding,3.3482563,99
GATA3,GATA Binding Protein 3,Protein Coding,3.3475442,100
MGAT4A,"Alpha-1,3-Mannosyl-Glycoprotein 4-Beta-N-Acetylglucosaminyltransferase A",Protein Coding,3.3464484,74
CXCL5,C-X-C Motif Chemokine Ligand 5,Protein Coding,3.3424854,73
STK3,Serine/Threonine Kinase 3,Protein Coding,3.3409283,87
EGFL7,EGF Like Domain Multiple 7,Protein Coding,3.3403578,69
KIF20A,Kinesin Family Member 20A,Protein Coding,3.3388693,91
PABPC1,Poly(A) Binding Protein Cytoplasmic 1,Protein Coding,3.3388693,91
UBE2T,Ubiquitin Conjugating Enzyme E2 T,Protein Coding,3.3388693,82
DNASE1L3,Deoxyribonuclease 1L3,Protein Coding,3.3388693,79
YWHAE,Tyrosine 3-Monooxygenase/Tryptophan 5-Monooxygenase Activation Protein Epsilon,Protein Coding,3.3381124,95
SRSF1,Serine And Arginine Rich Splicing Factor 1,Protein Coding,3.3381124,88
FUBP1,Far Upstream Element Binding Protein 1,Protein Coding,3.3381124,74
GOLGA6L2,Golgin A6 Family Like 2,Protein Coding,3.336712,41
PRKCB,Protein Kinase C Beta,Protein Coding,3.3299148,94
FAM13A,Family With Sequence Similarity 13 Member A,Protein Coding,3.3298044,67
TDO2,"Tryptophan 2,3-Dioxygenase",Protein Coding,3.3289866,81
PTPN13,Protein Tyrosine Phosphatase Non-Receptor Type 13,Protein Coding,3.3278902,94
NIFK,Nucleolar Protein Interacting With The FHA Domain Of MKI67,Protein Coding,3.3278902,60
SLC51A,Solute Carrier Family 51 Member A,Protein Coding,3.3270123,76
FBXL5,F-Box And Leucine Rich Repeat Protein 5,Protein Coding,3.3255491,75
AIM2,Absent In Melanoma 2,Protein Coding,3.3240433,77
GADD45G,Growth Arrest And DNA Damage Inducible Gamma,Protein Coding,3.321434,73
GPI,Glucose-6-Phosphate Isomerase,Protein Coding,3.3199224,100
CXCL2,C-X-C Motif Chemokine Ligand 2,Protein Coding,3.3198042,79
IL37,Interleukin 37,Protein Coding,3.3194427,75
DKC1,Dyskerin Pseudouridine Synthase 1,Protein Coding,3.3166423,97
WNT9A,Wnt Family Member 9A,Protein Coding,3.3165185,69
S1PR2,Sphingosine-1-Phosphate Receptor 2,Protein Coding,3.3121643,91
AZGP1,"Alpha-2-Glycoprotein 1, Zinc-Binding",Protein Coding,3.3098269,76
ARAF,"A-Raf Proto-Oncogene, Serine/Threonine Kinase",Protein Coding,3.3026524,90
USP14,Ubiquitin Specific Peptidase 14,Protein Coding,3.3010323,89
CIP2A,Cellular Inhibitor Of PP2A,Protein Coding,3.3010323,66
MIR4688,MicroRNA 4688,RNA Gene,3.3003523,49
PPP1R13L,Protein Phosphatase 1 Regulatory Subunit 13 Like,Protein Coding,3.299356,90
SPRY2,Sprouty RTK Signaling Antagonist 2,Protein Coding,3.299356,80
ATR,ATR Checkpoint Kinase,Protein Coding,3.2984953,100
TTC33,Tetratricopeptide Repeat Domain 33,Protein Coding,3.2984467,44
G6PC3,Glucose-6-Phosphatase Catalytic Subunit 3,Protein Coding,3.297705,84
HBS1L,HBS1 Like Translational GTPase,Protein Coding,3.297705,74
PCBP1,Poly(RC) Binding Protein 1,Protein Coding,3.2975311,77
MTSS1,MTSS I-BAR Domain Containing 1,Protein Coding,3.2975311,74
CKS2,CDC28 Protein Kinase Regulatory Subunit 2,Protein Coding,3.2969859,63
GLS2,Glutaminase 2,Protein Coding,3.2940156,81
NCOA4,Nuclear Receptor Coactivator 4,Protein Coding,3.2908292,77
RIPK3,Receptor Interacting Serine/Threonine Kinase 3,Protein Coding,3.2906103,88
CUL1,Cullin 1,Protein Coding,3.2894096,87
MRPS27,Mitochondrial Ribosomal Protein S27,Protein Coding,3.2839959,73
KDM4A,Lysine Demethylase 4A,Protein Coding,3.2837822,86
TP63,Tumor Protein P63,Protein Coding,3.2830234,100
H4C3,H4 Clustered Histone 3,Protein Coding,3.2817595,78
HMMR,Hyaluronan Mediated Motility Receptor,Protein Coding,3.2817595,75
ILF2,Interleukin Enhancer Binding Factor 2,Protein Coding,3.2817595,73
KRT1,Keratin 1,Protein Coding,3.2798038,95
NPHP1,Nephrocystin 1,Protein Coding,3.2784653,91
NPHP3,Nephrocystin 3,Protein Coding,3.2784653,90
MKS1,MKS Transition Zone Complex Subunit 1,Protein Coding,3.2784653,88
NPHP4,Nephrocystin 4,Protein Coding,3.2784653,88
PEX10,Peroxisomal Biogenesis Factor 10,Protein Coding,3.2784653,88
PEX2,Peroxisomal Biogenesis Factor 2,Protein Coding,3.2784653,88
PEX13,Peroxisomal Biogenesis Factor 13,Protein Coding,3.2784653,87
INVS,Inversin,Protein Coding,3.2784653,86
CC2D2A,Coiled-Coil And C2 Domain Containing 2A,Protein Coding,3.2784653,85
PEX12,Peroxisomal Biogenesis Factor 12,Protein Coding,3.2784653,83
PEX3,Peroxisomal Biogenesis Factor 3,Protein Coding,3.2784653,79
TMEM216,Transmembrane Protein 216,Protein Coding,3.2784653,79
PEX26,Peroxisomal Biogenesis Factor 26,Protein Coding,3.2784653,75
LOC129998833,ATAC-STARR-Seq Lymphoblastoid Silent Region 18384,Functional Element,3.2784653,51
HHIP,Hedgehog Interacting Protein,Protein Coding,3.2782395,72
NRF1,Nuclear Respiratory Factor 1,Protein Coding,3.274968,74
GSTA1,Glutathione S-Transferase Alpha 1,Protein Coding,3.2749078,84
FGF4,Fibroblast Growth Factor 4,Protein Coding,3.2746375,81
TYR,Tyrosinase,Protein Coding,3.2727466,96
LASP1,LIM And SH3 Protein 1,Protein Coding,3.2723103,73
IL1A,Interleukin 1 Alpha,Protein Coding,3.2715938,87
PLPP5,Phospholipid Phosphatase 5,Protein Coding,3.2651074,62
SHMT1,Serine Hydroxymethyltransferase 1,Protein Coding,3.2647307,91
GMNN,Geminin DNA Replication Inhibitor,Protein Coding,3.2647307,87
MMP13,Matrix Metallopeptidase 13,Protein Coding,3.2626154,97
ADARB1,Adenosine Deaminase RNA Specific B1,Protein Coding,3.2601776,86
PTPRO,Protein Tyrosine Phosphatase Receptor Type O,Protein Coding,3.2599747,95
BAMBI,BMP And Activin Membrane Bound Inhibitor,Protein Coding,3.2599747,70
MIR584,MicroRNA 584,RNA Gene,3.2599747,56
BTG2-DT,BTG2 Divergent Transcript,RNA Gene,3.2599747,50
MIR1291,MicroRNA 1291,RNA Gene,3.2599747,49
CFL1,Cofilin 1,Protein Coding,3.254835,88
CPEB3,Cytoplasmic Polyadenylation Element Binding Protein 3,Protein Coding,3.254835,70
MAN1B1,Mannosidase Alpha Class 1B Member 1,Protein Coding,3.2523966,96
AQP1,Aquaporin 1 (Colton Blood Group),Protein Coding,3.2443624,91
NKD1,NKD Inhibitor Of Wnt Signaling Pathway 1,Protein Coding,3.2423372,64
ANLN,"Anillin, Actin Binding Protein",Protein Coding,3.2415357,93
ICOS,Inducible T Cell Costimulator,Protein Coding,3.2398713,89
MFN2,Mitofusin 2,Protein Coding,3.2369576,96
FABP5,Fatty Acid Binding Protein 5,Protein Coding,3.2369576,81
MYL2,Myosin Light Chain 2,Protein Coding,3.2355874,97
PALB2,Partner And Localizer Of BRCA2,Protein Coding,3.2345378,98
NAGLU,N-Acetyl-Alpha-Glucosaminidase,Protein Coding,3.2345378,93
GALNS,Galactosamine (N-Acetyl)-6-Sulfatase,Protein Coding,3.2345378,91
ATP8B1-AS1,ATP8B1 Antisense RNA 1,RNA Gene,3.2345378,65
TRA-TGC7-1,TRNA-Ala (Anticodon TGC) 7-1,RNA Gene,3.230129,50
PON3,Paraoxonase 3,Protein Coding,3.22844,77
C1QB,Complement C1q B Chain,Protein Coding,3.223382,91
JUP,Junction Plakoglobin,Protein Coding,3.2197886,100
E2F3,E2F Transcription Factor 3,Protein Coding,3.2197886,87
TK1,Thymidine Kinase 1,Protein Coding,3.2197886,85
TEAD4,TEA Domain Transcription Factor 4,Protein Coding,3.2197886,83
AKT3,AKT Serine/Threonine Kinase 3,Protein Coding,3.2195368,100
LMNA,Lamin A/C,Protein Coding,3.2186494,100
CCDC88A,Coiled-Coil And HOOK Domain Protein 88A,Protein Coding,3.2186494,94
TRIM25,Tripartite Motif Containing 25,Protein Coding,3.2186494,86
IL33,Interleukin 33,Protein Coding,3.2186494,84
STIP1,Stress Induced Phosphoprotein 1,Protein Coding,3.2186494,76
CD40,CD40 Molecule,Protein Coding,3.2160296,100
CDKN2C,Cyclin Dependent Kinase Inhibitor 2C,Protein Coding,3.212868,78
PTPN1,Protein Tyrosine Phosphatase Non-Receptor Type 1,Protein Coding,3.209721,91
IL2RG,Interleukin 2 Receptor Subunit Gamma,Protein Coding,3.208797,99
SND1,Staphylococcal Nuclease And Tudor Domain Containing 1,Protein Coding,3.2006915,82
PLEC,Plectin,Protein Coding,3.1998775,97
SUMO1,Small Ubiquitin Like Modifier 1,Protein Coding,3.1998775,92
RAN,"RAN, Member RAS Oncogene Family",Protein Coding,3.1998775,85
TCP1,T-Complex 1,Protein Coding,3.1998775,85
EIF5A,Eukaryotic Translation Initiation Factor 5A,Protein Coding,3.1998775,84
BLK,"BLK Proto-Oncogene, Src Family Tyrosine Kinase",Protein Coding,3.1996448,99
NCAM1,Neural Cell Adhesion Molecule 1,Protein Coding,3.1972256,90
ETV4,ETS Variant Transcription Factor 4,Protein Coding,3.1972256,81
AGR2,"Anterior Gradient 2, Protein Disulphide Isomerase Family Member",Protein Coding,3.1972256,74
GART,"Phosphoribosylglycinamide Formyltransferase, Phosphoribosylglycinamide Synthetase, Phosphoribosylaminoimidazole Synthetase",Protein Coding,3.1939766,90
CBX1,Chromobox 1,Protein Coding,3.1939766,80
RAD18,RAD18 E3 Ubiquitin Protein Ligase,Protein Coding,3.1930156,78
CLDN4,Claudin 4,Protein Coding,3.1914754,71
AGXT,Alanine--Glyoxylate Aminotransferase,Protein Coding,3.1912365,94
SLC51B,SLC51 Subunit Beta,Protein Coding,3.1901116,68
RNF2,Ring Finger Protein 2,Protein Coding,3.188665,87
NPAT,"Nuclear Protein, Coactivator Of Histone Transcription",Protein Coding,3.1876457,79
MIR769,MicroRNA 769,RNA Gene,3.183994,58
MIR4651,MicroRNA 4651,RNA Gene,3.183994,51
DNM1L,Dynamin 1 Like,Protein Coding,3.1839447,96
SKP1,S-Phase Kinase Associated Protein 1,Protein Coding,3.1839447,86
UPF1,UPF1 RNA Helicase And ATPase,Protein Coding,3.1839447,86
COPA,Coat Protein Complex I Subunit Alpha,Protein Coding,3.1830893,98
HLA-B,"Major Histocompatibility Complex, Class I, B",Protein Coding,3.1825087,96
SIX1,SIX Homeobox 1,Protein Coding,3.1806047,90
H1-2,"H1.2 Linker Histone, Cluster Member",Protein Coding,3.179068,75
HINT2,Histidine Triad Nucleotide Binding Protein 2,Protein Coding,3.1786165,67
TCIM,Transcriptional And Immune Response Regulator,Protein Coding,3.1786165,54
RGS5,Regulator Of G Protein Signaling 5,Protein Coding,3.1784916,74
GABPB1-AS1,GABPB1 Antisense RNA 1,RNA Gene,3.1764212,53
TAFAZZIN,"Tafazzin, Phospholipid-Lysophospholipid Transacylase",Protein Coding,3.1747236,88
SLC16A1,Solute Carrier Family 16 Member 1,Protein Coding,3.1737766,100
AQP3,Aquaporin 3 (Gill Blood Group),Protein Coding,3.1737766,84
CEACAM1,CEA Cell Adhesion Molecule 1,Protein Coding,3.1737766,84
BNIP3,BCL2 Interacting Protein 3,Protein Coding,3.1668944,74
MIR744,MicroRNA 744,RNA Gene,3.1666498,56
MIR493,MicroRNA 493,RNA Gene,3.166555,61
DPT,Dermatopontin,Protein Coding,3.166532,60
PPP2CA,Protein Phosphatase 2 Catalytic Subunit Alpha,Protein Coding,3.1607888,100
TLN1,Talin 1,Protein Coding,3.1607888,91
SF3B4,Splicing Factor 3b Subunit 4,Protein Coding,3.1607888,88
G3BP1,G3BP Stress Granule Assembly Factor 1,Protein Coding,3.1607888,82
PHB2,Prohibitin 2,Protein Coding,3.1607888,82
H4C1,H4 Clustered Histone 1,Protein Coding,3.1607888,73
MAP3K20,Mitogen-Activated Protein Kinase Kinase Kinase 20,Protein Coding,3.1582882,95
EDN1,Endothelin 1,Protein Coding,3.1582882,90
NCOA5,Nuclear Receptor Coactivator 5,Protein Coding,3.1538494,64
TKT,Transketolase,Protein Coding,3.14937,92
SLC16A4,Solute Carrier Family 16 Member 4,Protein Coding,3.1493285,64
ARHGEF39,Rho Guanine Nucleotide Exchange Factor 39,Protein Coding,3.1483335,63
PPM1G,"Protein Phosphatase, Mg2+/Mn2+ Dependent 1G",Protein Coding,3.1443312,64
DVL1,Dishevelled Segment Polarity Protein 1,Protein Coding,3.1403239,100
RAD52,RAD52 DNA Repair Protein,Protein Coding,3.1389887,82
ACTG1,Actin Gamma 1,Protein Coding,3.1370773,100
TAP1,"Transporter 1, ATP Binding Cassette Subfamily B Member",Protein Coding,3.1319788,97
MECP2,Methyl-CpG Binding Protein 2,Protein Coding,3.1305368,100
TNFRSF11A,TNF Receptor Superfamily Member 11a,Protein Coding,3.1292753,99
RPS16,Ribosomal Protein S16,Protein Coding,3.128123,84
FUT8,Fucosyltransferase 8,Protein Coding,3.1261277,92
MRTFA,Myocardin Related Transcription Factor A,Protein Coding,3.123724,92
SPHK2,Sphingosine Kinase 2,Protein Coding,3.123478,85
DPP6,Dipeptidyl Peptidase Like 6,Protein Coding,3.1209478,85
ACAT1,Acetyl-CoA Acetyltransferase 1,Protein Coding,3.1208825,100
SLC9A1,Solute Carrier Family 9 Member A1,Protein Coding,3.1208825,97
HELLS,"Helicase, Lymphoid Specific",Protein Coding,3.1208825,96
MIR124-3,MicroRNA 124-3,RNA Gene,3.1208825,59
ECT2,Epithelial Cell Transforming 2,Protein Coding,3.1193247,85
UBE2S,Ubiquitin Conjugating Enzyme E2 S,Protein Coding,3.1193247,79
WTAP,WT1 Associated Protein,Protein Coding,3.1193247,65
PPM1A,"Protein Phosphatase, Mg2+/Mn2+ Dependent 1A",Protein Coding,3.118775,80
FAM111A,FAM111 Trypsin Like Peptidase A,Protein Coding,3.1185012,75
SSB,Small RNA Binding Exonuclease Protection Factor La,Protein Coding,3.1172676,77
MIR505,MicroRNA 505,RNA Gene,3.1158566,57
NGB,Neuroglobin,Protein Coding,3.1137676,61
DNASE1,Deoxyribonuclease 1,Protein Coding,3.1131845,82
PCLAF,PCNA Clamp Associated Factor,Protein Coding,3.1131845,66
CBR3-AS1,CBR3 Antisense RNA 1,RNA Gene,3.112192,53
DGAT2,Diacylglycerol O-Acyltransferase 2,Protein Coding,3.1118445,82
IL22,Interleukin 22,Protein Coding,3.1102924,72
TNFRSF1A,TNF Receptor Superfamily Member 1A,Protein Coding,3.106877,100
MYCBP,MYC Binding Protein,Protein Coding,3.1060886,65
UTP4,UTP4 Small Subunit Processome Component,Protein Coding,3.105941,84
BIRC6,Baculoviral IAP Repeat Containing 6,Protein Coding,3.1037364,92
SOX17,SRY-Box Transcription Factor 17,Protein Coding,3.1033916,88
DCLK1,Doublecortin Like Kinase 1,Protein Coding,3.100248,79
DCTN1,Dynactin Subunit 1,Protein Coding,3.0982547,100
ITPR2,"Inositol 1,4,5-Trisphosphate Receptor Type 2",Protein Coding,3.0982547,95
SLC46A1,Solute Carrier Family 46 Member 1,Protein Coding,3.0982547,94
VAPB,VAMP Associated Protein B And C,Protein Coding,3.0982547,92
GNPAT,Glyceronephosphate O-Acyltransferase,Protein Coding,3.0982547,89
GTPBP1,GTP Binding Protein 1,Protein Coding,3.0982547,82
CDCA5,Cell Division Cycle Associated 5,Protein Coding,3.0975542,70
IL12B,Interleukin 12B,Protein Coding,3.0964344,100
PDCD5,Programmed Cell Death 5,Protein Coding,3.0964344,65
LEPR,Leptin Receptor,Protein Coding,3.0903137,99
SFRP2,Secreted Frizzled Related Protein 2,Protein Coding,3.089713,72
KL,Klotho,Protein Coding,3.087501,91
PPP1CB,Protein Phosphatase 1 Catalytic Subunit Beta,Protein Coding,3.0870423,100
LIFR,LIF Receptor Subunit Alpha,Protein Coding,3.0870423,95
UGT1A6,UDP Glucuronosyltransferase Family 1 Member A6,Protein Coding,3.0848696,91
SAPCD2,Suppressor APC Domain Containing 2,Protein Coding,3.080418,54
CLPX,Caseinolytic Mitochondrial Matrix Peptidase Chaperone Subunit X,Protein Coding,3.0799782,79
MTR,5-Methyltetrahydrofolate-Homocysteine Methyltransferase,Protein Coding,3.0790584,100
SRSF3,Serine And Arginine Rich Splicing Factor 3,Protein Coding,3.0751398,80
MIR217,MicroRNA 217,RNA Gene,3.074991,59
TMPO,Thymopoietin,Protein Coding,3.0708473,95
MOK,MOK Protein Kinase,Protein Coding,3.0683565,72
SHC1,SHC Adaptor Protein 1,Protein Coding,3.0680985,92
PLD1,Phospholipase D1,Protein Coding,3.0665889,100
IGFBP2,Insulin Like Growth Factor Binding Protein 2,Protein Coding,3.0665889,75
NSD2,Nuclear Receptor Binding SET Domain Protein 2,Protein Coding,3.0566437,99
PSMD2,"Proteasome 26S Subunit Ubiquitin Receptor, Non-ATPase 2",Protein Coding,3.0553238,85
DPYS,Dihydropyrimidinase,Protein Coding,3.0548644,88
PPM1D,"Protein Phosphatase, Mg2+/Mn2+ Dependent 1D",Protein Coding,3.0536,93
CFB,Complement Factor B,Protein Coding,3.0515327,100
FNDC5,Fibronectin Type III Domain Containing 5,Protein Coding,3.0490012,64
TFCP2,Transcription Factor CP2,Protein Coding,3.0483127,76
PRKACB,Protein Kinase CAMP-Activated Catalytic Subunit Beta,Protein Coding,3.046462,95
PRKX,Protein Kinase CAMP-Dependent X-Linked Catalytic Subunit,Protein Coding,3.046462,79
TCN1,Transcobalamin 1,Protein Coding,3.046462,75
SFN,Stratifin,Protein Coding,3.04314,80
PGD,Phosphogluconate Dehydrogenase,Protein Coding,3.043115,85
OIT3,Oncoprotein Induced Transcript 3,Protein Coding,3.0412838,57
BBC3,BCL2 Binding Component 3,Protein Coding,3.0389922,80
MELK,Maternal Embryonic Leucine Zipper Kinase,Protein Coding,3.034916,85
HNRNPM,Heterogeneous Nuclear Ribonucleoprotein M,Protein Coding,3.034916,84
FABP4,Fatty Acid Binding Protein 4,Protein Coding,3.034916,83
RNU6-1,"RNA, U6 Small Nuclear 1",RNA Gene,3.034916,60
FCGR2A,Fc Gamma Receptor IIa,Protein Coding,3.0338693,90
CCN1,Cellular Communication Network Factor 1,Protein Coding,3.0318503,81
SEC63,SEC63 Protein Translocation Regulator,Protein Coding,3.031698,86
MLKL,Mixed Lineage Kinase Domain Like Pseudokinase,Protein Coding,3.0310767,83
MIR432,MicroRNA 432,RNA Gene,3.0265422,53
LYZ,Lysozyme,Protein Coding,3.0251575,86
SFTA3,Surfactant Associated 3,RNA Gene,3.0220995,75
SEMA4D,Semaphorin 4D,Protein Coding,3.0218701,86
GPR35,G Protein-Coupled Receptor 35,Protein Coding,3.0218701,81
TULP3,TUB Like Protein 3,Protein Coding,3.0218701,79
MMEL1,Membrane Metalloendopeptidase Like 1,Protein Coding,3.0218701,66
RNF4,Ring Finger Protein 4,Protein Coding,3.021392,79
WEE1,WEE1 G2 Checkpoint Kinase,Protein Coding,3.0211148,90
CD46,CD46 Molecule,Protein Coding,3.0162134,97
CERS2,Ceramide Synthase 2,Protein Coding,3.0153134,79
ELANE,"Elastase, Neutrophil Expressed",Protein Coding,3.0143576,98
CCT5,Chaperonin Containing TCP1 Subunit 5,Protein Coding,3.0138597,93
ADH4,"Alcohol Dehydrogenase 4 (Class II), Pi Polypeptide",Protein Coding,3.0138597,82
KLF2,KLF Transcription Factor 2,Protein Coding,3.0138597,71
HTRA1,HtrA Serine Peptidase 1,Protein Coding,3.010294,91
THRB,Thyroid Hormone Receptor Beta,Protein Coding,3.0098372,100
FRK,Fyn Related Src Family Tyrosine Kinase,Protein Coding,3.0098372,82
UGT2B7,UDP Glucuronosyltransferase Family 2 Member B7,Protein Coding,3.0083084,94
PRKCSH,PRKCSH Beta Subunit Of Glucosidase II,Protein Coding,3.0079021,98
NR4A1,Nuclear Receptor Subfamily 4 Group A Member 1,Protein Coding,3.0067813,92
RAG1,Recombination Activating 1,Protein Coding,3.0053496,91
PSPC1,Paraspeckle Component 1,Protein Coding,3.003979,69
NELFA,Negative Elongation Factor Complex Member A,Protein Coding,3.0003479,81
LHPP,Phospholysine Phosphohistidine Inorganic Pyrophosphate Phosphatase,Protein Coding,2.999991,63
WNT10B,Wnt Family Member 10B,Protein Coding,2.9984522,86
AKR1B1,Aldo-Keto Reductase Family 1 Member B,Protein Coding,2.9975586,88
ARMC10,Armadillo Repeat Containing 10,Protein Coding,2.9975073,62
SAMD13,Sterile Alpha Motif Domain Containing 13,Protein Coding,2.994405,42
MIR1228,MicroRNA 1228,RNA Gene,2.9936569,54
LAP3,Leucine Aminopeptidase 3,Protein Coding,2.993105,69
IL32,Interleukin 32,Protein Coding,2.9926562,69
PLOD2,"Procollagen-Lysine,2-Oxoglutarate 5-Dioxygenase 2",Protein Coding,2.9920893,92
CREBBP,CREB Binding Lysine Acetyltransferase ,Protein Coding,2.9887142,100
DUSP6,Dual Specificity Phosphatase 6,Protein Coding,2.9887142,93
ADD3,Adducin 3,Protein Coding,2.9887142,86
RBPJ,Recombination Signal Binding Protein For Immunoglobulin Kappa J Region,Protein Coding,2.9877708,100
DMD,Dystrophin,Protein Coding,2.9853745,100
GSK3A,Glycogen Synthase Kinase 3 Alpha,Protein Coding,2.9848027,93
SLC7A11-AS1,SLC7A11 Antisense RNA 1,RNA Gene,2.9848027,53
MIR620,MicroRNA 620,RNA Gene,2.9848027,52
RTN4,Reticulon 4,Protein Coding,2.9840348,85
RPN1,Ribophorin I,Protein Coding,2.9840348,81
HIF1A-AS2,HIF1A Antisense RNA 2,RNA Gene,2.9759488,48
CSPG4,Chondroitin Sulfate Proteoglycan 4,Protein Coding,2.9749138,85
NET1,Neuroepithelial Cell Transforming 1,Protein Coding,2.969526,77
SOX11,SRY-Box Transcription Factor 11,Protein Coding,2.9688797,83
GAS6,Growth Arrest Specific 6,Protein Coding,2.967703,89
TGFB2,Transforming Growth Factor Beta 2,Protein Coding,2.9673555,100
CXCL9,C-X-C Motif Chemokine Ligand 9,Protein Coding,2.9662032,78
PNKD,PNKD Metallo-Beta-Lactamase Domain Containing,Protein Coding,2.9649677,87
PHGDH,Phosphoglycerate Dehydrogenase,Protein Coding,2.964762,100
HNRNPD,Heterogeneous Nuclear Ribonucleoprotein D,Protein Coding,2.964762,88
GADD45B,Growth Arrest And DNA Damage Inducible Beta,Protein Coding,2.964762,71
MIR383,MicroRNA 383,RNA Gene,2.964762,56
MIR433,MicroRNA 433,RNA Gene,2.9633737,59
SUCLG1,Succinate-CoA Ligase GDP/ADP-Forming Subunit Alpha,Protein Coding,2.9629204,91
SELE,Selectin E,Protein Coding,2.962339,88
ALDH3A1,Aldehyde Dehydrogenase 3 Family Member A1,Protein Coding,2.962339,79
MITF,Melanocyte Inducing Transcription Factor,Protein Coding,2.957325,100
ALAS1,5'-Aminolevulinate Synthase 1,Protein Coding,2.9537945,84
GIMAP5,"GTPase, IMAP Family Member 5",Protein Coding,2.950076,64
FAP,Fibroblast Activation Protein Alpha,Protein Coding,2.9487996,79
EBAG9,Estrogen Receptor Binding Site Associated Antigen 9,Protein Coding,2.948779,66
SLC25A12,Solute Carrier Family 25 Member 12,Protein Coding,2.9481463,93
PCK2,"Phosphoenolpyruvate Carboxykinase 2, Mitochondrial",Protein Coding,2.944946,92
TP53BP2,Tumor Protein P53 Binding Protein 2,Protein Coding,2.944946,85
PRDX6,Peroxiredoxin 6,Protein Coding,2.944946,78
CXCL14,C-X-C Motif Chemokine Ligand 14,Protein Coding,2.944946,61
SMURF1,SMAD Specific E3 Ubiquitin Protein Ligase 1,Protein Coding,2.9390566,85
HM13,Histocompatibility Minor 13,Protein Coding,2.9390566,76
MAPK10,Mitogen-Activated Protein Kinase 10,Protein Coding,2.9357796,96
DPYSL2,Dihydropyrimidinase Like 2,Protein Coding,2.935323,88
PIK3C2A,Phosphatidylinositol-4-Phosphate 3-Kinase Catalytic Subunit Type 2 Alpha,Protein Coding,2.926959,100
TYRO3,TYRO3 Protein Tyrosine Kinase,Protein Coding,2.926959,88
SIRPA,Signal Regulatory Protein Alpha,Protein Coding,2.926959,85
KRT5,Keratin 5,Protein Coding,2.9262366,94
HNRNPC,Heterogeneous Nuclear Ribonucleoprotein C,Protein Coding,2.9262366,90
POLR2L,"RNA Polymerase II, I And III Subunit L",Protein Coding,2.9258335,78
TGM3,Transglutaminase 3,Protein Coding,2.9246216,73
ATP5F1A,ATP Synthase F1 Subunit Alpha,Protein Coding,2.9245381,98
NAMPT,Nicotinamide Phosphoribosyltransferase,Protein Coding,2.9245381,88
E2F7,E2F Transcription Factor 7,Protein Coding,2.9245381,78
DKK3,Dickkopf Wnt Signaling Pathway Inhibitor 3,Protein Coding,2.9245381,73
WNT3,Wnt Family Member 3,Protein Coding,2.9239378,89
MUC20,"Mucin 20, Cell Surface Associated",Protein Coding,2.9228761,70
SNORD42B,"Small Nucleolar RNA, C/D Box 42B",RNA Gene,2.9228761,58
S100P,S100 Calcium Binding Protein P,Protein Coding,2.9216292,68
CA2,Carbonic Anhydrase 2,Protein Coding,2.921288,95
SENP2,SUMO Specific Peptidase 2,Protein Coding,2.9208941,77
CXCL13,C-X-C Motif Chemokine Ligand 13,Protein Coding,2.920249,74
MYDGF,Myeloid Derived Growth Factor,Protein Coding,2.9167447,61
SSTR5,Somatostatin Receptor 5,Protein Coding,2.9160779,84
MT-CYB,Mitochondrially Encoded Cytochrome B,Protein Coding,2.9096835,87
NPAS2,Neuronal PAS Domain Protein 2,Protein Coding,2.9093692,83
CHD4,Chromodomain Helicase DNA Binding Protein 4,Protein Coding,2.9044728,100
CRKL,"CRK Like Proto-Oncogene, Adaptor Protein",Protein Coding,2.9035935,90
DTYMK,Deoxythymidylate Kinase,Protein Coding,2.9035935,81
MIR539,MicroRNA 539,RNA Gene,2.9035935,55
EEF2,Eukaryotic Translation Elongation Factor 2,Protein Coding,2.903482,100
SFPQ,Splicing Factor Proline And Glutamine Rich,Protein Coding,2.903482,85
HNRNPL,Heterogeneous Nuclear Ribonucleoprotein L,Protein Coding,2.903482,84
NAT10,N-Acetyltransferase 10,Protein Coding,2.903482,81
CD5L,CD5 Molecule Like,Protein Coding,2.903482,62
PPIG,Peptidylprolyl Isomerase G,Protein Coding,2.8984609,79
SERPINA4,Serpin Family A Member 4,Protein Coding,2.8984609,69
KHK,Ketohexokinase,Protein Coding,2.8958414,88
GDI2,GDP Dissociation Inhibitor 2,Protein Coding,2.8946116,78
PRMT6,Protein Arginine Methyltransferase 6,Protein Coding,2.8920865,78
SRRT,"Serrate, RNA Effector Molecule",Protein Coding,2.8904908,80
CD80,CD80 Molecule,Protein Coding,2.8895721,90
YWHAG,Tyrosine 3-Monooxygenase/Tryptophan 5-Monooxygenase Activation Protein Gamma,Protein Coding,2.8888834,92
ACSL1,Acyl-CoA Synthetase Long Chain Family Member 1,Protein Coding,2.8888834,88
TAF1,TATA-Box Binding Protein Associated Factor 1,Protein Coding,2.8878248,100
GAS6-AS1,GAS6 Antisense RNA 1,RNA Gene,2.887778,56
OSBP,Oxysterol Binding Protein,Protein Coding,2.8837123,73
DSP,Desmoplakin,Protein Coding,2.8817115,100
TRAF2,TNF Receptor Associated Factor 2,Protein Coding,2.8817115,90
TRIP13,Thyroid Hormone Receptor Interactor 13,Protein Coding,2.8817115,87
CD151,CD151 Molecule (Raph Blood Group),Protein Coding,2.8817115,86
CCT4,Chaperonin Containing TCP1 Subunit 4,Protein Coding,2.8817115,80
ZC3H13,Zinc Finger CCCH-Type Containing 13,Protein Coding,2.8817115,66
MIR134,MicroRNA 134,RNA Gene,2.8817115,58
PRKACG,Protein Kinase CAMP-Activated Catalytic Subunit Gamma,Protein Coding,2.8806868,83
TAB2,TGF-Beta Activated Kinase 1 (MAP3K7) Binding Protein 2,Protein Coding,2.8790739,99
MUC16,"Mucin 16, Cell Surface Associated",Protein Coding,2.8783395,88
CKS1B,CDC28 Protein Kinase Regulatory Subunit 1B,Protein Coding,2.8783395,74
BCS1L,BCS1 Ubiquinol-Cytochrome C Reductase Complex Chaperone,Protein Coding,2.8776052,92
SLC39A4,Solute Carrier Family 39 Member 4,Protein Coding,2.8765528,91
NAA10,"N-Alpha-Acetyltransferase 10, NatA Catalytic Subunit",Protein Coding,2.876442,82
SETD7,"SET Domain Containing 7, Histone Lysine Methyltransferase",Protein Coding,2.875151,81
MIR664A,MicroRNA 664a,RNA Gene,2.8724263,55
RNF43,Ring Finger Protein 43,Protein Coding,2.8697805,89
FGF18,Fibroblast Growth Factor 18,Protein Coding,2.8697805,76
CALB2,Calbindin 2,Protein Coding,2.8697805,69
GATA6,GATA Binding Protein 6,Protein Coding,2.8681655,95
OGT,O-Linked N-Acetylglucosamine (GlcNAc) Transferase,Protein Coding,2.8679852,94
MIR340,MicroRNA 340,RNA Gene,2.8679852,58
PSMA7,Proteasome 20S Subunit Alpha 7,Protein Coding,2.8679461,87
CIRBP,Cold Inducible RNA Binding Protein,Protein Coding,2.8643284,73
EFEMP1,EGF-Like Fibulin Extracellular Matrix Protein 1,Protein Coding,2.8635893,89
LRRFIP2,LRR Binding FLII Interacting Protein 2,Protein Coding,2.8635893,64
NOLC1,Nucleolar And Coiled-Body Phosphoprotein 1,Protein Coding,2.8619819,74
KAT2B,Lysine Acetyltransferase 2B,Protein Coding,2.8591483,97
SOX12,SRY-Box Transcription Factor 12,Protein Coding,2.8591483,55
TRIM31,Tripartite Motif Containing 31,Protein Coding,2.8567064,79
ENO2,Enolase 2,Protein Coding,2.8527527,85
NOP2,NOP2 Nucleolar Protein,Protein Coding,2.8527527,85
PEA15,Proliferation And Apoptosis Adaptor Protein 15,Protein Coding,2.8513548,71
UBC,Ubiquitin C,Protein Coding,2.8487124,89
SYNCRIP,Synaptotagmin Binding Cytoplasmic RNA Interacting Protein,Protein Coding,2.8487124,81
PFKFB4,"6-Phosphofructo-2-Kinase/Fructose-2,6-Biphosphatase 4",Protein Coding,2.8487124,75
MARCKS,Myristoylated Alanine Rich Protein Kinase C Substrate,Protein Coding,2.8487124,74
GGH,Gamma-Glutamyl Hydrolase,Protein Coding,2.8458178,77
CD69,CD69 Molecule,Protein Coding,2.8387487,72
MSH3,MutS Homolog 3,Protein Coding,2.8378825,93
FCN3,Ficolin 3,Protein Coding,2.8356996,79
APOBEC3B,Apolipoprotein B MRNA Editing Enzyme Catalytic Subunit 3B,Protein Coding,2.8356996,70
ERCC3,"ERCC Excision Repair 3, TFIIH Core Complex Helicase Subunit",Protein Coding,2.8351467,100
STC1,Stanniocalcin 1,Protein Coding,2.831793,61
TMSB10,Thymosin Beta 10,Protein Coding,2.831793,59
NEDD4,NEDD4 E3 Ubiquitin Protein Ligase,Protein Coding,2.8288965,95
MYBL2,MYB Proto-Oncogene Like 2,Protein Coding,2.8288965,82
CD36,CD36 Molecule (CD36 Blood Group),Protein Coding,2.825851,100
NTSR1,Neurotensin Receptor 1,Protein Coding,2.823317,79
AOX1,Aldehyde Oxidase 1,Protein Coding,2.8229377,88
SLC22A2,Solute Carrier Family 22 Member 2,Protein Coding,2.8229377,82
HMCES,"5-Hydroxymethylcytosine Binding, ES Cell Specific",Protein Coding,2.822285,60
EPHB4,EPH Receptor B4,Protein Coding,2.8177187,100
CFH,Complement Factor H,Protein Coding,2.8155346,99
SERPINB1,Serpin Family B Member 1,Protein Coding,2.814907,70
SERPINA12,Serpin Family A Member 12,Protein Coding,2.814907,65
SERPINA11,Serpin Family A Member 11,Protein Coding,2.814907,52
IL23R,Interleukin 23 Receptor,Protein Coding,2.8123324,98
AIP,AHR Interacting HSP90 Co-Chaperone,Protein Coding,2.808877,93
HNRNPH1,Heterogeneous Nuclear Ribonucleoprotein H1,Protein Coding,2.8084886,90
CPSF6,Cleavage And Polyadenylation Specific Factor 6,Protein Coding,2.8084886,80
ATP7A,ATPase Copper Transporting Alpha,Protein Coding,2.8048635,97
PLOD1,"Procollagen-Lysine,2-Oxoglutarate 5-Dioxygenase 1",Protein Coding,2.8048635,95
TBX3,T-Box Transcription Factor 3,Protein Coding,2.8048635,90
B3GALT6,"Beta-1,3-Galactosyltransferase 6",Protein Coding,2.8048635,77
DHCR24,24-Dehydrocholesterol Reductase,Protein Coding,2.803458,94
STAT6,Signal Transducer And Activator Of Transcription 6,Protein Coding,2.803256,99
CHMP2B,Charged Multivesicular Body Protein 2B,Protein Coding,2.8020384,87
FAF2,Fas Associated Factor Family Member 2,Protein Coding,2.8019276,75
CUL7,Cullin 7,Protein Coding,2.8016174,94
BMPR2,Bone Morphogenetic Protein Receptor Type 2,Protein Coding,2.8009138,99
CDK5,Cyclin Dependent Kinase 5,Protein Coding,2.8002458,97
GPX1,Glutathione Peroxidase 1,Protein Coding,2.8002458,88
AGPAT2,1-Acylglycerol-3-Phosphate O-Acyltransferase 2,Protein Coding,2.7989028,92
LAMC2,Laminin Subunit Gamma 2,Protein Coding,2.7974083,96
FLOT1,Flotillin 1,Protein Coding,2.796413,81
DACT2,Dishevelled Binding Antagonist Of Beta Catenin 2,Protein Coding,2.796413,61
SFRP4,Secreted Frizzled Related Protein 4,Protein Coding,2.7942529,85
RANBP2,RAN Binding Protein 2,Protein Coding,2.793412,100
RAB27A,"RAB27A, Member RAS Oncogene Family",Protein Coding,2.791186,98
HNRNPU,Heterogeneous Nuclear Ribonucleoprotein U,Protein Coding,2.7874324,99
RAD21,RAD21 Cohesin Complex Component,Protein Coding,2.7874324,94
POU2F1,POU Class 2 Homeobox 1,Protein Coding,2.7874324,87
KIF2C,Kinesin Family Member 2C,Protein Coding,2.7874324,86
KRT10,Keratin 10,Protein Coding,2.7874324,86
TRIB3,Tribbles Pseudokinase 3,Protein Coding,2.7874324,82
ESM1,Endothelial Cell Specific Molecule 1,Protein Coding,2.7874324,59
H19-ICR,H19/IGF2 Imprinting Control Region,Functional Element,2.7843008,51
NR1H3,Nuclear Receptor Subfamily 1 Group H Member 3,Protein Coding,2.7823687,93
NKD2,NKD Inhibitor Of Wnt Signaling Pathway 2,Protein Coding,2.7817643,71
TBK1,TANK Binding Kinase 1,Protein Coding,2.777871,100
CUL4A,Cullin 4A,Protein Coding,2.777871,85
DDI2,DDI Proteasomal Shuttling Factor 2,Protein Coding,2.7778656,67
NUF2,NUF2 Component Of NDC80 Kinetochore Complex,Protein Coding,2.7768416,77
TRIM11,Tripartite Motif Containing 11,Protein Coding,2.7731526,76
PIK3C2B,Phosphatidylinositol-4-Phosphate 3-Kinase Catalytic Subunit Type 2 Beta,Protein Coding,2.7707207,94
PIK3C3,Phosphatidylinositol 3-Kinase Catalytic Subunit Type 3,Protein Coding,2.7707207,92
ORM1,Orosomucoid 1,Protein Coding,2.7707207,74
IPO9,Importin 9,Protein Coding,2.7707207,65
HDGFL2,HDGF Like 2,Protein Coding,2.7695699,70
STRAP,Serine/Threonine Kinase Receptor Associated Protein,Protein Coding,2.7671251,76
MAGEA4,MAGE Family Member A4,Protein Coding,2.7671251,61
DYNC1H1,Dynein Cytoplasmic 1 Heavy Chain 1,Protein Coding,2.7656617,100
FUS,FUS RNA Binding Protein,Protein Coding,2.7656617,100
EIF3A,Eukaryotic Translation Initiation Factor 3 Subunit A,Protein Coding,2.7656617,84
SF3B2,Splicing Factor 3b Subunit 2,Protein Coding,2.7656617,84
CAPRIN1,Cell Cycle Associated Protein 1,Protein Coding,2.7656617,75
MIR331,MicroRNA 331,RNA Gene,2.7656617,56
FHL2,Four And A Half LIM Domains 2,Protein Coding,2.764648,96
CMTM6,CKLF Like MARVEL Transmembrane Domain Containing 6,Protein Coding,2.7640603,55
CTCF,CCCTC-Binding Factor,Protein Coding,2.7630672,95
SERPING1,Serpin Family G Member 1,Protein Coding,2.7622175,98
SERPINA5,Serpin Family A Member 5,Protein Coding,2.7622175,79
LGALS8,Galectin 8,Protein Coding,2.7622175,71
ZBTB20,Zinc Finger And BTB Domain Containing 20,Protein Coding,2.7620194,82
IRF3,Interferon Regulatory Factor 3,Protein Coding,2.7619553,95
PON2,Paraoxonase 2,Protein Coding,2.7576191,82
SLC39A1,Solute Carrier Family 39 Member 1,Protein Coding,2.7576191,72
PANK1,Pantothenate Kinase 1,Protein Coding,2.7576191,66
KLF17,KLF Transcription Factor 17,Protein Coding,2.7575083,58
MIR1225,MicroRNA 1225,RNA Gene,2.7575083,56
IPW,Imprinted In Prader-Willi Syndrome,RNA Gene,2.7575083,55
TRIM35,Tripartite Motif Containing 35,Protein Coding,2.7572787,67
ISG15,ISG15 Ubiquitin Like Modifier,Protein Coding,2.7509694,94
SCARA5,Scavenger Receptor Class A Member 5,Protein Coding,2.7509694,63
APOBEC3G,Apolipoprotein B MRNA Editing Enzyme Catalytic Subunit 3G,Protein Coding,2.7501636,78
CEP290,Centrosomal Protein 290,Protein Coding,2.7498078,89
POLR1G,RNA Polymerase I Subunit G,Protein Coding,2.7495193,77
ERCC4,"ERCC Excision Repair 4, Endonuclease Catalytic Subunit",Protein Coding,2.7476025,98
TNFRSF25,TNF Receptor Superfamily Member 25,Protein Coding,2.7462153,78
POLB,DNA Polymerase Beta,Protein Coding,2.7461565,85
CEP55,Centrosomal Protein 55,Protein Coding,2.7452884,79
RELN,Reelin,Protein Coding,2.7430987,94
FOXP1,Forkhead Box P1,Protein Coding,2.7430987,91
SF3B1,Splicing Factor 3b Subunit 1,Protein Coding,2.7430987,89
ATAD3A,ATPase Family AAA Domain Containing 3A,Protein Coding,2.7430987,85
AHNAK,AHNAK Nucleoprotein,Protein Coding,2.7430987,84
RAB1A,"RAB1A, Member RAS Oncogene Family",Protein Coding,2.7430987,84
MTA2,Metastasis Associated 1 Family Member 2,Protein Coding,2.7430987,83
RPL4,Ribosomal Protein L4,Protein Coding,2.7430987,83
MACROH2A1,MacroH2A.1 Histone,Protein Coding,2.7430987,81
HRNR,Hornerin,Protein Coding,2.7430987,68
GATA4,GATA Binding Protein 4,Protein Coding,2.7386975,100
EDEM1,ER Degradation Enhancing Alpha-Mannosidase Like Protein 1,Protein Coding,2.7350538,74
ITGB4,Integrin Subunit Beta 4,Protein Coding,2.73459,100
GCKR,Glucokinase Regulator,Protein Coding,2.7340794,87
EMSLR,E2F1 MRNA Stabilizing LncRNA,RNA Gene,2.7324224,53
FAM225A,Family With Sequence Similarity 225 Member A,RNA Gene,2.7324224,51
HNF1A-AS1,HNF1A Antisense RNA 1,RNA Gene,2.7266393,56
XPA,"XPA, DNA Damage Recognition And Repair Factor",Protein Coding,2.7260396,93
UBA1,Ubiquitin Like Modifier Activating Enzyme 1,Protein Coding,2.7260156,98
RICTOR,RPTOR Independent Companion Of MTOR Complex 2,Protein Coding,2.7260156,91
BTG2,BTG Anti-Proliferation Factor 2,Protein Coding,2.7260156,75
CANX,Calnexin,Protein Coding,2.7257154,86
MZF1,Myeloid Zinc Finger 1,Protein Coding,2.7254965,70
SRSF10,Serine And Arginine Rich Splicing Factor 10,Protein Coding,2.7225268,79
MIR4458,MicroRNA 4458,RNA Gene,2.7225268,47
CTPS1,CTP Synthase 1,Protein Coding,2.7216718,99
CDC6,Cell Division Cycle 6,Protein Coding,2.7196498,96
PFN1,Profilin 1,Protein Coding,2.7196498,94
STAT5A,Signal Transducer And Activator Of Transcription 5A,Protein Coding,2.7196498,93
CBX3,Chromobox 3,Protein Coding,2.7196498,81
DHX15,DEAH-Box Helicase 15,Protein Coding,2.7196498,80
FOXK1,Forkhead Box K1,Protein Coding,2.7196498,70
FOXQ1,Forkhead Box Q1,Protein Coding,2.7196498,68
PLCG1,Phospholipase C Gamma 1,Protein Coding,2.7158222,94
KCNQ1,Potassium Voltage-Gated Channel Subfamily Q Member 1,Protein Coding,2.715121,100
FGL2,Fibrinogen Like 2,Protein Coding,2.7148933,61
PSME3,Proteasome Activator Subunit 3,Protein Coding,2.7141507,72
GANAB,Glucosidase II Alpha Subunit,Protein Coding,2.710255,100
ACTC1,Actin Alpha Cardiac Muscle 1,Protein Coding,2.710255,99
TAOK1,TAO Kinase 1,Protein Coding,2.708485,100
ANXA11,Annexin A11,Protein Coding,2.708485,85
DYRK3,Dual Specificity Tyrosine Phosphorylation Regulated Kinase 3,Protein Coding,2.708485,72
PTMA,Prothymosin Alpha,Protein Coding,2.7062829,72
NEO1,Neogenin 1,Protein Coding,2.7049296,85
SLC25A28,Solute Carrier Family 25 Member 28,Protein Coding,2.7049296,62
STEAP1,STEAP Family Member 1,Protein Coding,2.7049296,59
CLDN17,Claudin 17,Protein Coding,2.7048185,61
MIR503HG,MIR503 Host Gene,RNA Gene,2.7048185,51
FAM138B,Family With Sequence Similarity 138 Member B,RNA Gene,2.7048185,50
ALDH1L1,Aldehyde Dehydrogenase 1 Family Member L1,Protein Coding,2.7029932,79
ABCG8,ATP Binding Cassette Subfamily G Member 8,Protein Coding,2.7017937,98
KIF20B,Kinesin Family Member 20B,Protein Coding,2.700468,79
SH3PXD2A,SH3 And PX Domains 2A,Protein Coding,2.700468,79
SLC25A37,Solute Carrier Family 25 Member 37,Protein Coding,2.699235,63
MB,Myoglobin,Protein Coding,2.697007,73
CRBN,Cereblon,Protein Coding,2.6962063,90
IGHMBP2,Immunoglobulin Mu DNA Binding Protein 2,Protein Coding,2.6962063,90
GABPA,GA Binding Protein Transcription Factor Subunit Alpha,Protein Coding,2.6962063,74
DOK5,Docking Protein 5,Protein Coding,2.6962063,69
TNFRSF6B,TNF Receptor Superfamily Member 6b,Protein Coding,2.6952019,80
OLA1,Obg Like ATPase 1,Protein Coding,2.6952019,74
PRDX4,Peroxiredoxin 4,Protein Coding,2.6952019,72
MIR502,MicroRNA 502,RNA Gene,2.6952019,55
MIR542,MicroRNA 542,RNA Gene,2.6952019,55
MRE11,MRE11 Double Strand Break Repair Nuclease,Protein Coding,2.69477,100
LBR,Lamin B Receptor,Protein Coding,2.69477,99
SLC31A1,Solute Carrier Family 31 Member 1,Protein Coding,2.69477,75
ADAMTS13,ADAM Metallopeptidase With Thrombospondin Type 1 Motif 13,Protein Coding,2.6922436,97
DDX11,DEAD/H-Box Helicase 11,Protein Coding,2.6922436,89
SMAD5-AS1,SMAD5 Antisense RNA 1,RNA Gene,2.6891668,60
SRSF2,Serine And Arginine Rich Splicing Factor 2,Protein Coding,2.6857917,84
NAP1L1,Nucleosome Assembly Protein 1 Like 1,Protein Coding,2.6857917,72
TCOF1,Treacle Ribosome Biogenesis Factor 1,Protein Coding,2.6846101,86
ARTN,Artemin,Protein Coding,2.6797326,69
CD79A,CD79a Molecule,Protein Coding,2.6740146,91
KLF5,KLF Transcription Factor 5,Protein Coding,2.6732268,83
PTGES,Prostaglandin E Synthase,Protein Coding,2.6732268,76
ACO2,Aconitase 2,Protein Coding,2.670647,97
CSNK1E,Casein Kinase 1 Epsilon,Protein Coding,2.6705499,90
RND3,Rho Family GTPase 3,Protein Coding,2.6696148,76
YTHDF3,YTH N6-Methyladenosine RNA Binding Protein F3,Protein Coding,2.6696148,68
MIR506,MicroRNA 506,RNA Gene,2.6696148,58
MIR363,MicroRNA 363,RNA Gene,2.6696148,54
DEPTOR,DEP Domain Containing MTOR Interacting Protein,Protein Coding,2.668547,78
GH1,Growth Hormone 1,Protein Coding,2.667539,92
NKRF,NFKB Repressing Factor,Protein Coding,2.6673768,70
APOH,Apolipoprotein H,Protein Coding,2.6663275,82
POLK,DNA Polymerase Kappa,Protein Coding,2.6654458,95
MCM5,Minichromosome Maintenance Complex Component 5,Protein Coding,2.6647356,96
HUWE1,"HECT, UBA And WWE Domain Containing E3 Ubiquitin Protein Ligase 1",Protein Coding,2.6647356,95
XPO1,Exportin 1,Protein Coding,2.6647356,94
SMARCA5,SNF2 Related Chromatin Remodeling ATPase 5,Protein Coding,2.6647356,92
CCR1,C-C Motif Chemokine Receptor 1,Protein Coding,2.6647356,89
RPL6,Ribosomal Protein L6,Protein Coding,2.6647356,87
FXR1,FMR1 Autosomal Homolog 1,Protein Coding,2.6647356,84
BCLAF1,BCL2 Associated Transcription Factor 1,Protein Coding,2.6647356,77
PAX5,Paired Box 5,Protein Coding,2.6597083,96
MEX3A,Mex-3 RNA Binding Family Member A,Protein Coding,2.6597083,57
HTRA2,HtrA Serine Peptidase 2,Protein Coding,2.6596904,95
ZNF451,Zinc Finger Protein 451,Protein Coding,2.6565096,66
PSEN1,Presenilin 1,Protein Coding,2.6533945,100
ABCA3,ATP Binding Cassette Subfamily A Member 3,Protein Coding,2.6524103,95
PLG,Plasminogen,Protein Coding,2.651787,100
HDAC7,Histone Deacetylase 7,Protein Coding,2.651787,94
CTSL,Cathepsin L,Protein Coding,2.649127,91
CFAP52,Cilia And Flagella Associated Protein 52,Protein Coding,2.6482139,71
HOXA1,Homeobox A1,Protein Coding,2.6474364,86
MIR346,MicroRNA 346,RNA Gene,2.6474364,60
PAK2,P21 (RAC1) Activated Kinase 2,Protein Coding,2.6447842,91
ACTN1,Actinin Alpha 1,Protein Coding,2.6429648,100
RBBP4,"RB Binding Protein 4, Chromatin Remodeling Factor",Protein Coding,2.6429648,87
RPS15A,Ribosomal Protein S15a,Protein Coding,2.6429648,86
KPNB1,Karyopherin Subunit Beta 1,Protein Coding,2.6429648,84
DDX1,DEAD-Box Helicase 1,Protein Coding,2.6429648,82
CBX2,Chromobox 2,Protein Coding,2.6427133,88
NUDT1,Nudix Hydrolase 1,Protein Coding,2.642486,74
UACA,Uveal Autoantigen With Coiled-Coil Domains And Ankyrin Repeats,Protein Coding,2.641943,77
HLA-DPA1,"Major Histocompatibility Complex, Class II, DP Alpha 1",Protein Coding,2.6413713,86
STK38,Serine/Threonine Kinase 38,Protein Coding,2.6401749,75
BPGM,Bisphosphoglycerate Mutase,Protein Coding,2.6362631,78
MR1,"Major Histocompatibility Complex, Class I-Related",Protein Coding,2.6362631,75
PRSS1,Serine Protease 1,Protein Coding,2.6360445,94
DLST,Dihydrolipoamide S-Succinyltransferase,Protein Coding,2.6360445,93
HAX1,HCLS1 Associated Protein X-1,Protein Coding,2.6360445,85
PYGB,Glycogen Phosphorylase B,Protein Coding,2.6360445,82
AHCTF1,AT-Hook Containing Transcription Factor 1,Protein Coding,2.6360445,79
PSCA,Prostate Stem Cell Antigen,Protein Coding,2.6348472,69
MMP8,Matrix Metallopeptidase 8,Protein Coding,2.6334236,85
PDGFA,Platelet Derived Growth Factor Subunit A,Protein Coding,2.6332195,88
ABHD5,"Abhydrolase Domain Containing 5, Lysophosphatidic Acid Acyltransferase",Protein Coding,2.6331275,87
BSCL2,"BSCL2 Lipid Droplet Biogenesis Associated, Seipin",Protein Coding,2.6331275,86
HGSNAT,Heparan-Alpha-Glucosaminide N-Acetyltransferase,Protein Coding,2.6331275,81
MIR655,MicroRNA 655,RNA Gene,2.6243281,56
LRPPRC,Leucine Rich Pentatricopeptide Repeat Containing,Protein Coding,2.6204019,92
MATR3,Matrin 3,Protein Coding,2.6204019,92
RPL8,Ribosomal Protein L8,Protein Coding,2.6204019,86
MBD2,Methyl-CpG Binding Domain Protein 2,Protein Coding,2.6204019,83
KIF18A,Kinesin Family Member 18A,Protein Coding,2.6204019,80
LPCAT1,Lysophosphatidylcholine Acyltransferase 1,Protein Coding,2.6204019,77
H3C2,H3 Clustered Histone 2,Protein Coding,2.6204019,74
DCD,Dermcidin,Protein Coding,2.6204019,66
LCK,"LCK Proto-Oncogene, Src Family Tyrosine Kinase",Protein Coding,2.6180692,100
HCK,"HCK Proto-Oncogene, Src Family Tyrosine Kinase",Protein Coding,2.6180692,94
IL7R,Interleukin 7 Receptor,Protein Coding,2.616847,100
IFNB1,Interferon Beta 1,Protein Coding,2.6166947,79
TIAM1,TIAM Rac1 Associated GEF 1,Protein Coding,2.6146517,96
SETDB1,SET Domain Bifurcated Histone Lysine Methyltransferase 1,Protein Coding,2.6146517,87
SATB2,SATB Homeobox 2,Protein Coding,2.614501,95
MCC,MCC Regulator Of Wnt Signaling Pathway,Protein Coding,2.614501,75
CDK13,Cyclin Dependent Kinase 13,Protein Coding,2.6120563,94
PHF6,PHD Finger Protein 6,Protein Coding,2.6120563,88
ZFPM2,"Zinc Finger Protein, FOG Family Member 2",Protein Coding,2.6120563,87
DRD3,Dopamine Receptor D3,Protein Coding,2.6113758,92
LINC00680,Long Intergenic Non-Protein Coding RNA 680,RNA Gene,2.6110663,49
LIVAR,Liver Cell Viability Associated LncRNA,RNA Gene,2.6110663,48
LIN28A,Lin-28 RNA Binding Posttranscriptional Regulator A,Protein Coding,2.609052,69
RNF20,Ring Finger Protein 20,Protein Coding,2.6047947,76
NFATC1,Nuclear Factor Of Activated T Cells 1,Protein Coding,2.603509,100
BCL10,BCL10 Immune Signaling Adaptor,Protein Coding,2.603509,94
LTA,Lymphotoxin Alpha,Protein Coding,2.603509,88
TNFRSF9,TNF Receptor Superfamily Member 9,Protein Coding,2.603509,85
MYCT1,MYC Target 1,Protein Coding,2.5992641,54
CYP2J2,Cytochrome P450 Family 2 Subfamily J Member 2,Protein Coding,2.5990973,78
PDPN,Podoplanin,Protein Coding,2.5984385,71
MYOF,Myoferlin,Protein Coding,2.5974467,86
MAP4K4,Mitogen-Activated Protein Kinase Kinase Kinase Kinase 4,Protein Coding,2.596953,100
USP9X,Ubiquitin Specific Peptidase 9 X-Linked,Protein Coding,2.596953,96
PSMD14,"Proteasome 26S Subunit, Non-ATPase 14",Protein Coding,2.596953,87
KIF4A,Kinesin Family Member 4A,Protein Coding,2.596953,86
PRPF19,Pre-MRNA Processing Factor 19,Protein Coding,2.596953,82
ACIN1,Apoptotic Chromatin Condensation Inducer 1,Protein Coding,2.596953,80
ATG12,Autophagy Related 12,Protein Coding,2.596953,80
ALYREF,Aly/REF Export Factor,Protein Coding,2.596953,78
EIF6,Eukaryotic Translation Initiation Factor 6,Protein Coding,2.596953,78
EEF1G,Eukaryotic Translation Elongation Factor 1 Gamma,Protein Coding,2.596953,77
SENP1,SUMO Specific Peptidase 1,Protein Coding,2.596953,76
SKA1,Spindle And Kinetochore Associated Complex Subunit 1,Protein Coding,2.596953,74
MIR184,MicroRNA 184,RNA Gene,2.596953,55
NNMT,Nicotinamide N-Methyltransferase,Protein Coding,2.5965312,72
CASC19,Cancer Susceptibility 19,RNA Gene,2.5912337,52
FGF5,Fibroblast Growth Factor 5,Protein Coding,2.5897963,78
TBXT,T-Box Transcription Factor T,Protein Coding,2.585301,84
HOXA11,Homeobox A11,Protein Coding,2.5851939,79
SARDH,Sarcosine Dehydrogenase,Protein Coding,2.584312,80
KDM5C,Lysine Demethylase 5C,Protein Coding,2.5821502,92
ILK,Integrin Linked Kinase,Protein Coding,2.581966,99
CYP26B1,Cytochrome P450 Family 26 Subfamily B Member 1,Protein Coding,2.5815344,89
CYP17A1,Cytochrome P450 Family 17 Subfamily A Member 1,Protein Coding,2.5800886,100
CNOT1,CCR4-NOT Transcription Complex Subunit 1,Protein Coding,2.5786192,93
ANK3,Ankyrin 3,Protein Coding,2.5759616,100
ABAT,4-Aminobutyrate Aminotransferase,Protein Coding,2.5759616,99
ARF6,ARF GTPase 6,Protein Coding,2.575563,87
ATIC,5-Aminoimidazole-4-Carboxamide Ribonucleotide Formyltransferase/IMP Cyclohydrolase,Protein Coding,2.572505,100
STIM1,Stromal Interaction Molecule 1,Protein Coding,2.572505,100
KIF2A,Kinesin Family Member 2A,Protein Coding,2.572505,97
PDPK1,3-Phosphoinositide Dependent Protein Kinase 1,Protein Coding,2.572505,92
ARHGDIA,Rho GDP Dissociation Inhibitor Alpha,Protein Coding,2.572505,90
CSTB,Cystatin B,Protein Coding,2.572505,85
EIF4B,Eukaryotic Translation Initiation Factor 4B,Protein Coding,2.572505,84
SLC25A5,Solute Carrier Family 25 Member 5,Protein Coding,2.572505,84
ADAMTS5,ADAM Metallopeptidase With Thrombospondin Type 1 Motif 5,Protein Coding,2.572505,82
S100A11,S100 Calcium Binding Protein A11,Protein Coding,2.572505,71
SERBP1,SERPINE1 MRNA Binding Protein 1,Protein Coding,2.572505,71
VTCN1,V-Set Domain Containing T Cell Activation Inhibitor 1,Protein Coding,2.572505,68
MIR377,MicroRNA 377,RNA Gene,2.572505,56
MT-RNR2,Mitochondrially Encoded 16S RRNA,RNA Gene,2.570401,62
LOC129994371,ATAC-STARR-Seq Lymphoblastoid Active Region 22910,Functional Element,2.5682113,56
STAT5B,Signal Transducer And Activator Of Transcription 5B,Protein Coding,2.568129,100
PGM1,Phosphoglucomutase 1,Protein Coding,2.568129,98
USP8,Ubiquitin Specific Peptidase 8,Protein Coding,2.568129,98
FBXO11,F-Box Protein 11,Protein Coding,2.568129,92
TNFRSF11B,TNF Receptor Superfamily Member 11b,Protein Coding,2.568129,91
MIRLET7I,MicroRNA Let-7i,RNA Gene,2.568129,61
MMAA,Metabolism Of Cobalamin Associated A,Protein Coding,2.566472,84
FDXR,Ferredoxin Reductase,Protein Coding,2.5661173,90
SIAH2,Siah E3 Ubiquitin Protein Ligase 2,Protein Coding,2.5656605,76
RBM47,RNA Binding Motif Protein 47,Protein Coding,2.5656605,73
CTBP1,C-Terminal Binding Protein 1,Protein Coding,2.5635004,100
ROR1,Receptor Tyrosine Kinase Like Orphan Receptor 1,Protein Coding,2.5635004,92
SFRP5,Secreted Frizzled Related Protein 5,Protein Coding,2.5635004,63
IFI27,Interferon Alpha Inducible Protein 27,Protein Coding,2.5561318,70
EIF4G1,Eukaryotic Translation Initiation Factor 4 Gamma 1,Protein Coding,2.555155,100
RBP4,Retinol Binding Protein 4,Protein Coding,2.555155,95
MTA3,Metastasis Associated 1 Family Member 3,Protein Coding,2.555155,85
IQGAP3,IQ Motif Containing GTPase Activating Protein 3,Protein Coding,2.555155,82
HSPH1,Heat Shock Protein Family H (Hsp110) Member 1,Protein Coding,2.555155,77
TBP,TATA-Box Binding Protein,Protein Coding,2.5537076,94
IMPDH2,Inosine Monophosphate Dehydrogenase 2,Protein Coding,2.5537076,93
PRDX5,Peroxiredoxin 5,Protein Coding,2.5537076,82
KISS1,KiSS-1 Metastasis Suppressor,Protein Coding,2.5537076,72
DDX3Y,DEAD-Box Helicase 3 Y-Linked,Protein Coding,2.5537076,69
MAGT1,Magnesium Transporter 1,Protein Coding,2.5489318,89
HDLBP,High Density Lipoprotein Binding Protein,Protein Coding,2.546918,85
LPAR6,Lysophosphatidic Acid Receptor 6,Protein Coding,2.546918,81
ATAD2,ATPase Family AAA Domain Containing 2,Protein Coding,2.546918,75
CCN4,Cellular Communication Network Factor 4,Protein Coding,2.546918,72
USP11,Ubiquitin Specific Peptidase 11,Protein Coding,2.546918,72
MIR9-3,MicroRNA 9-3,RNA Gene,2.546918,56
CDK2AP2,Cyclin Dependent Kinase 2 Associated Protein 2,Protein Coding,2.5448458,61
HDAC9,Histone Deacetylase 9,Protein Coding,2.543426,94
IPO4,Importin 4,Protein Coding,2.543426,73
C2,Complement C2,Protein Coding,2.535992,99
SPTLC1,Serine Palmitoyltransferase Long Chain Base Subunit 1,Protein Coding,2.5350208,97
P4HB,Prolyl 4-Hydroxylase Subunit Beta,Protein Coding,2.5340989,100
ALDH18A1,Aldehyde Dehydrogenase 18 Family Member A1,Protein Coding,2.5340989,97
CCT2,Chaperonin Containing TCP1 Subunit 2,Protein Coding,2.5340989,95
MEF2D,Myocyte Enhancer Factor 2D,Protein Coding,2.5340989,84
HNRNPF,Heterogeneous Nuclear Ribonucleoprotein F,Protein Coding,2.5340989,77
IFI44,Interferon Induced Protein 44,Protein Coding,2.5325084,62
NOX1,NADPH Oxidase 1,Protein Coding,2.5313094,87
MMP10,Matrix Metallopeptidase 10,Protein Coding,2.5313094,74
CYP2W1,Cytochrome P450 Family 2 Subfamily W Member 1,Protein Coding,2.5309403,68
PAX6,Paired Box 6,Protein Coding,2.5300534,100
HPRT1,Hypoxanthine Phosphoribosyltransferase 1,Protein Coding,2.5300534,95
PORCN,Porcupine O-Acyltransferase,Protein Coding,2.5287802,84
SDHD,Succinate Dehydrogenase Complex Subunit D,Protein Coding,2.52787,93
PYGM,"Glycogen Phosphorylase, Muscle Associated",Protein Coding,2.52787,92
C1QBP,Complement C1q Binding Protein,Protein Coding,2.5234246,94
ANGPTL3,Angiopoietin Like 3,Protein Coding,2.5234246,86
SESN2,Sestrin 2,Protein Coding,2.5234246,75
FGF8,Fibroblast Growth Factor 8,Protein Coding,2.52113,90
KDM5B,Lysine Demethylase 5B,Protein Coding,2.5200164,98
SNRPB,Small Nuclear Ribonucleoprotein Polypeptides B And B1,Protein Coding,2.5200164,95
TUFM,"Tu Translation Elongation Factor, Mitochondrial",Protein Coding,2.5200164,94
CFHR3,Complement Factor H Related 3,Protein Coding,2.5200164,69
DEPDC1,DEP Domain Containing 1,Protein Coding,2.5200164,62
MIR372,MicroRNA 372,RNA Gene,2.5200164,60
MIR552,MicroRNA 552,RNA Gene,2.5200164,58
MT1M,Metallothionein 1M,Protein Coding,2.5200164,56
DVL3,Dishevelled Segment Polarity Protein 3,Protein Coding,2.5190809,100
FZD2,Frizzled Class Receptor 2,Protein Coding,2.5190809,92
ACVRL1,Activin A Receptor Like Type 1,Protein Coding,2.5186365,98
ATF2,Activating Transcription Factor 2,Protein Coding,2.5123281,92
PARD3,Par-3 Family Cell Polarity Regulator,Protein Coding,2.5123281,91
HPSE,Heparanase,Protein Coding,2.5123281,81
ADORA2A,Adenosine A2a Receptor,Protein Coding,2.5080462,90
MKNK1,MAPK Interacting Serine/Threonine Kinase 1,Protein Coding,2.5080462,89
CAST,Calpastatin,Protein Coding,2.5080462,86
NCOA7,Nuclear Receptor Coactivator 7,Protein Coding,2.5080462,66
MMP11,Matrix Metallopeptidase 11,Protein Coding,2.5074515,75
SIK1,Salt Inducible Kinase 1,Protein Coding,2.5057116,91
PLK3,Polo Like Kinase 3,Protein Coding,2.5057116,83
PLIN5,Perilipin 5,Protein Coding,2.5057116,62
RAB11A,"RAB11A, Member RAS Oncogene Family",Protein Coding,2.504408,94
COL3A1,Collagen Type III Alpha 1 Chain,Protein Coding,2.503152,100
POLR2B,RNA Polymerase II Subunit B,Protein Coding,2.503152,85
ATRX,ATRX Chromatin Remodeler,Protein Coding,2.5023751,99
ABCA1,ATP Binding Cassette Subfamily A Member 1,Protein Coding,2.5008016,100
RPL3L,Ribosomal Protein L3 Like,Protein Coding,2.500612,77
ERMAP,Erythroblast Membrane Associated Protein (Scianna Blood Group),Protein Coding,2.500612,68
LRRC56,Leucine Rich Repeat Containing 56,Protein Coding,2.500612,68
ZNF385D,Zinc Finger Protein 385D,Protein Coding,2.500612,57
OR10S1,Olfactory Receptor Family 10 Subfamily S Member 1,Protein Coding,2.500612,51
RUNDC1,RUN Domain Containing 1,Protein Coding,2.500612,51
STAG1,STAG1 Cohesin Complex Component,Protein Coding,2.498202,91
SART1,"Spliceosome Associated Factor 1, Recruiter Of U4/U6.U5 Tri-SnRNP",Protein Coding,2.498202,71
BCCIP,BRCA2 And CDKN1A Interacting Protein,Protein Coding,2.498202,69
ASGR2,Asialoglycoprotein Receptor 2,Protein Coding,2.497739,74
CYBB,Cytochrome B-245 Beta Chain,Protein Coding,2.4969683,99
GLOD4,Glyoxalase Domain Containing 4,Protein Coding,2.4966705,61
PIEZO1,Piezo Type Mechanosensitive Ion Channel Component 1 (Er Blood Group),Protein Coding,2.490889,86
APLNR,Apelin Receptor,Protein Coding,2.490889,82
PMEL,Premelanosome Protein,Protein Coding,2.490889,80
SRM,Spermidine Synthase,Protein Coding,2.490889,72
SHCBP1,SHC Binding And Spindle Associated 1,Protein Coding,2.490889,64
MIR665,MicroRNA 665,RNA Gene,2.490889,58
TDP1,Tyrosyl-DNA Phosphodiesterase 1,Protein Coding,2.490734,88
CAD,"Carbamoyl-Phosphate Synthetase 2, Aspartate Transcarbamylase, And Dihydroorotase",Protein Coding,2.4897652,100
TUBA1B,Tubulin Alpha 1b,Protein Coding,2.4897652,90
BMAL1,Basic Helix-Loop-Helix ARNT Like 1,Protein Coding,2.4897652,89
VIPR1,Vasoactive Intestinal Peptide Receptor 1,Protein Coding,2.4897652,87
EIF2S1,Eukaryotic Translation Initiation Factor 2 Subunit Alpha,Protein Coding,2.4897652,83
CENPA,Centromere Protein A,Protein Coding,2.4897652,80
PGAM1,Phosphoglycerate Mutase 1,Protein Coding,2.4897652,80
MIR1307,MicroRNA 1307,RNA Gene,2.4897652,57
MIR940,MicroRNA 940,RNA Gene,2.4897652,52
ESCO2,Establishment Of Sister Chromatid Cohesion N-Acetyltransferase 2,Protein Coding,2.4883533,84
MC4R,Melanocortin 4 Receptor,Protein Coding,2.481761,97
SLCO1A2,Solute Carrier Organic Anion Transporter Family Member 1A2,Protein Coding,2.4794085,82
RNF169,Ring Finger Protein 169,Protein Coding,2.4771252,64
KIF5B,Kinesin Family Member 5B,Protein Coding,2.4759653,88
S100A6,S100 Calcium Binding Protein A6,Protein Coding,2.4759653,74
NOB1,NIN1 (RPN12) Binding Protein 1 Homolog,Protein Coding,2.4759653,71
ROBO1,Roundabout Guidance Receptor 1,Protein Coding,2.4742994,99
PAX2,Paired Box 2,Protein Coding,2.4737508,95
IRS4,Insulin Receptor Substrate 4,Protein Coding,2.4733539,77
FATE1,Fetal And Adult Testis Expressed 1,Protein Coding,2.4733539,57
GBX2,Gastrulation Brain Homeobox 2,Protein Coding,2.4733315,72
EED,Embryonic Ectoderm Development,Protein Coding,2.4731736,99
NDUFS3,NADH:Ubiquinone Oxidoreductase Core Subunit S3,Protein Coding,2.468912,95
IPO8,Importin 8,Protein Coding,2.468912,85
NSUN3,NOP2/Sun RNA Methyltransferase 3,Protein Coding,2.468912,72
KDM6A,Lysine Demethylase 6A,Protein Coding,2.4679399,97
MAN2B1,Mannosidase Alpha Class 2B Member 1,Protein Coding,2.467352,88
SGSH,N-Sulfoglucosamine Sulfohydrolase,Protein Coding,2.467352,88
PEX19,Peroxisomal Biogenesis Factor 19,Protein Coding,2.467352,87
GNPTAB,N-Acetylglucosamine-1-Phosphate Transferase Subunits Alpha And Beta,Protein Coding,2.467352,86
SUMF1,Sulfatase Modifying Factor 1,Protein Coding,2.467352,86
CT70,Cancer/Testis Associated Transcript 70,RNA Gene,2.467352,53
LINC01260,Long Intergenic Non-Protein Coding RNA 1260,RNA Gene,2.467352,49
WNT7B,Wnt Family Member 7B,Protein Coding,2.4663913,80
CLTC,Clathrin Heavy Chain,Protein Coding,2.4663162,100
FGA,Fibrinogen Alpha Chain,Protein Coding,2.4663162,100
RPL19,Ribosomal Protein L19,Protein Coding,2.4663162,94
RPL13,Ribosomal Protein L13,Protein Coding,2.4663162,88
TUBA1C,Tubulin Alpha 1c,Protein Coding,2.4663162,88
U2AF2,U2 Small Nuclear RNA Auxiliary Factor 2,Protein Coding,2.4663162,86
SLC25A3,Solute Carrier Family 25 Member 3,Protein Coding,2.4663162,82
SF3B3,Splicing Factor 3b Subunit 3,Protein Coding,2.4663162,81
SRSF7,Serine And Arginine Rich Splicing Factor 7,Protein Coding,2.4663162,81
CCT8,Chaperonin Containing TCP1 Subunit 8,Protein Coding,2.4663162,79
CCT6A,Chaperonin Containing TCP1 Subunit 6A,Protein Coding,2.4663162,78
SLC25A6,Solute Carrier Family 25 Member 6,Protein Coding,2.4663162,78
GNL3,G Protein Nucleolar 3,Protein Coding,2.4663162,76
UBAP2L,Ubiquitin Associated Protein 2 Like,Protein Coding,2.4663162,74
GTSE1,G2 And S-Phase Expressed 1,Protein Coding,2.4663162,71
SPAG5,Sperm Associated Antigen 5,Protein Coding,2.4663162,69
GATA2,GATA Binding Protein 2,Protein Coding,2.465378,100
KMT2C,Lysine Methyltransferase 2C,Protein Coding,2.4652038,100
MIR939,MicroRNA 939,RNA Gene,2.4612923,58
RNY3,"RNA, Ro60-Associated Y3",RNA Gene,2.4612906,55
UCP2,Uncoupling Protein 2,Protein Coding,2.4612691,81
FAU,FAU Ubiquitin Like And Ribosomal Protein S30 Fusion,Protein Coding,2.4604564,85
ATP11C,ATPase Phospholipid Transporting 11C (ATP11C Blood Group),Protein Coding,2.4601812,76
KAT6B,Lysine Acetyltransferase 6B,Protein Coding,2.4592035,94
FBXO4,F-Box Protein 4,Protein Coding,2.4590678,73
CBX7,Chromobox 7,Protein Coding,2.4590678,69
SMAD6,SMAD Family Member 6,Protein Coding,2.4558182,99
AP3B1,Adaptor Related Protein Complex 3 Subunit Beta 1,Protein Coding,2.4558182,97
CDC73,Cell Division Cycle 73,Protein Coding,2.4558182,94
IFI16,Interferon Gamma Inducible Protein 16,Protein Coding,2.4555092,84
MIR551B,MicroRNA 551b,RNA Gene,2.4514673,55
CYBRD1,Cytochrome B Reductase 1,Protein Coding,2.446557,70
RDX,Radixin,Protein Coding,2.445682,98
KRT17,Keratin 17,Protein Coding,2.445682,87
TACSTD2,Tumor Associated Calcium Signal Transducer 2,Protein Coding,2.445682,78
CDC25B,Cell Division Cycle 25B,Protein Coding,2.4454155,90
ECRG4,ECRG4 Augurin Precursor,Protein Coding,2.4454155,56
SEC13,"SEC13 Homolog, Nuclear Pore And COPII Component",Protein Coding,2.444426,84
EFNB2,Ephrin B2,Protein Coding,2.444426,82
MT1E,Metallothionein 1E,Protein Coding,2.444426,66
SERPINF1,Serpin Family F Member 1,Protein Coding,2.4432554,93
LRRC8A,Leucine Rich Repeat Containing 8 VRAC Subunit A,Protein Coding,2.4424021,85
IL21,Interleukin 21,Protein Coding,2.4424021,84
HMGCS2,3-Hydroxy-3-Methylglutaryl-CoA Synthase 2,Protein Coding,2.4418683,97
TARDBP,TAR DNA Binding Protein,Protein Coding,2.4418683,97
RPS7,Ribosomal Protein S7,Protein Coding,2.4418683,95
EIF4A1,Eukaryotic Translation Initiation Factor 4A1,Protein Coding,2.4418683,91
UPF3B,UPF3B Regulator Of Nonsense Mediated MRNA Decay,Protein Coding,2.4418683,89
PDCD6IP,Programmed Cell Death 6 Interacting Protein,Protein Coding,2.4418683,84
VPS35,VPS35 Retromer Complex Component,Protein Coding,2.4418683,84
TPM4,Tropomyosin 4,Protein Coding,2.4418683,83
ANXA6,Annexin A6,Protein Coding,2.4418683,81
ENAH,ENAH Actin Regulator,Protein Coding,2.4418683,81
RPL27A,Ribosomal Protein L27a,Protein Coding,2.4418683,81
VDAC2,Voltage Dependent Anion Channel 2,Protein Coding,2.4418683,81
TAB3,TGF-Beta Activated Kinase 1 (MAP3K7) Binding Protein 3,Protein Coding,2.4418683,77
NEIL3,Nei Like DNA Glycosylase 3,Protein Coding,2.4418683,76
DDX24,DEAD-Box Helicase 24,Protein Coding,2.4418683,71
HJURP,Holliday Junction Recognition Protein,Protein Coding,2.4418683,71
MIR194-1,MicroRNA 194-1,RNA Gene,2.4418683,58
CLDN9,Claudin 9,Protein Coding,2.440559,64
C4A,Complement C4A (Chido/Rodgers Blood Group),Protein Coding,2.4377935,94
BRD2,Bromodomain Containing 2,Protein Coding,2.4377935,91
ITGA1,Integrin Subunit Alpha 1,Protein Coding,2.4377935,88
LSM2,"LSM2 Homolog, U6 Small Nuclear RNA And MRNA Degradation Associated",Protein Coding,2.4377935,74
TRIM26,Tripartite Motif Containing 26,Protein Coding,2.4377935,74
DDX52,DExD-Box Helicase 52,Protein Coding,2.4377935,72
MTARC1,Mitochondrial Amidoxime Reducing Component 1,Protein Coding,2.4377935,67
USP10,Ubiquitin Specific Peptidase 10,Protein Coding,2.4352107,82
ANGPTL4,Angiopoietin Like 4,Protein Coding,2.4352107,81
NUPR1,"Nuclear Protein 1, Transcriptional Regulator",Protein Coding,2.4352107,65
DAB2IP,DAB2 Interacting Protein,Protein Coding,2.4287553,81
ADORA1,Adenosine A1 Receptor,Protein Coding,2.4244924,86
GLYAT,Glycine-N-Acyltransferase,Protein Coding,2.420664,69
PRAP1,Proline Rich Acidic Protein 1,Protein Coding,2.420664,51
COL4A1,Collagen Type IV Alpha 1 Chain,Protein Coding,2.420438,97
NFAT5,Nuclear Factor Of Activated T Cells 5,Protein Coding,2.4174335,88
AHSG,Alpha 2-HS Glycoprotein,Protein Coding,2.4174335,85
G6PC2,Glucose-6-Phosphatase Catalytic Subunit 2,Protein Coding,2.4168005,70
VMP1,Vacuole Membrane Protein 1,Protein Coding,2.416375,69
MIR875,MicroRNA 875,RNA Gene,2.416375,54
TPI1,Triosephosphate Isomerase 1,Protein Coding,2.4162812,96
SERPINH1,Serpin Family H Member 1,Protein Coding,2.4162812,94
CDK7,Cyclin Dependent Kinase 7,Protein Coding,2.4162812,90
RFC4,Replication Factor C Subunit 4,Protein Coding,2.4162812,88
DAB2,DAB Adaptor Protein 2,Protein Coding,2.4162812,85
EGLN3,Egl-9 Family Hypoxia Inducible Factor 3,Protein Coding,2.4162812,84
SUMO2,Small Ubiquitin Like Modifier 2,Protein Coding,2.4162812,84
RPS8,Ribosomal Protein S8,Protein Coding,2.4162812,83
YWHAQ,Tyrosine 3-Monooxygenase/Tryptophan 5-Monooxygenase Activation Protein Theta,Protein Coding,2.4162812,83
ST6GAL1,"ST6 Beta-Galactoside Alpha-2,6-Sialyltransferase 1",Protein Coding,2.4162812,80
CAPZA1,Capping Actin Protein Of Muscle Z-Line Subunit Alpha 1,Protein Coding,2.4162812,77
CBX8,Chromobox 8,Protein Coding,2.4162812,76
LETMD1,LETM1 Domain Containing 1,Protein Coding,2.4162812,66
MIR10A,MicroRNA 10a,RNA Gene,2.4162812,64
MIR218-1,MicroRNA 218-1,RNA Gene,2.4162812,60
MIR32,MicroRNA 32,RNA Gene,2.4162812,59
SMURF2,SMAD Specific E3 Ubiquitin Protein Ligase 2,Protein Coding,2.4146483,87
RASAL2,RAS Protein Activator Like 2,Protein Coding,2.4146483,77
OTUD6B,OTU Deubiquitinase 6B,Protein Coding,2.4137905,70
SMC2,Structural Maintenance Of Chromosomes 2,Protein Coding,2.4131467,84
EREG,Epiregulin,Protein Coding,2.4131467,83
TFF3,Trefoil Factor 3,Protein Coding,2.4131467,67
MAP4K5,Mitogen-Activated Protein Kinase Kinase Kinase Kinase 5,Protein Coding,2.4122689,81
DLD,Dihydrolipoamide Dehydrogenase,Protein Coding,2.4118907,100
LIG1,DNA Ligase 1,Protein Coding,2.4118907,100
CD59,CD59 Molecule (CD59 Blood Group),Protein Coding,2.4118907,92
GZMB,Granzyme B,Protein Coding,2.4118907,90
SRRM2,Serine/Arginine Repetitive Matrix 2,Protein Coding,2.4118907,89
RPS17,Ribosomal Protein S17,Protein Coding,2.4118907,86
HOXB13,Homeobox B13,Protein Coding,2.4118907,84
MIR595,MicroRNA 595,RNA Gene,2.4086025,53
MIR3609,MicroRNA 3609,RNA Gene,2.4086025,52
SNORD47,"Small Nucleolar RNA, C/D Box 47",RNA Gene,2.4086025,51
LINC01374,Long Intergenic Non-Protein Coding RNA 1374,RNA Gene,2.4086025,43
CAPRIN2,Caprin Family Member 2,Protein Coding,2.408459,67
SLC47A1,Solute Carrier Family 47 Member 1,Protein Coding,2.4036925,80
SLC26A3,Solute Carrier Family 26 Member 3,Protein Coding,2.4035401,94
RRM2B,Ribonucleotide Reductase Regulatory TP53 Inducible Subunit M2B,Protein Coding,2.4002755,97
FZD4,Frizzled Class Receptor 4,Protein Coding,2.3986592,95
SAMM50,SAMM50 Sorting And Assembly Machinery Component,Protein Coding,2.3986592,72
VPS52,VPS52 Subunit Of GARP Complex,Protein Coding,2.3986592,70
VEPH1,Ventricular Zone Expressed PH Domain Containing 1,Protein Coding,2.3986592,62
CHRNA5,Cholinergic Receptor Nicotinic Alpha 5 Subunit,Protein Coding,2.397335,85
SERPINA3,Serpin Family A Member 3,Protein Coding,2.397335,85
TMBIM4,Transmembrane BAX Inhibitor Motif Containing 4,Protein Coding,2.397335,59
BCL2L2,BCL2 Like 2,Protein Coding,2.3937466,80
ACE2,Angiotensin Converting Enzyme 2,Protein Coding,2.390532,89
MIR198,MicroRNA 198,RNA Gene,2.390532,53
ONECUT1,One Cut Homeobox 1,Protein Coding,2.3901973,78
TUBA1A,Tubulin Alpha 1a,Protein Coding,2.3893797,100
VCAN,Versican,Protein Coding,2.3893797,100
KIF23,Kinesin Family Member 23,Protein Coding,2.3893797,96
CUL4B,Cullin 4B,Protein Coding,2.3893797,94
RALA,RAS Like Proto-Oncogene A,Protein Coding,2.3893797,93
PPP1CA,Protein Phosphatase 1 Catalytic Subunit Alpha,Protein Coding,2.3893797,89
PRKAA2,Protein Kinase AMP-Activated Catalytic Subunit Alpha 2,Protein Coding,2.3893797,89
ATP5F1B,ATP Synthase F1 Subunit Beta,Protein Coding,2.3893797,85
AKR1C1,Aldo-Keto Reductase Family 1 Member C1,Protein Coding,2.3893797,83
PMAIP1,Phorbol-12-Myristate-13-Acetate-Induced Protein 1,Protein Coding,2.3893797,78
NUDT21,Nudix Hydrolase 21,Protein Coding,2.3893797,77
PIWIL1,Piwi Like RNA-Mediated Gene Silencing 1,Protein Coding,2.3893797,76
TRIM56,Tripartite Motif Containing 56,Protein Coding,2.3893797,73
ANP32B,Acidic Nuclear Phosphoprotein 32 Family Member B,Protein Coding,2.3893797,72
EIF5A2,Eukaryotic Translation Initiation Factor 5A2,Protein Coding,2.3893797,70
ANXA10,Annexin A10,Protein Coding,2.3893797,56
MIR612,MicroRNA 612,RNA Gene,2.3893797,53
TRIM14,Tripartite Motif Containing 14,Protein Coding,2.3859422,83
CLDN2,Claudin 2,Protein Coding,2.3851192,68
SMYD5,SMYD Family Member 5,Protein Coding,2.384203,58
ALPP,"Alkaline Phosphatase, Placental",Protein Coding,2.3834412,70
SPINT2,"Serine Peptidase Inhibitor, Kunitz Type 2",Protein Coding,2.3813038,86
GATA5,GATA Binding Protein 5,Protein Coding,2.3813038,80
MIR197,MicroRNA 197,RNA Gene,2.3813038,58
IMMT,Inner Membrane Mitochondrial Protein,Protein Coding,2.3788056,74
TFAP2A,Transcription Factor AP-2 Alpha,Protein Coding,2.3777666,99
XCR1,X-C Motif Chemokine Receptor 1,Protein Coding,2.3777666,76
GPRC5A,G Protein-Coupled Receptor Class C Group 5 Member A,Protein Coding,2.3777666,66
SRSF6,Serine And Arginine Rich Splicing Factor 6,Protein Coding,2.3775,81
SERPINC1,Serpin Family C Member 1,Protein Coding,2.3765106,96
DLL3,Delta Like Canonical Notch Ligand 3,Protein Coding,2.3765106,92
RECQL4,RecQ Like Helicase 4,Protein Coding,2.3765106,91
GYS2,Glycogen Synthase 2,Protein Coding,2.3765106,86
HEY1,Hes Related Family BHLH Transcription Factor With YRPW Motif 1,Protein Coding,2.3765106,81
SRY,Sex Determining Region Y,Protein Coding,2.3765106,80
NOL11,Nucleolar Protein 11,Protein Coding,2.3765106,66
CCN5,Cellular Communication Network Factor 5,Protein Coding,2.3765106,60
MIR496,MicroRNA 496,RNA Gene,2.3756418,52
SOX7,SRY-Box Transcription Factor 7,Protein Coding,2.37534,70
TRAF6,TNF Receptor Associated Factor 6,Protein Coding,2.371976,87
YWHAB,Tyrosine 3-Monooxygenase/Tryptophan 5-Monooxygenase Activation Protein Beta,Protein Coding,2.371976,87
SIRT5,Sirtuin 5,Protein Coding,2.371976,84
H3C1,H3 Clustered Histone 1,Protein Coding,2.371976,76
S100A10,S100 Calcium Binding Protein A10,Protein Coding,2.371976,74
GNA11,G Protein Subunit Alpha 11,Protein Coding,2.3718028,100
CD96,CD96 Molecule,Protein Coding,2.3718028,79
PDE4D,Phosphodiesterase 4D,Protein Coding,2.3713229,100
C1QA,Complement C1q A Chain,Protein Coding,2.3678493,90
UROS,Uroporphyrinogen III Synthase,Protein Coding,2.3674474,84
SMC5,Structural Maintenance Of Chromosomes 5,Protein Coding,2.3620894,83
GDF11,Growth Differentiation Factor 11,Protein Coding,2.3620894,72
THUMPD3-AS1,THUMPD3 Antisense RNA 1,RNA Gene,2.3619587,53
LTBP1,Latent Transforming Growth Factor Beta Binding Protein 1,Protein Coding,2.360937,89
CDC45,Cell Division Cycle 45,Protein Coding,2.360937,88
CHD5,Chromodomain Helicase DNA Binding Protein 5,Protein Coding,2.360937,87
APCS,"Amyloid P Component, Serum",Protein Coding,2.360937,74
FBXO5,F-Box Protein 5,Protein Coding,2.360937,73
CSTA,Cystatin A,Protein Coding,2.360937,72
RFX1,Regulatory Factor X1,Protein Coding,2.360937,68
HHLA2,HHLA2 Member Of B7 Family,Protein Coding,2.360937,63
MIR371A,MicroRNA 371a,RNA Gene,2.360937,55
BLVRA,Biliverdin Reductase A,Protein Coding,2.3570173,84
STXBP2,Syntaxin Binding Protein 2,Protein Coding,2.355856,90
PTGER4,Prostaglandin E Receptor 4,Protein Coding,2.3542397,86
KLF15,KLF Transcription Factor 15,Protein Coding,2.3542397,70
ADAMTS2,ADAM Metallopeptidase With Thrombospondin Type 1 Motif 2,Protein Coding,2.352794,91
PNLIPRP3,Pancreatic Lipase Related Protein 3,Protein Coding,2.3519976,54
NAGS,N-Acetylglutamate Synthase,Protein Coding,2.3501234,85
ITGA6,Integrin Subunit Alpha 6,Protein Coding,2.349413,100
MYH10,Myosin Heavy Chain 10,Protein Coding,2.349413,94
VDAC1,Voltage Dependent Anion Channel 1,Protein Coding,2.349413,86
ECM1,Extracellular Matrix Protein 1,Protein Coding,2.349413,84
CKB,Creatine Kinase B,Protein Coding,2.349413,81
GTPBP4,GTP Binding Protein 4,Protein Coding,2.349413,78
MIR135B,MicroRNA 135b,RNA Gene,2.349413,61
MEIS2,Meis Homeobox 2,Protein Coding,2.3466861,86
SLC25A22,Solute Carrier Family 25 Member 22,Protein Coding,2.34627,86
F3,"Coagulation Factor III, Tissue Factor",Protein Coding,2.34627,84
MUC2,"Mucin 2, Oligomeric Mucus/Gel-Forming",Protein Coding,2.34627,81
LRBA,LPS Responsive Beige-Like Anchor Protein,Protein Coding,2.34299,84
CLDN6,Claudin 6,Protein Coding,2.3415227,66
SLC44A4,Solute Carrier Family 44 Member 4,Protein Coding,2.339936,83
CSPP1,Centrosome And Spindle Pole Associated Protein 1,Protein Coding,2.339936,79
KRT10-AS1,KRT10 Antisense RNA 1,RNA Gene,2.339936,67
MIR626,MicroRNA 626,RNA Gene,2.339936,55
PTGES2-DT,PTGES2 Divergent Transcript,RNA Gene,2.339936,52
GDNF-AS1,GDNF Antisense RNA 1,RNA Gene,2.339936,51
SNORD38B,"Small Nucleolar RNA, C/D Box 38B",RNA Gene,2.339936,49
RNASEK-C17orf49,RNASEK-C17orf49 Readthrough,Protein Coding,2.339936,43
ITGB3,Integrin Subunit Beta 3,Protein Coding,2.3386323,100
TIAM2,TIAM Rac1 Associated GEF 2,Protein Coding,2.3383658,85
NOP53,NOP53 Ribosome Biogenesis Factor,Protein Coding,2.3383658,67
C5,Complement C5,Protein Coding,2.3373764,100
NR3C1,Nuclear Receptor Subfamily 3 Group C Member 1,Protein Coding,2.3373764,100
SOX10,SRY-Box Transcription Factor 10,Protein Coding,2.3373764,97
JAG2,Jagged Canonical Notch Ligand 2,Protein Coding,2.3373764,96
SIX2,SIX Homeobox 2,Protein Coding,2.3373764,76
SDHC,Succinate Dehydrogenase Complex Subunit C,Protein Coding,2.3368843,95
CXCR1,C-X-C Motif Chemokine Receptor 1,Protein Coding,2.3362057,86
NLK,Nemo Like Kinase,Protein Coding,2.3362057,80
DHRS2,Dehydrogenase/Reductase 2,Protein Coding,2.3318062,65
IL2RB,Interleukin 2 Receptor Subunit Beta,Protein Coding,2.3307517,100
MIR128-1,MicroRNA 128-1,RNA Gene,2.330654,65
MIR129-1,MicroRNA 129-1,RNA Gene,2.330654,64
CRYAB,Crystallin Alpha B,Protein Coding,2.3283458,92
ABCB7,ATP Binding Cassette Subfamily B Member 7,Protein Coding,2.3278928,92
GSN,Gelsolin,Protein Coding,2.325964,100
PPP1R12A,Protein Phosphatase 1 Regulatory Subunit 12A,Protein Coding,2.325964,98
RPS3,Ribosomal Protein S3,Protein Coding,2.325964,90
RPS2,Ribosomal Protein S2,Protein Coding,2.325964,87
HNRNPR,Heterogeneous Nuclear Ribonucleoprotein R,Protein Coding,2.325964,86
RPS11,Ribosomal Protein S11,Protein Coding,2.325964,85
ACSL3,Acyl-CoA Synthetase Long Chain Family Member 3,Protein Coding,2.325964,84
COPG1,Coat Protein Complex I Subunit Gamma 1,Protein Coding,2.325964,82
WDR4,WDR4 TRNA N7-Guanosine Methyltransferase Non-Catalytic Subunit,Protein Coding,2.325964,82
CAP1,Cyclase Associated Actin Cytoskeleton Regulatory Protein 1,Protein Coding,2.325964,81
CAPNS1,Calpain Small Subunit 1,Protein Coding,2.325964,79
DNAJA1,DnaJ Heat Shock Protein Family (Hsp40) Member A1,Protein Coding,2.325964,76
ING1,Inhibitor Of Growth Family Member 1,Protein Coding,2.325964,76
FNDC3B,Fibronectin Type III Domain Containing 3B,Protein Coding,2.325964,69
CCL14,C-C Motif Chemokine Ligand 14,Protein Coding,2.325964,67
IKZF1,IKAROS Family Zinc Finger 1,Protein Coding,2.3216372,99
CAMK2B,Calcium/Calmodulin Dependent Protein Kinase II Beta,Protein Coding,2.3151598,100
MTAP,Methylthioadenosine Phosphorylase,Protein Coding,2.3127894,95
ADORA3,Adenosine A3 Receptor,Protein Coding,2.3031363,80
ITGA9,Integrin Subunit Alpha 9,Protein Coding,2.3026564,87
ETS2,"ETS Proto-Oncogene 2, Transcription Factor",Protein Coding,2.3024025,84
PLIN2,Perilipin 2,Protein Coding,2.3024025,75
MME,Membrane Metalloendopeptidase,Protein Coding,2.3022223,100
OBSCN,"Obscurin, Cytoskeletal Calmodulin And Titin-Interacting RhoGEF",Protein Coding,2.3015501,89
PRMT7,Protein Arginine Methyltransferase 7,Protein Coding,2.3015501,89
HLA-E,"Major Histocompatibility Complex, Class I, E",Protein Coding,2.3015501,88
EFCAB11,EF-Hand Calcium Binding Domain 11,Protein Coding,2.3015501,51
POLR1HASP,"POLR1H Antisense, Pseudogene",Pseudogene,2.3015501,49
ECHS1,"Enoyl-CoA Hydratase, Short Chain 1",Protein Coding,2.301516,98
TUBB4B,Tubulin Beta 4B Class IVb,Protein Coding,2.301516,94
LMNB2,Lamin B2,Protein Coding,2.301516,89
GOT1,Glutamic-Oxaloacetic Transaminase 1,Protein Coding,2.301516,88
MIF,Macrophage Migration Inhibitory Factor,Protein Coding,2.301516,86
FARSB,Phenylalanyl-TRNA Synthetase Subunit Beta,Protein Coding,2.301516,84
RPS3A,Ribosomal Protein S3A,Protein Coding,2.301516,83
NACA,Nascent Polypeptide Associated Complex Subunit Alpha,Protein Coding,2.301516,82
QKI,"QKI, KH Domain Containing RNA Binding",Protein Coding,2.301516,81
SLC25A11,Solute Carrier Family 25 Member 11,Protein Coding,2.301516,80
KHDRBS1,"KH RNA Binding Domain Containing, Signal Transduction Associated 1",Protein Coding,2.301516,79
ID2,Inhibitor Of DNA Binding 2,Protein Coding,2.301516,78
SNRPD1,Small Nuclear Ribonucleoprotein D1 Polypeptide,Protein Coding,2.301516,78
PA2G4,Proliferation-Associated 2G4,Protein Coding,2.301516,76
CORO1C,Coronin 1C,Protein Coding,2.301516,75
HNRNPAB,Heterogeneous Nuclear Ribonucleoprotein A/B,Protein Coding,2.301516,74
HNRNPUL1,Heterogeneous Nuclear Ribonucleoprotein U Like 1,Protein Coding,2.301516,74
AHSA1,Activator Of HSP90 ATPase Activity 1,Protein Coding,2.301516,70
CCL15,C-C Motif Chemokine Ligand 15,Protein Coding,2.301516,62
SPATS2,Spermatogenesis Associated Serine Rich 2,Protein Coding,2.301516,55
A1CF,APOBEC1 Complementation Factor,Protein Coding,2.2992709,76
CDYL,Chromodomain Y Like,Protein Coding,2.2992709,74
ADSL,Adenylosuccinate Lyase,Protein Coding,2.2988415,98
GOT2,Glutamic-Oxaloacetic Transaminase 2,Protein Coding,2.2981186,94
LILRB2,Leukocyte Immunoglobulin Like Receptor B2,Protein Coding,2.2981186,80
MIR622,MicroRNA 622,RNA Gene,2.2981186,51
MIR302B,MicroRNA 302b,RNA Gene,2.2939465,57
PCNT,Pericentrin,Protein Coding,2.292957,91
MIR559,MicroRNA 559,RNA Gene,2.292957,52
WNT4,Wnt Family Member 4,Protein Coding,2.2917864,91
DKK2,Dickkopf Wnt Signaling Pathway Inhibitor 2,Protein Coding,2.2917864,71
ENTPD2,Ectonucleoside Triphosphate Diphosphohydrolase 2,Protein Coding,2.2843468,69
PIP,Prolactin Induced Protein,Protein Coding,2.2843468,65
RORC,RAR Related Orphan Receptor C,Protein Coding,2.283601,100
DOCK8,Dedicator Of Cytokinesis 8,Protein Coding,2.282503,92
MIR1231,MicroRNA 1231,RNA Gene,2.2775471,55
ATP2A2,ATPase Sarcoplasmic/Endoplasmic Reticulum Ca2+ Transporting 2,Protein Coding,2.275929,100
PFKM,"Phosphofructokinase, Muscle",Protein Coding,2.275929,100
EPRS1,Glutamyl-Prolyl-TRNA Synthetase 1,Protein Coding,2.275929,98
TUBG1,Tubulin Gamma 1,Protein Coding,2.275929,98
CTSA,Cathepsin A,Protein Coding,2.275929,97
FMR1,Fragile X Messenger Ribonucleoprotein 1,Protein Coding,2.275929,93
RARS1,Arginyl-TRNA Synthetase 1,Protein Coding,2.275929,92
SATB1,SATB Homeobox 1,Protein Coding,2.275929,91
EIF2S3,Eukaryotic Translation Initiation Factor 2 Subunit Gamma,Protein Coding,2.275929,89
NME2,NME/NM23 Nucleoside Diphosphate Kinase 2,Protein Coding,2.275929,88
PTPN12,Protein Tyrosine Phosphatase Non-Receptor Type 12,Protein Coding,2.275929,88
PPP1CC,Protein Phosphatase 1 Catalytic Subunit Gamma,Protein Coding,2.275929,87
PVR,PVR Cell Adhesion Molecule,Protein Coding,2.275929,86
KRT2,Keratin 2,Protein Coding,2.275929,84
LMO7,LIM Domain 7,Protein Coding,2.275929,84
MCM3AP,Minichromosome Maintenance Complex Component 3 Associated Protein,Protein Coding,2.275929,84
MOV10,Mov10 RNA Helicase,Protein Coding,2.275929,84
RPS5,Ribosomal Protein S5,Protein Coding,2.275929,84
CAPZB,Capping Actin Protein Of Muscle Z-Line Subunit Beta,Protein Coding,2.275929,83
FLII,FLII Actin Remodeling Protein,Protein Coding,2.275929,83
ITIH4,Inter-Alpha-Trypsin Inhibitor Heavy Chain 4,Protein Coding,2.275929,82
PSMD4,"Proteasome 26S Subunit Ubiquitin Receptor, Non-ATPase 4",Protein Coding,2.275929,82
RPL14,Ribosomal Protein L14,Protein Coding,2.275929,82
CCT7,Chaperonin Containing TCP1 Subunit 7,Protein Coding,2.275929,81
KHSRP,KH-Type Splicing Regulatory Protein,Protein Coding,2.275929,81
RPLP2,Ribosomal Protein Lateral Stalk Subunit P2,Protein Coding,2.275929,81
ATG4B,Autophagy Related 4B Cysteine Peptidase,Protein Coding,2.275929,80
CHMP4B,Charged Multivesicular Body Protein 4B,Protein Coding,2.275929,79
DYNC1LI1,Dynein Cytoplasmic 1 Light Intermediate Chain 1,Protein Coding,2.275929,79
AQP9,Aquaporin 9,Protein Coding,2.275929,78
USP28,Ubiquitin Specific Peptidase 28,Protein Coding,2.275929,76
KIFC1,Kinesin Family Member C1,Protein Coding,2.275929,75
MYO1B,Myosin IB,Protein Coding,2.275929,74
PABPC4,Poly(A) Binding Protein Cytoplasmic 4,Protein Coding,2.275929,74
TRIM29,Tripartite Motif Containing 29,Protein Coding,2.275929,74
ERP29,Endoplasmic Reticulum Protein 29,Protein Coding,2.275929,67
AP1S1,Adaptor Related Protein Complex 1 Subunit Sigma 1,Protein Coding,2.2702456,87
PRKD1,Protein Kinase D1,Protein Coding,2.2688413,99
MLANA,Melan-A,Protein Coding,2.2685921,61
SOCS6,Suppressor Of Cytokine Signaling 6,Protein Coding,2.2638907,74
PRPS2,Phosphoribosyl Pyrophosphate Synthetase 2,Protein Coding,2.2638907,72
LRG1,Leucine Rich Alpha-2-Glycoprotein 1,Protein Coding,2.2638907,63
MIR708,MicroRNA 708,RNA Gene,2.2638907,62
CNPY2,Canopy FGF Signaling Regulator 2,Protein Coding,2.2638907,59
SELENOP,Selenoprotein P,Protein Coding,2.2636228,66
CSF1,Colony Stimulating Factor 1,Protein Coding,2.2627385,88
ZNRF3,Zinc And Ring Finger 3,Protein Coding,2.2620852,75
ITGA2,Integrin Subunit Alpha 2,Protein Coding,2.2540636,100
RELB,"RELB Proto-Oncogene, NF-KB Subunit",Protein Coding,2.2540636,100
DAPK1,Death Associated Protein Kinase 1,Protein Coding,2.2540636,92
RRM1,Ribonucleotide Reductase Catalytic Subunit M1,Protein Coding,2.2540636,91
UBQLN1,Ubiquilin 1,Protein Coding,2.2540636,80
PWP1,"PWP1 Homolog, Endonuclein",Protein Coding,2.2540636,70
IER3,Immediate Early Response 3,Protein Coding,2.2540636,67
DRD4,Dopamine Receptor D4,Protein Coding,2.2520318,91
IL7,Interleukin 7,Protein Coding,2.2500057,84
PPIB,Peptidylprolyl Isomerase B,Protein Coding,2.2490275,98
WDR1,WD Repeat Domain 1,Protein Coding,2.2490275,92
TRIP12,Thyroid Hormone Receptor Interactor 12,Protein Coding,2.2490275,91
RBM8A,RNA Binding Motif Protein 8A,Protein Coding,2.2490275,87
TNRC6A,Trinucleotide Repeat Containing Adaptor 6A,Protein Coding,2.2490275,87
UBA2,Ubiquitin Like Modifier Activating Enzyme 2,Protein Coding,2.2490275,85
RPL7,Ribosomal Protein L7,Protein Coding,2.2490275,84
SNAP23,Synaptosome Associated Protein 23,Protein Coding,2.2490275,84
ADH1C,"Alcohol Dehydrogenase 1C (Class I), Gamma Polypeptide",Protein Coding,2.2490275,82
KRT16,Keratin 16,Protein Coding,2.2490275,81
RCC1,Regulator Of Chromosome Condensation 1,Protein Coding,2.2490275,81
UCHL5,Ubiquitin C-Terminal Hydrolase L5,Protein Coding,2.2490275,81
EIF3I,Eukaryotic Translation Initiation Factor 3 Subunit I,Protein Coding,2.2490275,80
GTF2I,General Transcription Factor IIi,Protein Coding,2.2490275,80
SPAG9,Sperm Associated Antigen 9,Protein Coding,2.2490275,78
CRIPTO,"Cripto, EGF-CFC Family Member",Protein Coding,2.2490275,77
KRT6B,Keratin 6B,Protein Coding,2.2490275,76
PRDM2,PR/SET Domain 2,Protein Coding,2.2490275,75
RBM15,RNA Binding Motif Protein 15,Protein Coding,2.2490275,75
EIF3L,Eukaryotic Translation Initiation Factor 3 Subunit L,Protein Coding,2.2490275,72
CTCFL,CCCTC-Binding Factor Like,Protein Coding,2.2490275,71
BTF3,Basic Transcription Factor 3,Protein Coding,2.2490275,69
CDCA3,Cell Division Cycle Associated 3,Protein Coding,2.2490275,66
KLRB1,Killer Cell Lectin Like Receptor B1,Protein Coding,2.2490275,62
MIR638,MicroRNA 638,RNA Gene,2.2490275,60
TM4SF1,Transmembrane 4 L Six Family Member 1,Protein Coding,2.2490275,53
TSPYL5,TSPY Like 5,Protein Coding,2.2490275,53
FGB,Fibrinogen Beta Chain,Protein Coding,2.2474146,100
FURIN,"Furin, Paired Basic Amino Acid Cleaving Enzyme",Protein Coding,2.2474146,92
CRTC2,CREB Regulated Transcription Coactivator 2,Protein Coding,2.2474146,74
UPP1,Uridine Phosphorylase 1,Protein Coding,2.24721,77
GSTA2,Glutathione S-Transferase Alpha 2,Protein Coding,2.24721,74
CDK19,Cyclin Dependent Kinase 19,Protein Coding,2.2464933,88
MINK1,Misshapen Like Kinase 1,Protein Coding,2.2464933,88
HOXC10,Homeobox C10,Protein Coding,2.2464933,69
AIRE,Autoimmune Regulator,Protein Coding,2.2463865,91
MED16,Mediator Complex Subunit 16,Protein Coding,2.2426834,83
KLHL22,Kelch Like Family Member 22,Protein Coding,2.2426834,77
UNG,Uracil DNA Glycosylase,Protein Coding,2.242373,93
SUV39H2,SUV39H2 Histone Lysine Methyltransferase,Protein Coding,2.2412567,77
RPS27A,Ribosomal Protein S27a,Protein Coding,2.2411225,89
ZWINT,ZW10 Interacting Kinetochore Protein,Protein Coding,2.2411225,75
KLHL12,Kelch Like Family Member 12,Protein Coding,2.2402673,74
WNT7A,Wnt Family Member 7A,Protein Coding,2.2390966,89
WNT2,Wnt Family Member 2,Protein Coding,2.2390966,78
FRZB,Frizzled Related Protein,Protein Coding,2.2390966,74
FRAT1,FRAT Regulator Of Wnt Signaling Pathway 1,Protein Coding,2.2390966,63
CD27,CD27 Molecule,Protein Coding,2.2380836,92
PRF1,Perforin 1,Protein Coding,2.2345,95
SH2D1A,SH2 Domain Containing 1A,Protein Coding,2.2345,87
SEC61A1,SEC61 Translocon Subunit Alpha 1,Protein Coding,2.2285235,88
DNAJB11,DnaJ Heat Shock Protein Family (Hsp40) Member B11,Protein Coding,2.2285235,86
NAA15,"N-Alpha-Acetyltransferase 15, NatA Auxiliary Subunit",Protein Coding,2.2285235,83
FGF17,Fibroblast Growth Factor 17,Protein Coding,2.2249138,81
RFX6,Regulatory Factor X6,Protein Coding,2.2249138,79
FGF20,Fibroblast Growth Factor 20,Protein Coding,2.2249138,77
ZFYVE19,Zinc Finger FYVE-Type Containing 19,Protein Coding,2.2249138,69
IL17F,Interleukin 17F,Protein Coding,2.2247565,91
MIR1275,MicroRNA 1275,RNA Gene,2.2247565,56
SPHKAP,"SPHK1 Interactor, AKAP Domain Containing",Protein Coding,2.2247565,52
CHKB-CPT1B,CHKB-CPT1B Readthrough (NMD Candidate),Protein Coding,2.2247565,47
SLC5A2,Solute Carrier Family 5 Member 2,Protein Coding,2.2241726,91
TNFRSF13C,TNF Receptor Superfamily Member 13C,Protein Coding,2.221634,84
CTSC,Cathepsin C,Protein Coding,2.2205849,100
RPS24,Ribosomal Protein S24,Protein Coding,2.2205849,97
CARM1,Coactivator Associated Arginine Methyltransferase 1,Protein Coding,2.2205849,89
IL1RL1,Interleukin 1 Receptor Like 1,Protein Coding,2.2205849,87
BCAT1,Branched Chain Amino Acid Transaminase 1,Protein Coding,2.2205849,83
CLTA,Clathrin Light Chain A,Protein Coding,2.2205849,82
MCAM,Melanoma Cell Adhesion Molecule,Protein Coding,2.2205849,81
CCAR2,Cell Cycle And Apoptosis Regulator 2,Protein Coding,2.2205849,80
GNA14,G Protein Subunit Alpha 14,Protein Coding,2.2205849,78
RBM14,RNA Binding Motif Protein 14,Protein Coding,2.2205849,78
BDH1,3-Hydroxybutyrate Dehydrogenase 1,Protein Coding,2.2205849,76
CCAR1,Cell Division Cycle And Apoptosis Regulator 1,Protein Coding,2.2205849,76
CCL19,C-C Motif Chemokine Ligand 19,Protein Coding,2.2205849,75
PTP4A3,Protein Tyrosine Phosphatase 4A3,Protein Coding,2.2205849,73
RALY,RALY Heterogeneous Nuclear Ribonucleoprotein,Protein Coding,2.2205849,73
UCHL3,Ubiquitin C-Terminal Hydrolase L3,Protein Coding,2.2205849,73
H1-5,"H1.5 Linker Histone, Cluster Member",Protein Coding,2.2205849,72
H1-3,"H1.3 Linker Histone, Cluster Member",Protein Coding,2.2205849,71
XAF1,XIAP Associated Factor 1,Protein Coding,2.2205849,70
REPIN1,Replication Initiator 1,Protein Coding,2.2205849,66
HOXB9,Homeobox B9,Protein Coding,2.2205849,65
RBM3,RNA Binding Motif Protein 3,Protein Coding,2.2205849,64
SACK1D,Scaffolding CK1 Anchoring Protein D,Protein Coding,2.2205849,64
MIR877,MicroRNA 877,RNA Gene,2.2205849,60
MIR92B,MicroRNA 92b,RNA Gene,2.2205849,59
MIR411,MicroRNA 411,RNA Gene,2.2205849,57
TGM1,Transglutaminase 1,Protein Coding,2.2197225,90
CXCR5,C-X-C Motif Chemokine Receptor 5,Protein Coding,2.2197225,81
MYO6,Myosin VI,Protein Coding,2.2193518,100
ATG16L1,Autophagy Related 16 Like 1,Protein Coding,2.2193518,88
RAB5C,"RAB5C, Member RAS Oncogene Family",Protein Coding,2.2193518,85
TRPC1,Transient Receptor Potential Cation Channel Subfamily C Member 1,Protein Coding,2.2193518,82
YBX3,Y-Box Binding Protein 3,Protein Coding,2.2193518,74
PES1,Pescadillo Ribosomal Biogenesis Factor 1,Protein Coding,2.2193518,73
PPA1,Inorganic Pyrophosphatase 1,Protein Coding,2.2193518,66
TCF3,Transcription Factor 3,Protein Coding,2.2182484,100
HES6,Hes Family BHLH Transcription Factor 6,Protein Coding,2.2171316,66
NUP210,Nucleoporin 210,Protein Coding,2.2061589,83
TFE3,Transcription Factor Binding To IGHM Enhancer 3,Protein Coding,2.2051134,86
SUZ12,SUZ12 Polycomb Repressive Complex 2 Subunit,Protein Coding,2.2019858,93
PSMB9,Proteasome 20S Subunit Beta 9,Protein Coding,2.2019858,89
CD38,CD38 Molecule,Protein Coding,2.1993089,83
ERN1,Endoplasmic Reticulum To Nucleus Signaling 1,Protein Coding,2.1967888,89
PFKL,"Phosphofructokinase, Liver Type",Protein Coding,2.1967888,88
MAX,MYC Associated Transcriptional Regulator X,Protein Coding,2.1931434,100
EIF2AK4,Eukaryotic Translation Initiation Factor 2 Alpha Kinase 4,Protein Coding,2.1931434,95
USP21,Ubiquitin Specific Peptidase 21,Protein Coding,2.1931434,76
IL17D,Interleukin 17D,Protein Coding,2.19234,63
GM2A,Ganglioside GM2 Activator,Protein Coding,2.1912107,89
XRCC4,X-Ray Repair Cross Complementing 4,Protein Coding,2.1903017,95
PRKCI,Protein Kinase C Iota,Protein Coding,2.1903017,92
SLC16A3,Solute Carrier Family 16 Member 3,Protein Coding,2.1903017,84
UBA52,Ubiquitin A-52 Residue Ribosomal Protein Fusion Product 1,Protein Coding,2.1903017,84
SPRED2,Sprouty Related EVH1 Domain Containing 2,Protein Coding,2.1903017,82
RYBP,RING1 And YY1 Binding Protein,Protein Coding,2.1903017,75
SLC38A1,Solute Carrier Family 38 Member 1,Protein Coding,2.1903017,75
SPC25,SPC25 Component Of NDC80 Kinetochore Complex,Protein Coding,2.1903017,71
MIR9-1HG,MIR9-1 Host Gene,RNA Gene,2.1903017,61
GSDMC,Gasdermin C,Protein Coding,2.1903017,59
MIR129-2,MicroRNA 129-2,RNA Gene,2.1903017,58
TIFAB,TIFA Inhibitor,Protein Coding,2.1903017,56
MIR484,MicroRNA 484,RNA Gene,2.1903017,54
TLR8,Toll Like Receptor 8,Protein Coding,2.1871872,89
SNRPN,Small Nuclear Ribonucleoprotein Polypeptide N,Protein Coding,2.1871872,86
COPG2,Coat Protein Complex I Subunit Gamma 2,Protein Coding,2.1871872,71
MIR17HG,MiR-17-92a-1 Cluster Host Gene,RNA Gene,2.1864958,63
FOLR1,Folate Receptor Alpha,Protein Coding,2.1861484,94
SLC29A1,Solute Carrier Family 29 Member 1 (Augustine Blood Group),Protein Coding,2.1861484,89
SON,SON DNA And RNA Binding Protein,Protein Coding,2.1861484,87
RASGRP1,RAS Guanyl Releasing Protein 1,Protein Coding,2.1853938,100
MT-TL1,Mitochondrially Encoded TRNA-Leu (UUA/G) 1,RNA Gene,2.1853938,60
OGDH,Oxoglutarate Dehydrogenase,Protein Coding,2.184596,100
MYH11,Myosin Heavy Chain 11,Protein Coding,2.184596,99
GFM1,G Elongation Factor Mitochondrial 1,Protein Coding,2.184596,91
RNF213,Ring Finger Protein 213,Protein Coding,2.184596,91
NUP85,Nucleoporin 85,Protein Coding,2.184596,89
FOXP2,Forkhead Box P2,Protein Coding,2.1803372,96
DIRAS3,DIRAS Family GTPase 3,Protein Coding,2.1803372,63
MIR345,MicroRNA 345,RNA Gene,2.1803372,57
MIR3144,MicroRNA 3144,RNA Gene,2.1803372,56
MIR641,MicroRNA 641,RNA Gene,2.1803372,52
HOXD@,Homeobox D Cluster,Gene Cluster,2.1803372,39
HOXA@,Homeobox A Cluster,Gene Cluster,2.1803372,37
TPMT,Thiopurine S-Methyltransferase,Protein Coding,2.1803334,78
PRTN3,Proteinase 3,Protein Coding,2.1778724,83
UXT,Ubiquitously Expressed Prefoldin Like Chaperone,Protein Coding,2.1741607,69
LINC00908,Long Intergenic Non-Protein Coding RNA 908,RNA Gene,2.1741607,53
RAB4B-EGLN2,RAB4B-EGLN2 Readthrough (NMD Candidate),Protein Coding,2.1741607,39
IARS1,Isoleucyl-TRNA Synthetase 1,Protein Coding,2.1733398,94
VTN,Vitronectin,Protein Coding,2.1733398,89
PLS3,Plastin 3,Protein Coding,2.1733398,85
RBX1,Ring-Box 1,Protein Coding,2.1733398,85
ADRM1,ADRM1 26S Proteasome Ubiquitin Receptor,Protein Coding,2.1733398,84
EIF3B,Eukaryotic Translation Initiation Factor 3 Subunit B,Protein Coding,2.1733398,84
MYBBP1A,MYB Binding Protein 1a,Protein Coding,2.1733398,83
USP18,Ubiquitin Specific Peptidase 18,Protein Coding,2.1733398,83
COPB1,Coat Protein Complex I Subunit Beta 1,Protein Coding,2.1733398,81
LAMP1,Lysosome Associated Membrane Protein 1,Protein Coding,2.1733398,79
FTSJ3,FtsJ RNA 2'-O-Methyltransferase 3,Protein Coding,2.1733398,73
KIF18B,Kinesin Family Member 18B,Protein Coding,2.1733398,72
CCN3,Cellular Communication Network Factor 3,Protein Coding,2.1733398,69
RARRES2,Retinoic Acid Receptor Responder 2,Protein Coding,2.1733398,67
SNCA,Synuclein Alpha,Protein Coding,2.1726956,100
NDUFS2,NADH:Ubiquinone Oxidoreductase Core Subunit S2,Protein Coding,2.1726956,98
IPO11,Importin 11,Protein Coding,2.1726956,67
RNF126,Ring Finger Protein 126,Protein Coding,2.1725905,70
LOC106099062,HBB Recombination Region,Functional Element,2.1720753,63
LOC107133510,Origin Of Replication At HBB,Functional Element,2.1720753,63
CCNE2,Cyclin E2,Protein Coding,2.1716282,83
SNORD118,"Small Nucleolar RNA, C/D Box 118",RNA Gene,2.1650531,62
ENTPD5,Ectonucleoside Triphosphate Diphosphohydrolase 5 (Inactive),Protein Coding,2.1628516,83
MOB1A,MOB Kinase Activator 1A,Protein Coding,2.1628516,63
DGAT1,Diacylglycerol O-Acyltransferase 1,Protein Coding,2.1586475,98
PI4KA,Phosphatidylinositol 4-Kinase Alpha,Protein Coding,2.1586475,97
AAK1,AP2 Associated Kinase 1,Protein Coding,2.1586475,80
MRPL48,Mitochondrial Ribosomal Protein L48,Protein Coding,2.1586475,62
LTBR,Lymphotoxin Beta Receptor,Protein Coding,2.1577663,83
IL15,Interleukin 15,Protein Coding,2.1577663,81
E2F5,E2F Transcription Factor 5,Protein Coding,2.1577663,78
MIR874,MicroRNA 874,RNA Gene,2.1577663,59
MIR1271,MicroRNA 1271,RNA Gene,2.1577663,58
MIR1248,MicroRNA 1248,RNA Gene,2.1577663,52
PKD1,"Polycystin 1, Transient Receptor Potential Channel Interacting",Protein Coding,2.154009,98
CHD7,Chromodomain Helicase DNA Binding Protein 7,Protein Coding,2.154009,94
NODAL,Nodal Growth Differentiation Factor,Protein Coding,2.154009,82
CHMP5,Charged Multivesicular Body Protein 5,Protein Coding,2.154009,73
NCSTN,Nicastrin,Protein Coding,2.1492162,100
NUP107,Nucleoporin 107,Protein Coding,2.1492162,93
TERF2,Telomeric Repeat Binding Factor 2,Protein Coding,2.1492162,90
CITED2,Cbp/P300 Interacting Transactivator With Glu/Asp Rich Carboxy-Terminal Domain 2,Protein Coding,2.1492162,80
TAGLN,Transgelin,Protein Coding,2.1492162,73
ATOX1,Antioxidant 1 Copper Chaperone,Protein Coding,2.1492162,71
GOLGA5,Golgin A5,Protein Coding,2.1492162,67
GNB1,G Protein Subunit Beta 1,Protein Coding,2.148892,100
RPL5,Ribosomal Protein L5,Protein Coding,2.148892,100
COL18A1,Collagen Type XVIII Alpha 1 Chain,Protein Coding,2.148892,99
UBE2I,Ubiquitin Conjugating Enzyme E2 I,Protein Coding,2.148892,89
GSTO1,Glutathione S-Transferase Omega 1,Protein Coding,2.148892,86
LDHB,Lactate Dehydrogenase B,Protein Coding,2.148892,85
JUNB,"JunB Proto-Oncogene, AP-1 Transcription Factor Subunit",Protein Coding,2.148892,84
NPLOC4,"NPL4 Homolog, Ubiquitin Recognition Factor",Protein Coding,2.148892,84
ABCE1,ATP Binding Cassette Subfamily E Member 1,Protein Coding,2.148892,80
FOSL2,"FOS Like 2, AP-1 Transcription Factor Subunit",Protein Coding,2.148892,79
PDIA6,Protein Disulfide Isomerase Family A Member 6,Protein Coding,2.148892,78
RRBP1,Ribosome Binding Protein 1,Protein Coding,2.148892,77
SRPRB,SRP Receptor Subunit Beta,Protein Coding,2.148892,73
WDR77,WD Repeat Domain 77,Protein Coding,2.148892,72
MIR765,MicroRNA 765,RNA Gene,2.148892,54
CASP2,Caspase 2,Protein Coding,2.1473615,90
MIR758,MicroRNA 758,RNA Gene,2.1473615,59
SACK1A,Scaffolding CK1 Anchoring Protein A,Protein Coding,2.1470141,63
PELO,Pelota MRNA Surveillance And Ribosome Rescue Factor,Protein Coding,2.1415772,69
MIR1269B,MicroRNA 1269b,RNA Gene,2.136002,49
PIM3,"Pim-3 Proto-Oncogene, Serine/Threonine Kinase",Protein Coding,2.1347947,71
MANF,Mesencephalic Astrocyte Derived Neurotrophic Factor,Protein Coding,2.1347947,65
TM4SF5,Transmembrane 4 L Six Family Member 5,Protein Coding,2.1335835,52
HTT,Huntingtin,Protein Coding,2.1282763,100
XDH,Xanthine Dehydrogenase,Protein Coding,2.1282763,100
NCF4,Neutrophil Cytosolic Factor 4,Protein Coding,2.1282763,99
AMT,Aminomethyltransferase,Protein Coding,2.1282763,92
TOPBP1,DNA Topoisomerase II Binding Protein 1,Protein Coding,2.1282763,89
PIK3R4,Phosphoinositide-3-Kinase Regulatory Subunit 4,Protein Coding,2.1282763,88
MPHOSPH8,M-Phase Phosphoprotein 8,Protein Coding,2.1282763,77
TRDMT1,TRNA Aspartic Acid Methyltransferase 1,Protein Coding,2.1282763,74
CLK4,CDC Like Kinase 4,Protein Coding,2.1282763,71
AKR7A2,Aldo-Keto Reductase Family 7 Member A2,Protein Coding,2.1282763,69
PIK3R6,Phosphoinositide-3-Kinase Regulatory Subunit 6,Protein Coding,2.1282763,69
SSU72,"SSU72 Homolog, RNA Polymerase II CTD Phosphatase",Protein Coding,2.1282763,65
BANCR,BRAF-Activated Non-Protein Coding RNA,RNA Gene,2.1276474,53
NEIL1,Nei Like DNA Glycosylase 1,Protein Coding,2.1260438,84
RPL11,Ribosomal Protein L11,Protein Coding,2.1233048,100
TUBB2A,Tubulin Beta 2A Class IIa,Protein Coding,2.1233048,100
GFPT1,Glutamine--Fructose-6-Phosphate Transaminase 1,Protein Coding,2.1233048,98
NCOR1,Nuclear Receptor Corepressor 1,Protein Coding,2.1233048,96
SHMT2,Serine Hydroxymethyltransferase 2,Protein Coding,2.1233048,96
BUB3,BUB3 Mitotic Checkpoint Protein,Protein Coding,2.1233048,95
PSMB4,Proteasome 20S Subunit Beta 4,Protein Coding,2.1233048,94
PSPH,Phosphoserine Phosphatase,Protein Coding,2.1233048,91
RAB23,"RAB23, Member RAS Oncogene Family",Protein Coding,2.1233048,88
ACSS2,Acyl-CoA Synthetase Short Chain Family Member 2,Protein Coding,2.1233048,87
INCENP,Inner Centromere Protein,Protein Coding,2.1233048,87
UQCRC2,Ubiquinol-Cytochrome C Reductase Core Protein 2,Protein Coding,2.1233048,86
ARF4,ARF GTPase 4,Protein Coding,2.1233048,84
CSDE1,Cold Shock Domain Containing E1,Protein Coding,2.1233048,84
RPL28,Ribosomal Protein L28,Protein Coding,2.1233048,84
ACTR3,Actin Related Protein 3,Protein Coding,2.1233048,83
ME1,Malic Enzyme 1,Protein Coding,2.1233048,81
UBE2D1,Ubiquitin Conjugating Enzyme E2 D1,Protein Coding,2.1233048,81
USP5,Ubiquitin Specific Peptidase 5,Protein Coding,2.1233048,81
PDLIM5,PDZ And LIM Domain 5,Protein Coding,2.1233048,80
WASF2,WASP Family Member 2,Protein Coding,2.1233048,80
SULT1A1,Sulfotransferase Family 1A Member 1,Protein Coding,2.1233048,79
FBL,Fibrillarin RRNA 2'-O-Methyltransferase,Protein Coding,2.1233048,78
LIMA1,LIM Domain And Actin Binding 1,Protein Coding,2.1233048,77
EIF4G2,Eukaryotic Translation Initiation Factor 4 Gamma 2,Protein Coding,2.1233048,76
BAG2,BAG Cochaperone 2,Protein Coding,2.1233048,75
TMPRSS4,Transmembrane Serine Protease 4,Protein Coding,2.1233048,74
DDX46,DEAD-Box Helicase 46,Protein Coding,2.1233048,73
TNFRSF12A,TNF Receptor Superfamily Member 12A,Protein Coding,2.1233048,71
CDK5RAP3,CDK5 Regulatory Subunit Associated Protein 3,Protein Coding,2.1233048,69
TAGLN2,Transgelin 2,Protein Coding,2.1233048,69
TOX,Thymocyte Selection Associated High Mobility Group Box,Protein Coding,2.1233048,64
TRMT6,TRNA Methyltransferase 6 Non-Catalytic Subunit,Protein Coding,2.1233048,57
MIR30C2,MicroRNA 30c-2,RNA Gene,2.1223862,61
BHLHA15,Basic Helix-Loop-Helix Family Member A15,Protein Coding,2.1184323,62
YARS1,Tyrosyl-TRNA Synthetase 1,Protein Coding,2.1137676,90
BOK-AS1,BOK Antisense RNA 1,RNA Gene,2.1135979,51
ZBTB9,Zinc Finger And BTB Domain Containing 9,Protein Coding,2.1135006,60
KRTAP4-2,Keratin Associated Protein 4-2,Protein Coding,2.1135006,46
GHR,Growth Hormone Receptor,Protein Coding,2.110082,100
ARF1,ARF GTPase 1,Protein Coding,2.110082,92
NEK9,NIMA Related Kinase 9,Protein Coding,2.110082,92
MT-CO1,Mitochondrially Encoded Cytochrome C Oxidase I,Protein Coding,2.110082,88
VKORC1,Vitamin K Epoxide Reductase Complex Subunit 1,Protein Coding,2.110082,87
PRL,Prolactin,Protein Coding,2.110082,82
ARG2,Arginase 2,Protein Coding,2.110082,78
MAML1,Mastermind Like Transcriptional Coactivator 1,Protein Coding,2.110082,78
AOC3,Amine Oxidase Copper Containing 3,Protein Coding,2.110082,77
ARFGAP2,ARF GTPase Activating Protein 2,Protein Coding,2.110082,77
CENPB,Centromere Protein B,Protein Coding,2.110082,65
GSDMD,Gasdermin D,Protein Coding,2.1045117,79
SMC6,Structural Maintenance Of Chromosomes 6,Protein Coding,2.1045117,72
BTD,Biotinidase,Protein Coding,2.1044703,87
MIR4492,MicroRNA 4492,RNA Gene,2.1028166,52
BAG6,BAG Cochaperone 6,Protein Coding,2.102443,79
MRPS11,Mitochondrial Ribosomal Protein S11,Protein Coding,2.102443,68
MSH5,MutS Homolog 5,Protein Coding,2.1013184,80
TRIM54,Tripartite Motif Containing 54,Protein Coding,2.0993147,70
STAT2,Signal Transducer And Activator Of Transcription 2,Protein Coding,2.0964034,100
TRPC6,Transient Receptor Potential Cation Channel Subfamily C Member 6,Protein Coding,2.0964034,100
FLNB,Filamin B,Protein Coding,2.0964034,97
RPL15,Ribosomal Protein L15,Protein Coding,2.0964034,96
NUP93,Nucleoporin 93,Protein Coding,2.0964034,93
SETD1A,"SET Domain Containing 1A, Histone Lysine Methyltransferase",Protein Coding,2.0964034,92
RAP1B,"RAP1B, Member Of RAS Oncogene Family",Protein Coding,2.0964034,91
FLG,Filaggrin,Protein Coding,2.0964034,90
RPL23,Ribosomal Protein L23,Protein Coding,2.0964034,90
RPL9,Ribosomal Protein L9,Protein Coding,2.0964034,89
RPS9,Ribosomal Protein S9,Protein Coding,2.0964034,88
H3-3A,H3.3 Histone A,Protein Coding,2.0964034,87
KRT6A,Keratin 6A,Protein Coding,2.0964034,87
MGLL,Monoglyceride Lipase,Protein Coding,2.0964034,87
AIMP2,Aminoacyl TRNA Synthetase Complex Interacting Multifunctional Protein 2,Protein Coding,2.0964034,86
RPL3,Ribosomal Protein L3,Protein Coding,2.0964034,86
DBN1,Drebrin 1,Protein Coding,2.0964034,84
DDX21,DExD-Box Helicase 21,Protein Coding,2.0964034,83
ELOB,Elongin B,Protein Coding,2.0964034,83
GAB2,GRB2 Associated Binding Protein 2,Protein Coding,2.0964034,83
NELFE,Negative Elongation Factor Complex Member E,Protein Coding,2.0964034,83
RPL24,Ribosomal Protein L24,Protein Coding,2.0964034,83
HLTF,Helicase Like Transcription Factor,Protein Coding,2.0964034,82
NCBP1,Nuclear Cap Binding Protein Subunit 1,Protein Coding,2.0964034,82
RBBP5,"RB Binding Protein 5, Histone Lysine Methyltransferase Complex Subunit",Protein Coding,2.0964034,80
SSTR1,Somatostatin Receptor 1,Protein Coding,2.0964034,80
TACC3,Transforming Acidic Coiled-Coil Containing Protein 3,Protein Coding,2.0964034,80
EIF2S2,Eukaryotic Translation Initiation Factor 2 Subunit Beta,Protein Coding,2.0964034,79
GPS1,G Protein Pathway Suppressor 1,Protein Coding,2.0964034,79
MICB,MHC Class I Polypeptide-Related Sequence B,Protein Coding,2.0964034,79
SRRM1,Serine And Arginine Repetitive Matrix 1,Protein Coding,2.0964034,79
BCL9,BCL9 Transcription Coactivator,Protein Coding,2.0964034,78
KTN1,Kinectin 1,Protein Coding,2.0964034,78
NUAK1,NUAK Family Kinase 1,Protein Coding,2.0964034,78
RPL38,Ribosomal Protein L38,Protein Coding,2.0964034,78
SAE1,SUMO1 Activating Enzyme Subunit 1,Protein Coding,2.0964034,78
TECR,"Trans-2,3-Enoyl-CoA Reductase",Protein Coding,2.0964034,78
DDX39A,DExD-Box Helicase 39A,Protein Coding,2.0964034,76
SF3A3,Splicing Factor 3a Subunit 3,Protein Coding,2.0964034,76
HSPA6,Heat Shock Protein Family A (Hsp70) Member 6,Protein Coding,2.0964034,75
PAWR,Pro-Apoptotic WT1 Regulator,Protein Coding,2.0964034,71
GLRX3,Glutaredoxin 3,Protein Coding,2.0964034,69
LPCAT4,Lysophosphatidylcholine Acyltransferase 4,Protein Coding,2.0964034,69
RTCB,"RNA 2',3'-Cyclic Phosphate And 5'-OH Ligase",Protein Coding,2.0964034,68
TRA2A,Transformer 2 Alpha Homolog,Protein Coding,2.0964034,68
MUC13,"Mucin 13, Cell Surface Associated",Protein Coding,2.0964034,67
SOX1,SRY-Box Transcription Factor 1,Protein Coding,2.0964034,66
CDCA2,Cell Division Cycle Associated 2,Protein Coding,2.0964034,64
MT1F,Metallothionein 1F,Protein Coding,2.0964034,62
LRRC1,Leucine Rich Repeat Containing 1,Protein Coding,2.0964034,60
MIR20B,MicroRNA 20b,RNA Gene,2.0964034,60
MIR425,MicroRNA 425,RNA Gene,2.0964034,59
MIR1180,MicroRNA 1180,RNA Gene,2.0964034,55
GAGE1,G Antigen 1,Protein Coding,2.0964034,45
MBD4,"Methyl-CpG Binding Domain 4, DNA Glycosylase",Protein Coding,2.0872252,92
CSF3,Colony Stimulating Factor 3,Protein Coding,2.0872252,83
TMPRSS2,Transmembrane Serine Protease 2,Protein Coding,2.0869095,91
TP53BP1,Tumor Protein P53 Binding Protein 1,Protein Coding,2.085495,96
SAV1,Salvador Family WW Domain Containing Protein 1,Protein Coding,2.0760255,73
PIK3R2,Phosphoinositide-3-Kinase Regulatory Subunit 2,Protein Coding,2.0755868,100
TUBB1,Tubulin Beta 1 Class VI,Protein Coding,2.0755868,96
UPB1,Beta-Ureidopropionase 1,Protein Coding,2.0755868,87
THPO,Thrombopoietin,Protein Coding,2.0755868,86
TMEM43,Transmembrane Protein 43,Protein Coding,2.0755868,85
ADORA2B,Adenosine A2b Receptor,Protein Coding,2.0755868,84
ATAD5,ATPase Family AAA Domain Containing 5,Protein Coding,2.0755868,79
SLCO4C1,Solute Carrier Organic Anion Transporter Family Member 4C1,Protein Coding,2.0755868,67
SLC22A17,Solute Carrier Family 22 Member 17,Protein Coding,2.0755868,64
PPT1,Palmitoyl-Protein Thioesterase 1,Protein Coding,2.0723033,93
KAT8,Lysine Acetyltransferase 8,Protein Coding,2.0723033,89
NOD1,Nucleotide Binding Oligomerization Domain Containing 1,Protein Coding,2.0719762,91
SCAP,SREBF Chaperone,Protein Coding,2.0719762,84
DMBT1,Deleted In Malignant Brain Tumors 1,Protein Coding,2.0710816,85
SPTAN1,"Spectrin Alpha, Non-Erythrocytic 1",Protein Coding,2.0679607,99
MYO1C,Myosin IC,Protein Coding,2.0679607,98
LAMC1,Laminin Subunit Gamma 1,Protein Coding,2.0679607,97
MAP2K3,Mitogen-Activated Protein Kinase Kinase 3,Protein Coding,2.0679607,96
MASP2,MBL Associated Serine Protease 2,Protein Coding,2.0679607,96
KARS1,Lysyl-TRNA Synthetase 1,Protein Coding,2.0679607,95
RPS10,Ribosomal Protein S10,Protein Coding,2.0679607,95
RPL18,Ribosomal Protein L18,Protein Coding,2.0679607,94
RPL10,Ribosomal Protein L10,Protein Coding,2.0679607,91
HINT1,Histidine Triad Nucleotide Binding Protein 1,Protein Coding,2.0679607,90
SPHK1,Sphingosine Kinase 1,Protein Coding,2.0679607,89
KIF14,Kinesin Family Member 14,Protein Coding,2.0679607,88
PFAS,Phosphoribosylformylglycinamidine Synthase,Protein Coding,2.0679607,86
RAB5A,"RAB5A, Member RAS Oncogene Family",Protein Coding,2.0679607,86
ASH2L,"ASH2 Like, Histone Lysine Methyltransferase Complex Subunit",Protein Coding,2.0679607,85
RPS18,Ribosomal Protein S18,Protein Coding,2.0679607,85
SIRT4,Sirtuin 4,Protein Coding,2.0679607,85
USP2,Ubiquitin Specific Peptidase 2,Protein Coding,2.0679607,85
RPL12,Ribosomal Protein L12,Protein Coding,2.0679607,83
AP2A1,Adaptor Related Protein Complex 2 Subunit Alpha 1,Protein Coding,2.0679607,82
ARHGAP5,Rho GTPase Activating Protein 5,Protein Coding,2.0679607,82
CD163,CD163 Molecule,Protein Coding,2.0679607,82
SQLE,Squalene Epoxidase,Protein Coding,2.0679607,82
RPL18A,Ribosomal Protein L18a,Protein Coding,2.0679607,81
FARSA,Phenylalanyl-TRNA Synthetase Subunit Alpha,Protein Coding,2.0679607,79
G3BP2,G3BP Stress Granule Assembly Factor 2,Protein Coding,2.0679607,79
AKAP12,A-Kinase Anchoring Protein 12,Protein Coding,2.0679607,77
NCAPH,Non-SMC Condensin I Complex Subunit H,Protein Coding,2.0679607,77
CXCR6,C-X-C Motif Chemokine Receptor 6,Protein Coding,2.0679607,76
EIF5B,Eukaryotic Translation Initiation Factor 5B,Protein Coding,2.0679607,75
OTUD7B,OTU Deubiquitinase 7B,Protein Coding,2.0679607,75
JMJD6,"Jumonji Domain Containing 6, Arginine Demethylase And Lysine Hydroxylase",Protein Coding,2.0679607,74
CACYBP,Calcyclin Binding Protein,Protein Coding,2.0679607,73
AIFM2,"AIF Family Member 2, Ferroptosis Suppressor",Protein Coding,2.0679607,72
DDX18,DEAD-Box Helicase 18,Protein Coding,2.0679607,72
ERO1A,Endoplasmic Reticulum Oxidoreductase 1 Alpha,Protein Coding,2.0679607,71
H4C14,H4 Clustered Histone 14,Protein Coding,2.0679607,69
OTX1,Orthodenticle Homeobox 1,Protein Coding,2.0679607,69
YTHDC1,YTH N6-Methyladenosine RNA Binding Protein C1,Protein Coding,2.0679607,69
PNO1,Partner Of NOB1 Homolog,Protein Coding,2.0679607,67
RSU1,Ras Suppressor Protein 1,Protein Coding,2.0679607,67
SCAMP3,Secretory Carrier Membrane Protein 3,Protein Coding,2.0679607,66
EFHD2,EF-Hand Domain Family Member D2,Protein Coding,2.0679607,64
COMMD7,COMM Domain Containing 7,Protein Coding,2.0679607,62
PLAGL2,PLAG1 Like Zinc Finger 2,Protein Coding,2.0679607,61
MIR541,MicroRNA 541,RNA Gene,2.0679607,57
MAGEA6,MAGE Family Member A6,Protein Coding,2.0679607,55
MIR1236,MicroRNA 1236,RNA Gene,2.0679607,55
RRP15,Ribosomal RNA Processing 15 Homolog,Protein Coding,2.0679607,55
GLRB,Glycine Receptor Beta,Protein Coding,2.0677717,92
MCM9,Minichromosome Maintenance 9 Homologous Recombination Repair Factor,Protein Coding,2.0657427,84
HIC1,HIC ZBTB Transcriptional Repressor 1,Protein Coding,2.0657427,77
ACOT12,Acyl-CoA Thioesterase 12,Protein Coding,2.0657427,68
EAF2,ELL Associated Factor 2,Protein Coding,2.0657427,68
FBN1,Fibrillin 1,Protein Coding,2.0656624,100
SMAD9,SMAD Family Member 9,Protein Coding,2.0656624,94
GNAQ,G Protein Subunit Alpha Q,Protein Coding,2.0656624,93
MPL,"MPL Proto-Oncogene, Thrombopoietin Receptor",Protein Coding,2.0656624,93
LGR4,Leucine Rich Repeat Containing G Protein-Coupled Receptor 4,Protein Coding,2.0656624,82
B4GAT1,"Beta-1,4-Glucuronyltransferase 1",Protein Coding,2.0656624,80
FCGR3B,Fc Gamma Receptor IIIb,Protein Coding,2.0656228,78
BAALC-AS1,BAALC Antisense RNA 1,RNA Gene,2.0633824,53
MAPK6-DT,MAPK6 Divergent Transcript,RNA Gene,2.0633824,45
SYP,Synaptophysin,Protein Coding,2.0591385,80
SKIC2,SKI2 Subunit Of Superkiller Complex,Protein Coding,2.0580237,85
NFKBIL1,NFKB Inhibitor Like 1,Protein Coding,2.0580237,66
WHR1,Winged Helix Repair Factor 1,Protein Coding,2.0580237,65
ZC3H3,Zinc Finger CCCH-Type Containing 3,Protein Coding,2.0580237,64
PPP1R11,Protein Phosphatase 1 Regulatory Inhibitor Subunit 11,Protein Coding,2.0580237,58
FANCM,FA Complementation Group M,Protein Coding,2.0569,95
EYA1,EYA Transcriptional Coactivator And Phosphatase 1,Protein Coding,2.0569,94
ALOX5,Arachidonate 5-Lipoxygenase,Protein Coding,2.0505328,92
P2RX7,Purinergic Receptor P2X 7,Protein Coding,2.0505328,89
NEDD8,NEDD8 Ubiquitin Like Modifier,Protein Coding,2.0505328,81
RINT1,RAD50 Interactor 1,Protein Coding,2.0491333,80
SLC39A8,Solute Carrier Family 39 Member 8,Protein Coding,2.0424902,88
RAP1GAP,RAP1 GTPase Activating Protein,Protein Coding,2.0421498,79
GGCT,Gamma-Glutamylcyclotransferase,Protein Coding,2.0421498,65
FZD3,Frizzled Class Receptor 3,Protein Coding,2.0399897,83
WNT5B,Wnt Family Member 5B,Protein Coding,2.0399897,75
RAB7A,"RAB7A, Member RAS Oncogene Family",Protein Coding,2.0376775,100
TUBB3,Tubulin Beta 3 Class III,Protein Coding,2.0376775,100
MYH14,Myosin Heavy Chain 14,Protein Coding,2.0376775,98
ARHGEF2,Rho/Rac Guanine Nucleotide Exchange Factor 2,Protein Coding,2.0376775,93
BCAP31,B Cell Receptor Associated Protein 31,Protein Coding,2.0376775,90
ANPEP,"Alanyl Aminopeptidase, Membrane",Protein Coding,2.0376775,89
RPS13,Ribosomal Protein S13,Protein Coding,2.0376775,86
ADD1,Adducin 1,Protein Coding,2.0376775,85
CDC5L,Cell Division Cycle 5 Like,Protein Coding,2.0376775,85
MAPRE1,Microtubule Associated Protein RP/EB Family Member 1,Protein Coding,2.0376775,83
RPS4X,Ribosomal Protein S4 X-Linked,Protein Coding,2.0376775,83
YWHAH,Tyrosine 3-Monooxygenase/Tryptophan 5-Monooxygenase Activation Protein Eta,Protein Coding,2.0376775,82
PTGER1,Prostaglandin E Receptor 1,Protein Coding,2.0376775,81
RPS25,Ribosomal Protein S25,Protein Coding,2.0376775,81
SUV39H1,SUV39H1 Histone Lysine Methyltransferase,Protein Coding,2.0376775,81
SNRPD2,Small Nuclear Ribonucleoprotein D2 Polypeptide,Protein Coding,2.0376775,80
BACH1,BACH Transcriptional Regulator 1,Protein Coding,2.0376775,79
USP4,Ubiquitin Specific Peptidase 4,Protein Coding,2.0376775,79
PHF2,PHD Finger Protein 2,Protein Coding,2.0376775,78
TIMELESS,Timeless Circadian Regulator,Protein Coding,2.0376775,77
FBXO31,F-Box Protein 31,Protein Coding,2.0376775,76
ING4,Inhibitor Of Growth Family Member 4,Protein Coding,2.0376775,76
ATG3,Autophagy Related 3,Protein Coding,2.0376775,75
AATF,Apoptosis Antagonizing Transcription Factor,Protein Coding,2.0376775,74
MSI2,Musashi RNA Binding Protein 2,Protein Coding,2.0376775,73
FOXP4,Forkhead Box P4,Protein Coding,2.0376775,71
NSUN4,NOP2/Sun RNA Methyltransferase 4,Protein Coding,2.0376775,71
BMF,Bcl2 Modifying Factor,Protein Coding,2.0376775,70
FAM120A,Family With Sequence Similarity 120 Member A,Protein Coding,2.0376775,70
GPKOW,G-Patch Domain And KOW Motifs,Protein Coding,2.0376775,70
NLRP6,NLR Family Pyrin Domain Containing 6,Protein Coding,2.0376775,70
RAP2A,"RAP2A, Member Of RAS Oncogene Family",Protein Coding,2.0376775,70
VPS29,VPS29 Retromer Complex Component,Protein Coding,2.0376775,69
RPL32,Ribosomal Protein L32,Protein Coding,2.0376775,68
TUFT1,Tuftelin 1,Protein Coding,2.0376775,67
TSPAN8,Tetraspanin 8,Protein Coding,2.0376775,63
TOX4,TOX High Mobility Group Box Family Member 4,Protein Coding,2.0376775,62
KRT77,Keratin 77,Protein Coding,2.0376775,59
MIR637,MicroRNA 637,RNA Gene,2.0376775,53
MIR577,MicroRNA 577,RNA Gene,2.0365963,56
MPI,Mannose Phosphate Isomerase,Protein Coding,2.028779,90
SLC33A1,Solute Carrier Family 33 Member 1,Protein Coding,2.028779,86
ERFE,Erythroferrone,Protein Coding,2.028779,58
COMT,Catechol-O-Methyltransferase,Protein Coding,2.0279698,100
EPHA3,EPH Receptor A3,Protein Coding,2.0279698,91
SOAT1,Sterol O-Acyltransferase 1,Protein Coding,2.0279698,84
AKT1S1,AKT1 Substrate 1,Protein Coding,2.0279698,80
CELF1,CUGBP Elav-Like Family Member 1,Protein Coding,2.0279698,78
MIR1297,MicroRNA 1297,RNA Gene,2.0279698,51
ID3,Inhibitor Of DNA Binding 3,Protein Coding,2.0267692,74
S100A2,S100 Calcium Binding Protein A2,Protein Coding,2.0267692,71
ESS2,Ess-2 Spliceosome Associated Protein,Protein Coding,2.0254211,66
CD55,CD55 Molecule (Cromer Blood Group),Protein Coding,2.0129728,100
SLC6A3,Solute Carrier Family 6 Member 3,Protein Coding,2.0129728,100
RBCK1,RANBP2-Type And C3HC4-Type Zinc Finger Containing 1,Protein Coding,2.0129728,96
DNAH5,Dynein Axonemal Heavy Chain 5,Protein Coding,2.0129728,85
IL13,Interleukin 13,Protein Coding,2.0129728,84
TRADD,TNFRSF1A Associated Via Death Domain,Protein Coding,2.0129728,81
FUT2,Fucosyltransferase 2 (H Blood Group),Protein Coding,2.0129728,79
DNER,Delta/Notch Like EGF Repeat Containing,Protein Coding,2.0129728,78
POFUT1,Protein O-Fucosyltransferase 1,Protein Coding,2.0129728,78
SHROOM3,Shroom Family Member 3,Protein Coding,2.0129728,77
EOGT,EGF Domain Specific O-Linked N-Acetylglucosamine Transferase,Protein Coding,2.0129728,72
CTSG,Cathepsin G,Protein Coding,2.012097,85
LPIN1,Lipin 1,Protein Coding,2.0115104,94
POLL,DNA Polymerase Lambda,Protein Coding,2.010047,85
VCPIP1,Valosin Containing Protein Interacting Protein 1,Protein Coding,2.010047,67
RAC2,Rac Family Small GTPase 2,Protein Coding,2.0069203,100
HDAC10,Histone Deacetylase 10,Protein Coding,2.0069203,88
MTNR1B,Melatonin Receptor 1B,Protein Coding,2.0069203,85
ZMIZ1,Zinc Finger MIZ-Type Containing 1,Protein Coding,2.0069203,85
CSF2,Colony Stimulating Factor 2,Protein Coding,2.0069203,84
VPS13D,Vacuolar Protein Sorting 13 Homolog D,Protein Coding,2.0069203,80
ABCC10,ATP Binding Cassette Subfamily C Member 10,Protein Coding,2.0069203,79
MBNL1,Muscleblind Like Splicing Regulator 1,Protein Coding,2.0069203,77
SLC15A1,Solute Carrier Family 15 Member 1,Protein Coding,2.0069203,77
SLCO6A1,Solute Carrier Organic Anion Transporter Family Member 6A1,Protein Coding,2.0069203,64
KDM4E,Lysine Demethylase 4E,Protein Coding,2.0069203,56
CCDC77,Coiled-Coil Domain Containing 77,Protein Coding,2.0069203,45
HLA-F,"Major Histocompatibility Complex, Class I, F",Protein Coding,2.0053341,85
SLC7A6,Solute Carrier Family 7 Member 6,Protein Coding,2.0053341,77
H2BC4,H2B Clustered Histone 4,Protein Coding,2.0053341,75
EGFL8,EGF Like Domain Multiple 8,Protein Coding,2.0053341,57
LINC01488,Long Intergenic Non-Protein Coding RNA 1488,RNA Gene,2.0053341,53
MYEOV,Myeloma Overexpressed,Protein Coding,2.0053341,41
DNM2,Dynamin 2,Protein Coding,2.0051422,100
NCOA1,Nuclear Receptor Coactivator 1,Protein Coding,2.0051422,100
TNK2,Tyrosine Kinase Non Receptor 2,Protein Coding,2.0051422,100
MAP3K14,Mitogen-Activated Protein Kinase Kinase Kinase 14,Protein Coding,2.0051422,99
HERC2,HECT And RLD Domain Containing E3 Ubiquitin Protein Ligase 2,Protein Coding,2.0051422,98
VRK1,VRK Serine/Threonine Kinase 1,Protein Coding,2.0051422,95
KCNN4,Potassium Calcium-Activated Channel Subfamily N Member 4,Protein Coding,2.0051422,94
KDM5A,Lysine Demethylase 5A,Protein Coding,2.0051422,89
HACE1,HECT Domain And Ankyrin Repeat Containing E3 Ubiquitin Protein Ligase 1,Protein Coding,2.0051422,88
PFKP,"Phosphofructokinase, Platelet",Protein Coding,2.0051422,88
AP2B1,Adaptor Related Protein Complex 2 Subunit Beta 1,Protein Coding,2.0051422,87
NCKAP1,NCK Associated Protein 1,Protein Coding,2.0051422,87
NDUFA13,NADH:Ubiquinone Oxidoreductase Subunit A13,Protein Coding,2.0051422,85
HMGCS1,3-Hydroxy-3-Methylglutaryl-CoA Synthase 1,Protein Coding,2.0051422,83
CS,Citrate Synthase,Protein Coding,2.0051422,82
UGP2,UDP-Glucose Pyrophosphorylase 2,Protein Coding,2.0051422,82
CSMD1,CUB And Sushi Multiple Domains 1,Protein Coding,2.0051422,79
FXR2,FMR1 Autosomal Homolog 2,Protein Coding,2.0051422,77
HAVCR1,Hepatitis A Virus Cellular Receptor 1,Protein Coding,2.0051422,77
EPPK1,Epiplakin 1,Protein Coding,2.0051422,76
FDX1,Ferredoxin 1,Protein Coding,2.0051422,76
SNRPB2,Small Nuclear Ribonucleoprotein Polypeptide B2,Protein Coding,2.0051422,76
SOX18,SRY-Box Transcription Factor 18,Protein Coding,2.0051422,75
PDCD6,Programmed Cell Death 6,Protein Coding,2.0051422,74
SSBP1,Single Stranded DNA Binding Protein 1,Protein Coding,2.0051422,74
TFAP4,Transcription Factor AP-4,Protein Coding,2.0051422,66
ULBP2,UL16 Binding Protein 2,Protein Coding,2.0051422,65
MIR766,MicroRNA 766,RNA Gene,2.0051422,61
ST7-OT3,ST7 Overlapping Transcript 3,RNA Gene,2.0051422,61
RNF38,Ring Finger Protein 38,Protein Coding,2.0051422,60
MIR589,MicroRNA 589,RNA Gene,2.0051422,57
JPT1,Jupiter Microtubule Associated Homolog 1,Protein Coding,2.0051422,56
MIR526B,MicroRNA 526b,RNA Gene,2.0051422,55
PRR11,Proline Rich 11,Protein Coding,2.0051422,52
CTAG2,Cancer/Testis Antigen 2,Protein Coding,2.0051422,50
MIR1258,MicroRNA 1258,RNA Gene,2.0051422,50
UBE3A,Ubiquitin Protein Ligase E3A,Protein Coding,2.004521,98
IRS2,Insulin Receptor Substrate 2,Protein Coding,2.004521,91
CDT1,Chromatin Licensing And DNA Replication Factor 1,Protein Coding,2.004521,89
CEMIP,Cell Migration Inducing Hyaluronidase 1,Protein Coding,2.004521,78
RABL3,"RAB, Member Of RAS Oncogene Family Like 3",Protein Coding,1.9983181,69
PCBP4,Poly(RC) Binding Protein 4,Protein Coding,1.9977304,73
FKBP9,FKBP Prolyl Isomerase 9,Protein Coding,1.9977304,61
CYGB,Cytoglobin,Protein Coding,1.9974619,78
CXCL11,C-X-C Motif Chemokine Ligand 11,Protein Coding,1.9974619,75
AMD1,Adenosylmethionine Decarboxylase 1,Protein Coding,1.9974619,71
TRN-GTT2-7,TRNA-Asn (Anticodon GTT) 2-7,RNA Gene,1.9974619,52
HIP1,Huntingtin Interacting Protein 1,Protein Coding,1.9970763,87
LZTS1,Leucine Zipper Tumor Suppressor 1,Protein Coding,1.9970763,73
TRIM62,Tripartite Motif Containing 62,Protein Coding,1.9970763,70
MOB1B,MOB Kinase Activator 1B,Protein Coding,1.9970763,63
CHD8,Chromodomain Helicase DNA Binding Protein 8,Protein Coding,1.9955703,97
MAP2K7,Mitogen-Activated Protein Kinase Kinase 7,Protein Coding,1.9942338,90
RHOB,Ras Homolog Family Member B,Protein Coding,1.9942338,83
MSLN,Mesothelin,Protein Coding,1.9942338,74
NES,Nestin,Protein Coding,1.9942338,71
MELTF,Melanotransferrin,Protein Coding,1.9898006,74
HEPH,Hephaestin,Protein Coding,1.9898006,73
HMOX2,Heme Oxygenase 2,Protein Coding,1.9862869,82
EGLN1,Egl-9 Family Hypoxia Inducible Factor 1,Protein Coding,1.9800727,99
CDC37,"Cell Division Cycle 37, HSP90 Cochaperone",Protein Coding,1.9800727,87
PSMA5,Proteasome 20S Subunit Alpha 5,Protein Coding,1.9800727,87
RBBP7,"RB Binding Protein 7, Chromatin Remodeling Factor",Protein Coding,1.9800727,87
GCLM,Glutamate-Cysteine Ligase Modifier Subunit,Protein Coding,1.9800727,83
RPL10A,Ribosomal Protein L10a,Protein Coding,1.9800727,83
PPP1R15A,Protein Phosphatase 1 Regulatory Subunit 15A,Protein Coding,1.9800727,82
HACD3,3-Hydroxyacyl-CoA Dehydratase 3,Protein Coding,1.9800727,69
WNK1,WNK Lysine Deficient Protein Kinase 1,Protein Coding,1.9697621,95
CD63,CD63 Molecule,Protein Coding,1.9697621,89
HSPA1L,Heat Shock Protein Family A (Hsp70) Member 1 Like,Protein Coding,1.9697621,84
KAT7,Lysine Acetyltransferase 7,Protein Coding,1.9697621,83
USP13,Ubiquitin Specific Peptidase 13,Protein Coding,1.9697621,80
ADM,Adrenomedullin,Protein Coding,1.9697621,79
CCL21,C-C Motif Chemokine Ligand 21,Protein Coding,1.9697621,79
FUT1,Fucosyltransferase 1 (H Blood Group),Protein Coding,1.9697621,79
IL18RAP,Interleukin 18 Receptor Accessory Protein,Protein Coding,1.9697621,79
COLEC10,Collectin Subfamily Member 10,Protein Coding,1.9697621,72
DEPDC1B,DEP Domain Containing 1B,Protein Coding,1.9697621,69
IL24,Interleukin 24,Protein Coding,1.9697621,69
ST8SIA6,"ST8 Alpha-N-Acetyl-Neuraminide Alpha-2,8-Sialyltransferase 6",Protein Coding,1.9697621,67
PCDH17,Protocadherin 17,Protein Coding,1.9697621,65
WDR76,WD Repeat Domain 76,Protein Coding,1.9697621,62
MBNL3,Muscleblind Like Splicing Regulator 3,Protein Coding,1.9697621,60
MIR873,MicroRNA 873,RNA Gene,1.9697621,59
MIR454,MicroRNA 454,RNA Gene,1.9697621,56
MIR216B,MicroRNA 216b,RNA Gene,1.9697621,55
MIR376B,MicroRNA 376b,RNA Gene,1.9697621,55
MIR660,MicroRNA 660,RNA Gene,1.9697621,55
MIR767,MicroRNA 767,RNA Gene,1.9697621,55
MIR367,MicroRNA 367,RNA Gene,1.9697621,53
MIR512-1,MicroRNA 512-1,RNA Gene,1.9697621,53
MIR3682,MicroRNA 3682,RNA Gene,1.9697621,50
MX1,MX Dynamin Like GTPase 1,Protein Coding,1.9694812,79
SELL,Selectin L,Protein Coding,1.9658692,85
HBG2,Hemoglobin Subunit Gamma 2,Protein Coding,1.9658692,80
SCTR,Secretin Receptor,Protein Coding,1.9658692,80
FOXE1,Forkhead Box E1,Protein Coding,1.9658692,75
AMFR,Autocrine Motility Factor Receptor,Protein Coding,1.962114,85
NFKB2,Nuclear Factor Kappa B Subunit 2,Protein Coding,1.9555738,100
PSMA3,Proteasome 20S Subunit Alpha 3,Protein Coding,1.9544859,100
VCL,Vinculin,Protein Coding,1.9544859,99
STT3A,STT3 Oligosaccharyltransferase Complex Catalytic Subunit A,Protein Coding,1.9544859,96
CTH,Cystathionine Gamma-Lyase,Protein Coding,1.9544859,95
KDM6B,Lysine Demethylase 6B,Protein Coding,1.9544859,95
OPA1,OPA1 Mitochondrial Dynamin Like GTPase,Protein Coding,1.9544859,95
QARS1,Glutaminyl-TRNA Synthetase 1,Protein Coding,1.9544859,94
MIA3,MIA SH3 Domain ER Export Factor 3,Protein Coding,1.9544859,89
PSMB5,Proteasome 20S Subunit Beta 5,Protein Coding,1.9544859,87
PSMC4,"Proteasome 26S Subunit, ATPase 4",Protein Coding,1.9544859,85
VRK2,VRK Serine/Threonine Kinase 2,Protein Coding,1.9544859,85
PER1,Period Circadian Regulator 1,Protein Coding,1.9544859,84
RPL7A,Ribosomal Protein L7a,Protein Coding,1.9544859,84
PDK4,Pyruvate Dehydrogenase Kinase 4,Protein Coding,1.9544859,83
ALCAM,Activated Leukocyte Cell Adhesion Molecule,Protein Coding,1.9544859,82
ZYX,Zyxin,Protein Coding,1.9544859,80
SNRNP70,Small Nuclear Ribonucleoprotein U1 Subunit 70,Protein Coding,1.9544859,79
MTREX,Mtr4 Exosome RNA Helicase,Protein Coding,1.9544859,78
DNAJC10,DnaJ Heat Shock Protein Family (Hsp40) Member C10,Protein Coding,1.9544859,75
ANP32A,Acidic Nuclear Phosphoprotein 32 Family Member A,Protein Coding,1.9544859,74
LRRC59,Leucine Rich Repeat Containing 59,Protein Coding,1.9544859,66
METTL5,"Methyltransferase 5, N6-Adenosine",Protein Coding,1.9544859,66
CKAP2,Cytoskeleton Associated Protein 2,Protein Coding,1.9544859,65
FUBP3,Far Upstream Element Binding Protein 3,Protein Coding,1.9544859,65
SRXN1,Sulfiredoxin 1,Protein Coding,1.9544859,65
FKBP3,FKBP Prolyl Isomerase 3,Protein Coding,1.9544859,64
SPRED1,Sprouty Related EVH1 Domain Containing 1,Protein Coding,1.9530425,96
DLX5,Distal-Less Homeobox 5,Protein Coding,1.9530425,88
FST,Follistatin,Protein Coding,1.9530425,86
DLX6,Distal-Less Homeobox 6,Protein Coding,1.9530425,78
MIR1224,MicroRNA 1224,RNA Gene,1.9530425,59
MIR661,MicroRNA 661,RNA Gene,1.9530425,58
MIR802,MicroRNA 802,RNA Gene,1.9530425,54
HABP2,Hyaluronan Binding Protein 2,Protein Coding,1.9511986,84
CDC34,"Cell Division Cycle 34, Ubiquitin Conjugating Enzyme",Protein Coding,1.9450407,79
USP20,Ubiquitin Specific Peptidase 20,Protein Coding,1.9450407,76
ZHX1,Zinc Fingers And Homeoboxes 1,Protein Coding,1.9450407,64
COL4A2,Collagen Type IV Alpha 2 Chain,Protein Coding,1.9428806,96
CTBP2,C-Terminal Binding Protein 2,Protein Coding,1.9428806,92
TCF7L1,Transcription Factor 7 Like 1,Protein Coding,1.9428806,80
SLC19A1,Solute Carrier Family 19 Member 1,Protein Coding,1.9420334,96
MKNK2,MAPK Interacting Serine/Threonine Kinase 2,Protein Coding,1.9420334,81
SUPV3L1,Suv3 Like RNA Helicase,Protein Coding,1.9419651,74
GLA,Galactosidase Alpha,Protein Coding,1.9418675,94
CARMIL2,Capping Protein Regulator And Myosin 1 Linker 2,Protein Coding,1.9418675,77
TDP2,Tyrosyl-DNA Phosphodiesterase 2,Protein Coding,1.9413806,83
CCR4,C-C Motif Chemokine Receptor 4,Protein Coding,1.9366677,81
MAN2A2,Mannosidase Alpha Class 2A Member 2,Protein Coding,1.9366677,79
RNF5,Ring Finger Protein 5,Protein Coding,1.9366677,78
SMPD3,Sphingomyelin Phosphodiesterase 3,Protein Coding,1.9366677,75
DUS2,Dihydrouridine Synthase 2,Protein Coding,1.9366677,70
ARC,Activity Regulated Cytoskeleton Associated Protein,Protein Coding,1.9366677,67
POU5F1B,POU Class 5 Homeobox 1B,Protein Coding,1.9366677,55
LTO1,LTO1 Maturation Factor Of ABCE1,Protein Coding,1.9366677,54
MICA-AS1,MICA Antisense RNA 1,RNA Gene,1.9366677,51
MMUT,Methylmalonyl-CoA Mutase,Protein Coding,1.9323075,96
PAK6,P21 (RAC1) Activated Kinase 6,Protein Coding,1.9306278,87
CD109,CD109 Molecule,Protein Coding,1.9306278,75
NAP1L5,Nucleosome Assembly Protein 1 Like 5,Protein Coding,1.9279155,48
MDH2,Malate Dehydrogenase 2,Protein Coding,1.9275842,100
TUBA4A,Tubulin Alpha 4a,Protein Coding,1.9275842,99
DSG2,Desmoglein 2,Protein Coding,1.9275842,95
TRAP1,TNF Receptor Associated Protein 1,Protein Coding,1.9275842,94
TNRC6B,Trinucleotide Repeat Containing Adaptor 6B,Protein Coding,1.9275842,93
PUF60,Poly(U) Binding Splicing Factor 60,Protein Coding,1.9275842,91
PSMC3,"Proteasome 26S Subunit, ATPase 3",Protein Coding,1.9275842,90
TUBB6,Tubulin Beta 6 Class V,Protein Coding,1.9275842,89
NGFR,Nerve Growth Factor Receptor,Protein Coding,1.9275842,88
SLC2A3,Solute Carrier Family 2 Member 3,Protein Coding,1.9275842,88
ACTR2,Actin Related Protein 2,Protein Coding,1.9275842,86
UBE2L3,Ubiquitin Conjugating Enzyme E2 L3,Protein Coding,1.9275842,86
P4HA2,Prolyl 4-Hydroxylase Subunit Alpha 2,Protein Coding,1.9275842,85
BRD7,Bromodomain Containing 7,Protein Coding,1.9275842,84
GPNMB,Glycoprotein Nmb,Protein Coding,1.9275842,84
UBR5,Ubiquitin Protein Ligase E3 Component N-Recognin 5,Protein Coding,1.9275842,84
ZIC2,Zic Family Zinc Finger 2,Protein Coding,1.9275842,84
IRF2,Interferon Regulatory Factor 2,Protein Coding,1.9275842,83
CUL5,Cullin 5,Protein Coding,1.9275842,82
WASL,WASP Like Actin Nucleation Promoting Factor,Protein Coding,1.9275842,82
TARS1,Threonyl-TRNA Synthetase 1,Protein Coding,1.9275842,81
PDK2,Pyruvate Dehydrogenase Kinase 2,Protein Coding,1.9275842,80
EIF3D,Eukaryotic Translation Initiation Factor 3 Subunit D,Protein Coding,1.9275842,77
SORBS2,Sorbin And SH3 Domain Containing 2,Protein Coding,1.9275842,77
CTNNBL1,Catenin Beta Like 1,Protein Coding,1.9275842,76
NOP58,NOP58 Ribonucleoprotein,Protein Coding,1.9275842,76
PGRMC1,Progesterone Receptor Membrane Component 1,Protein Coding,1.9275842,76
SETD3,"SET Domain Containing 3, Actin N3(Tau)-Histidine Methyltransferase",Protein Coding,1.9275842,73
HAT1,Histone Acetyltransferase 1,Protein Coding,1.9275842,72
RPL36,Ribosomal Protein L36,Protein Coding,1.9275842,71
CENPM,Centromere Protein M,Protein Coding,1.9275842,70
LARP4,La Ribonucleoprotein 4,Protein Coding,1.9275842,70
ASF1A,Anti-Silencing Function 1A Histone Chaperone,Protein Coding,1.9275842,69
PHF5A,PHD Finger Protein 5A,Protein Coding,1.9275842,68
RCN2,Reticulocalbin 2,Protein Coding,1.9275842,68
CRIP1,Cysteine Rich Protein 1,Protein Coding,1.9275842,59
NCF1,Neutrophil Cytosolic Factor 1,Protein Coding,1.9245125,93
PGM3,Phosphoglucomutase 3,Protein Coding,1.9245125,87
PEG3,Paternally Expressed 3,Protein Coding,1.9245125,71
SERPINE2,Serpin Family E Member 2,Protein Coding,1.9224958,78
SFTPD,Surfactant Protein D,Protein Coding,1.9211341,83
SLC11A1,Solute Carrier Family 11 Member 1,Protein Coding,1.9211341,82
SLC30A9,Solute Carrier Family 30 Member 9,Protein Coding,1.9211341,81
CCNO,Cyclin O,Protein Coding,1.9211341,78
NIPA1,NIPA Magnesium Transporter 1,Protein Coding,1.9211341,78
GP2,Glycoprotein 2,Protein Coding,1.9211341,76
CELA1,Chymotrypsin Like Elastase 1,Protein Coding,1.9211341,68
FGGY,FGGY Carbohydrate Kinase Domain Containing,Protein Coding,1.9211341,62
PNOC,Prepronociceptin,Protein Coding,1.9209154,70
TGFBI,Transforming Growth Factor Beta Induced,Protein Coding,1.9197195,88
IQSEC1,IQ Motif And Sec7 Domain ArfGEF 1,Protein Coding,1.9197195,85
ERG,ETS Transcription Factor ERG,Protein Coding,1.9197195,84
RAB8A,"RAB8A, Member RAS Oncogene Family",Protein Coding,1.9197195,82
CPD,Carboxypeptidase D,Protein Coding,1.9197195,79
SRSF4,Serine And Arginine Rich Splicing Factor 4,Protein Coding,1.9197195,76
CLDN3,Claudin 3,Protein Coding,1.9197195,69
SEPSECS,Sep (O-Phosphoserine) TRNA:Sec (Selenocysteine) TRNA Synthase,Protein Coding,1.9056286,82
KAT5,Lysine Acetyltransferase 5,Protein Coding,1.9017413,99
CEACAM5,CEA Cell Adhesion Molecule 5,Protein Coding,1.9007164,81
TRAF7,TNF Receptor Associated Factor 7,Protein Coding,1.900353,90
ROBO3,Roundabout Guidance Receptor 3,Protein Coding,1.900353,89
TGFB1I1,Transforming Growth Factor Beta 1 Induced Transcript 1,Protein Coding,1.900353,77
PRUNE1,Prune Exopolyphosphatase 1,Protein Coding,1.900353,76
ACKR4,Atypical Chemokine Receptor 4,Protein Coding,1.900353,70
NUAK2,NUAK Family Kinase 2,Protein Coding,1.900353,67
BEX2,Brain Expressed X-Linked 2,Protein Coding,1.900353,56
MIR492,MicroRNA 492,RNA Gene,1.900353,55
PANDAR,Promoter Of CDKN1A Antisense DNA Damage Activated RNA,RNA Gene,1.900353,53
LINC01232,Long Intergenic Non-Protein Coding RNA 1232,RNA Gene,1.900353,50
RPS6KA3,Ribosomal Protein S6 Kinase A3,Protein Coding,1.8991417,100
AARS1,Alanyl-TRNA Synthetase 1,Protein Coding,1.8991417,97
TPM1,Tropomyosin 1,Protein Coding,1.8991417,97
ERCC5,"ERCC Excision Repair 5, Endonuclease",Protein Coding,1.8991417,95
TAF15,TATA-Box Binding Protein Associated Factor 15,Protein Coding,1.8991417,95
KNG1,Kininogen 1,Protein Coding,1.8991417,94
CYP24A1,Cytochrome P450 Family 24 Subfamily A Member 1,Protein Coding,1.8991417,93
RPS6KA1,Ribosomal Protein S6 Kinase A1,Protein Coding,1.8991417,93
DDOST,Dolichyl-Diphosphooligosaccharide--Protein Glycosyltransferase Non-Catalytic Subunit,Protein Coding,1.8991417,92
NFATC2,Nuclear Factor Of Activated T Cells 2,Protein Coding,1.8991417,92
UBR4,Ubiquitin Protein Ligase E3 Component N-Recognin 4,Protein Coding,1.8991417,92
BAG3,BAG Cochaperone 3,Protein Coding,1.8991417,91
GNAI3,G Protein Subunit Alpha I3,Protein Coding,1.8991417,90
PCLO,Piccolo Presynaptic Cytomatrix Protein,Protein Coding,1.8991417,90
PYCR1,Pyrroline-5-Carboxylate Reductase 1,Protein Coding,1.8991417,90
RBMX,RNA Binding Motif Protein X-Linked,Protein Coding,1.8991417,88
NHP2,NHP2 Ribonucleoprotein,Protein Coding,1.8991417,87
FOSB,"FosB Proto-Oncogene, AP-1 Transcription Factor Subunit",Protein Coding,1.8991417,86
INF2,Inverted Formin 2,Protein Coding,1.8991417,85
USP15,Ubiquitin Specific Peptidase 15,Protein Coding,1.8991417,85
WWP1,WW Domain Containing E3 Ubiquitin Protein Ligase 1,Protein Coding,1.8991417,85
PSMC1,"Proteasome 26S Subunit, ATPase 1",Protein Coding,1.8991417,84
RPL23A,Ribosomal Protein L23a,Protein Coding,1.8991417,84
GPER1,G Protein-Coupled Estrogen Receptor 1,Protein Coding,1.8991417,83
PTK7,Protein Tyrosine Kinase 7 (Inactive),Protein Coding,1.8991417,83
ATP1B3,ATPase Na+/K+ Transporting Subunit Beta 3,Protein Coding,1.8991417,82
RPL22,Ribosomal Protein L22,Protein Coding,1.8991417,82
ARPC4,Actin Related Protein 2/3 Complex Subunit 4,Protein Coding,1.8991417,81
KIF15,Kinesin Family Member 15,Protein Coding,1.8991417,81
MCM10,Minichromosome Maintenance 10 Replication Initiation Factor,Protein Coding,1.8991417,81
PSMB2,Proteasome 20S Subunit Beta 2,Protein Coding,1.8991417,81
SMC4,Structural Maintenance Of Chromosomes 4,Protein Coding,1.8991417,81
SNRPE,Small Nuclear Ribonucleoprotein Polypeptide E,Protein Coding,1.8991417,81
ADAM8,ADAM Metallopeptidase Domain 8,Protein Coding,1.8991417,80
CNBP,CCHC-Type Zinc Finger Nucleic Acid Binding Protein,Protein Coding,1.8991417,80
FIP1L1,Factor Interacting With PAPOLA And CPSF1,Protein Coding,1.8991417,80
PRPF40A,Pre-MRNA Processing Factor 40A,Protein Coding,1.8991417,80
VAPA,VAMP Associated Protein A,Protein Coding,1.8991417,80
ACP1,Acid Phosphatase 1,Protein Coding,1.8991417,79
PFN2,Profilin 2,Protein Coding,1.8991417,79
BAZ1A,Bromodomain Adjacent To Zinc Finger Domain 1A,Protein Coding,1.8991417,78
MAGED1,MAGE Family Member D1,Protein Coding,1.8991417,78
PLRG1,Pleiotropic Regulator 1,Protein Coding,1.8991417,78
DCXR,Dicarbonyl And L-Xylulose Reductase,Protein Coding,1.8991417,77
SMG1,SMG1 Nonsense Mediated MRNA Decay Associated PI3K Related Kinase,Protein Coding,1.8991417,77
CAV2,Caveolin 2,Protein Coding,1.8991417,76
UBE2M,Ubiquitin Conjugating Enzyme E2 M,Protein Coding,1.8991417,76
TNFRSF10C,TNF Receptor Superfamily Member 10c,Protein Coding,1.8991417,75
VIL1,Villin 1,Protein Coding,1.8991417,75
ATAD3B,ATPase Family AAA Domain Containing 3B,Protein Coding,1.8991417,74
ATF5,Activating Transcription Factor 5,Protein Coding,1.8991417,74
RAD51AP1,RAD51 Associated Protein 1,Protein Coding,1.8991417,74
VPS51,VPS51 Subunit Of GARP Complex,Protein Coding,1.8991417,73
CPNE3,Copine 3,Protein Coding,1.8991417,72
E2F8,E2F Transcription Factor 8,Protein Coding,1.8991417,72
MAZ,MYC Associated Zinc Finger Protein,Protein Coding,1.8991417,72
MIR1-1,MicroRNA 1-1,RNA Gene,1.8991417,72
DNAJA2,DnaJ Heat Shock Protein Family (Hsp40) Member A2,Protein Coding,1.8991417,71
SSR4,Signal Sequence Receptor Subunit 4,Protein Coding,1.8991417,71
SPP2,Secreted Phosphoprotein 2,Protein Coding,1.8991417,70
ZRANB1,Zinc Finger RANBP2-Type Containing 1,Protein Coding,1.8991417,70
SLIRP,SRA Stem-Loop Interacting RNA Binding Protein,Protein Coding,1.8991417,69
TP53INP1,Tumor Protein P53 Inducible Nuclear Protein 1,Protein Coding,1.8991417,69
U2SURP,U2 SnRNP Associated SURP Domain Containing,Protein Coding,1.8991417,69
BTG1,BTG Anti-Proliferation Factor 1,Protein Coding,1.8991417,68
H4C8,H4 Clustered Histone 8,Protein Coding,1.8991417,68
HNRNPA0,Heterogeneous Nuclear Ribonucleoprotein A0,Protein Coding,1.8991417,68
MED19,Mediator Complex Subunit 19,Protein Coding,1.8991417,68
RTRAF,"RNA Transcription, Translation And Transport Factor",Protein Coding,1.8991417,67
PSRC1,Proline And Serine Rich Coiled-Coil 1,Protein Coding,1.8991417,66
COBLL1,Cordon-Bleu WH2 Repeat Protein Like 1,Protein Coding,1.8991417,65
SKA3,Spindle And Kinetochore Associated Complex Subunit 3,Protein Coding,1.8991417,65
GNL2,G Protein Nucleolar 2,Protein Coding,1.8991417,64
MIR495,MicroRNA 495,RNA Gene,1.8991417,63
FAM98A,Family With Sequence Similarity 98 Member A,Protein Coding,1.8991417,58
ARSA,Arylsulfatase A,Protein Coding,1.8932018,96
ZAP70,Zeta Chain Of T Cell Receptor Associated Protein Kinase 70,Protein Coding,1.8891778,100
CD28,CD28 Molecule,Protein Coding,1.8891778,91
NGF,Nerve Growth Factor,Protein Coding,1.8862085,100
SUCLA2,Succinate-CoA Ligase ADP-Forming Subunit Beta,Protein Coding,1.8853782,96
CCDC8,Coiled-Coil Domain Containing 8 Subunit Of 3M Complex,Protein Coding,1.8853782,75
SMYD2,SET And MYND Domain Containing 2,Protein Coding,1.8806851,74
SETD2,"SET Domain Containing 2, Histone Lysine Methyltransferase",Protein Coding,1.8753002,98
SCARB2,Scavenger Receptor Class B Member 2,Protein Coding,1.8753002,91
NKX3-1,NK3 Homeobox 1,Protein Coding,1.8753002,76
FGFBP1,Fibroblast Growth Factor Binding Protein 1,Protein Coding,1.8753002,66
TFF2,Trefoil Factor 2,Protein Coding,1.8753002,61
CAHM,Colon Adenocarcinoma Hypermethylated,RNA Gene,1.8753002,53
TRN-GTT4-1,TRNA-Asn (Anticodon GTT) 4-1,RNA Gene,1.875267,46
FZD5,Frizzled Class Receptor 5,Protein Coding,1.8742143,90
VAV2,Vav Guanine Nucleotide Exchange Factor 2,Protein Coding,1.8742143,89
PODXL,Podocalyxin Like,Protein Coding,1.8742143,87
WNT11,Wnt Family Member 11,Protein Coding,1.8742143,78
CSNK1A1L,Casein Kinase 1 Alpha 1 Like,Protein Coding,1.8742143,61
TNFSF12,TNF Superfamily Member 12,Protein Coding,1.8720202,90
VWF,Von Willebrand Factor,Protein Coding,1.8688585,100
HADHB,Hydroxyacyl-CoA Dehydrogenase Trifunctional Multienzyme Complex Subunit Beta,Protein Coding,1.8688585,98
EMD,Emerin,Protein Coding,1.8688585,97
NT5C2,"5'-Nucleotidase, Cytosolic II",Protein Coding,1.8688585,97
ARPC1B,Actin Related Protein 2/3 Complex Subunit 1B,Protein Coding,1.8688585,96
GNAO1,G Protein Subunit Alpha O1,Protein Coding,1.8688585,96
GLDC,Glycine Decarboxylase,Protein Coding,1.8688585,95
HYOU1,Hypoxia Up-Regulated 1,Protein Coding,1.8688585,95
AP1B1,Adaptor Related Protein Complex 1 Subunit Beta 1,Protein Coding,1.8688585,94
DARS1,Aspartyl-TRNA Synthetase 1,Protein Coding,1.8688585,93
CYP27B1,Cytochrome P450 Family 27 Subfamily B Member 1,Protein Coding,1.8688585,92
GRK2,G Protein-Coupled Receptor Kinase 2,Protein Coding,1.8688585,92
RPN2,Ribophorin II,Protein Coding,1.8688585,92
ABCD3,ATP Binding Cassette Subfamily D Member 3,Protein Coding,1.8688585,91
AGK,Acylglycerol Kinase,Protein Coding,1.8688585,91
NUP205,Nucleoporin 205,Protein Coding,1.8688585,91
TGFBR3,Transforming Growth Factor Beta Receptor 3,Protein Coding,1.8688585,91
ACADSB,Acyl-CoA Dehydrogenase Short/Branched Chain,Protein Coding,1.8688585,90
CCNK,Cyclin K,Protein Coding,1.8688585,90
CTR9,CTR9 Component Of Paf1/RNA Polymerase II Complex,Protein Coding,1.8688585,90
MT-CO2,Mitochondrially Encoded Cytochrome C Oxidase II,Protein Coding,1.8688585,90
P3H1,Prolyl 3-Hydroxylase 1,Protein Coding,1.8688585,90
PRPF6,Pre-MRNA Processing Factor 6,Protein Coding,1.8688585,90
PSMA6,Proteasome 20S Subunit Alpha 6,Protein Coding,1.8688585,90
TLR5,Toll Like Receptor 5,Protein Coding,1.8688585,89
TPM2,Tropomyosin 2,Protein Coding,1.8688585,89
MAPKAP1,MAPK Associated Protein 1,Protein Coding,1.8688585,88
RAD23B,RAD23 Nucleotide Excision Repair Protein B,Protein Coding,1.8688585,87
DHX30,DExH-Box Helicase 30,Protein Coding,1.8688585,86
HBEGF,Heparin Binding EGF Like Growth Factor,Protein Coding,1.8688585,86
PSMB6,Proteasome 20S Subunit Beta 6,Protein Coding,1.8688585,85
FKBP4,FKBP Prolyl Isomerase 4,Protein Coding,1.8688585,84
RING1,Ring Finger Protein 1,Protein Coding,1.8688585,84
RPS23,Ribosomal Protein S23,Protein Coding,1.8688585,84
TRIM33,Tripartite Motif Containing 33,Protein Coding,1.8688585,84
ELOC,Elongin C,Protein Coding,1.8688585,83
PSMD11,"Proteasome 26S Subunit, Non-ATPase 11",Protein Coding,1.8688585,83
SSTR3,Somatostatin Receptor 3,Protein Coding,1.8688585,83
UBE2V1,Ubiquitin Conjugating Enzyme E2 V1,Protein Coding,1.8688585,83
MTPAP,Mitochondrial Poly(A) Polymerase,Protein Coding,1.8688585,82
HOXA10,Homeobox A10,Protein Coding,1.8688585,81
VDAC3,Voltage Dependent Anion Channel 3,Protein Coding,1.8688585,81
AJUBA,Ajuba LIM Protein,Protein Coding,1.8688585,80
ARF3,ARF GTPase 3,Protein Coding,1.8688585,80
GSPT1,G1 To S Phase Transition 1,Protein Coding,1.8688585,80
ATG9A,Autophagy Related 9A,Protein Coding,1.8688585,79
CST3,Cystatin C,Protein Coding,1.8688585,79
NPEPPS,Aminopeptidase Puromycin Sensitive,Protein Coding,1.8688585,79
MTHFD2,"Methylenetetrahydrofolate Dehydrogenase (NADP+ Dependent) 2, Methenyltetrahydrofolate Cyclohydrolase",Protein Coding,1.8688585,78
RAB1B,"RAB1B, Member RAS Oncogene Family",Protein Coding,1.8688585,78
SNRPA1,Small Nuclear Ribonucleoprotein Polypeptide A',Protein Coding,1.8688585,78
BLVRB,Biliverdin Reductase B,Protein Coding,1.8688585,77
CAPZA2,Capping Actin Protein Of Muscle Z-Line Subunit Alpha 2,Protein Coding,1.8688585,77
EXOSC10,Exosome Component 10,Protein Coding,1.8688585,77
PRRX1,Paired Related Homeobox 1,Protein Coding,1.8688585,77
RBM17,RNA Binding Motif Protein 17,Protein Coding,1.8688585,77
UBE4B,Ubiquitination Factor E4B,Protein Coding,1.8688585,77
CAND1,Cullin Associated And Neddylation Dissociated 1,Protein Coding,1.8688585,76
H2BC11,H2B Clustered Histone 11,Protein Coding,1.8688585,76
DECR1,"2,4-Dienoyl-CoA Reductase 1",Protein Coding,1.8688585,75
EHD1,EH Domain Containing 1,Protein Coding,1.8688585,74
NAT1,N-Acetyltransferase 1,Protein Coding,1.8688585,74
SEPTIN7,Septin 7,Protein Coding,1.8688585,74
SNX5,Sorting Nexin 5,Protein Coding,1.8688585,74
GSTO2,Glutathione S-Transferase Omega 2,Protein Coding,1.8688585,73
BYSL,Bystin Like,Protein Coding,1.8688585,72
TMOD3,Tropomodulin 3,Protein Coding,1.8688585,72
ATXN2L,Ataxin 2 Like,Protein Coding,1.8688585,71
CPEB4,Cytoplasmic Polyadenylation Element Binding Protein 4,Protein Coding,1.8688585,71
PCMT1,Protein-L-Isoaspartate (D-Aspartate) O-Methyltransferase,Protein Coding,1.8688585,71
RIOX2,Ribosomal Oxygenase 2,Protein Coding,1.8688585,71
USP24,Ubiquitin Specific Peptidase 24,Protein Coding,1.8688585,71
CCDC47,Coiled-Coil Domain Containing 47,Protein Coding,1.8688585,70
TARBP1,TRNA Guanosine 2 -O-Methyltransferase TARBP1,Protein Coding,1.8688585,70
KDM8,Lysine Demethylase 8,Protein Coding,1.8688585,69
COMMD3,COMM Domain Containing 3,Protein Coding,1.8688585,68
DHX33,DEAH-Box Helicase 33,Protein Coding,1.8688585,68
FOXD3,Forkhead Box D3,Protein Coding,1.8688585,68
RPL34,Ribosomal Protein L34,Protein Coding,1.8688585,68
SRP14,Signal Recognition Particle 14,Protein Coding,1.8688585,68
CHTOP,Chromatin Target Of PRMT1,Protein Coding,1.8688585,67
HOXA4,Homeobox A4,Protein Coding,1.8688585,67
METTL13,"Methyltransferase 13, EEF1A N-Terminus And K55",Protein Coding,1.8688585,67
RRP1B,Ribosomal RNA Processing 1B,Protein Coding,1.8688585,67
DDX27,DEAD-Box Helicase 27,Protein Coding,1.8688585,66
FAM50A,Family With Sequence Similarity 50 Member A,Protein Coding,1.8688585,66
HSP90AA2P,"Heat Shock Protein 90 Alpha Family Class A Member 2, Pseudogene",Pseudogene,1.8688585,65
NUCKS1,Nuclear Casein Kinase And Cyclin Dependent Kinase Substrate 1,Protein Coding,1.8688585,64
ZNF207,Zinc Finger Protein 207,Protein Coding,1.8688585,63
ERH,ERH MRNA Splicing And Mitosis Factor,Protein Coding,1.8688585,62
ACTBL2,Actin Beta Like 2,Protein Coding,1.8688585,61
SH3BGRL3,SH3 Domain Binding Glutamate Rich Protein Like 3,Protein Coding,1.8688585,61
MARCKSL1,MARCKS Like 1,Protein Coding,1.8688585,59
KRT80,Keratin 80,Protein Coding,1.8688585,58
SNORA66,"Small Nucleolar RNA, H/ACA Box 66",RNA Gene,1.8688585,58
MRGBP,MRG Domain Binding Protein,Protein Coding,1.8688585,57
TBC1D10B,TBC1 Domain Family Member 10B,Protein Coding,1.8589145,61
ALDH7A1,Aldehyde Dehydrogenase 7 Family Member A1,Protein Coding,1.853,98
NR5A1,Nuclear Receptor Subfamily 5 Group A Member 1,Protein Coding,1.853,98
NUP155,Nucleoporin 155,Protein Coding,1.853,89
HHEX,Hematopoietically Expressed Homeobox,Protein Coding,1.853,75
PIR,Pirin,Protein Coding,1.853,65
AKR1C4,Aldo-Keto Reductase Family 1 Member C4,Protein Coding,1.8411448,85
CD22,CD22 Molecule,Protein Coding,1.8409588,90
CLEC1B,C-Type Lectin Domain Family 1 Member B,Protein Coding,1.8409588,68
FADS1,Fatty Acid Desaturase 1,Protein Coding,1.8385787,82
AP2M1,Adaptor Related Protein Complex 2 Subunit Mu 1,Protein Coding,1.8363231,100
SMARCC1,SWI/SNF Related BAF Chromatin Remodeling Complex Subunit C1,Protein Coding,1.8363231,97
DOCK7,Dedicator Of Cytokinesis 7,Protein Coding,1.8363231,96
PRPF8,Pre-MRNA Processing Factor 8,Protein Coding,1.8363231,96
SPTBN2,"Spectrin Beta, Non-Erythrocytic 2",Protein Coding,1.8363231,96
TERF2IP,TERF2 Interacting Protein,Protein Coding,1.8363231,96
PHF8,PHD Finger Protein 8,Protein Coding,1.8363231,94
AKAP13,A-Kinase Anchoring Protein 13,Protein Coding,1.8363231,92
MEF2A,Myocyte Enhancer Factor 2A,Protein Coding,1.8363231,92
RPTOR,Regulatory Associated Protein Of MTOR Complex 1,Protein Coding,1.8363231,92
TIA1,TIA1 Cytotoxic Granule Associated RNA Binding Protein,Protein Coding,1.8363231,92
LAMP2,Lysosome Associated Membrane Protein 2,Protein Coding,1.8363231,91
MYO1E,Myosin IE,Protein Coding,1.8363231,91
FDPS,Farnesyl Diphosphate Synthase,Protein Coding,1.8363231,89
SCYL1,SCY1 Like Pseudokinase 1,Protein Coding,1.8363231,89
CUL2,Cullin 2,Protein Coding,1.8363231,88
NR2C2,Nuclear Receptor Subfamily 2 Group C Member 2,Protein Coding,1.8363231,88
PUS1,Pseudouridine Synthase 1,Protein Coding,1.8363231,88
ANKRD17,Ankyrin Repeat Domain 17,Protein Coding,1.8363231,86
NOP56,NOP56 Ribonucleoprotein,Protein Coding,1.8363231,86
RPL21,Ribosomal Protein L21,Protein Coding,1.8363231,86
H1-4,"H1.4 Linker Histone, Cluster Member",Protein Coding,1.8363231,85
PREX2,"Phosphatidylinositol-3,4,5-Trisphosphate Dependent Rac Exchange Factor 2",Protein Coding,1.8363231,85
SLC25A1,Solute Carrier Family 25 Member 1,Protein Coding,1.8363231,85
GNA12,G Protein Subunit Alpha 12,Protein Coding,1.8363231,84
MYO18A,Myosin XVIIIA,Protein Coding,1.8363231,84
ZMYND8,Zinc Finger MYND-Type Containing 8,Protein Coding,1.8363231,84
ADAM15,ADAM Metallopeptidase Domain 15,Protein Coding,1.8363231,83
NCBP2,Nuclear Cap Binding Protein Subunit 2,Protein Coding,1.8363231,83
UBB,Ubiquitin B,Protein Coding,1.8363231,83
DDX20,DEAD-Box Helicase 20,Protein Coding,1.8363231,82
RPLP1,Ribosomal Protein Lateral Stalk Subunit P1,Protein Coding,1.8363231,82
KPNA3,Karyopherin Subunit Alpha 3,Protein Coding,1.8363231,81
MAP4,Microtubule Associated Protein 4,Protein Coding,1.8363231,81
SF3A1,Splicing Factor 3a Subunit 1,Protein Coding,1.8363231,80
HERC5,HECT And RLD Domain Containing E3 Ubiquitin Protein Ligase 5,Protein Coding,1.8363231,79
MAP4K3,Mitogen-Activated Protein Kinase Kinase Kinase Kinase 3,Protein Coding,1.8363231,79
TMEM165,Transmembrane Protein 165,Protein Coding,1.8363231,79
OAS3,2'-5'-Oligoadenylate Synthetase 3,Protein Coding,1.8363231,78
CLSPN,Claspin,Protein Coding,1.8363231,77
CPSF4,Cleavage And Polyadenylation Specific Factor 4,Protein Coding,1.8363231,77
GINS1,GINS Complex Subunit 1,Protein Coding,1.8363231,77
NCR3,Natural Cytotoxicity Triggering Receptor 3,Protein Coding,1.8363231,77
TNFRSF18,TNF Receptor Superfamily Member 18,Protein Coding,1.8363231,77
BHLHE40,Basic Helix-Loop-Helix Family Member E40,Protein Coding,1.8363231,76
CASC3,CASC3 Exon Junction Complex Subunit,Protein Coding,1.8363231,76
E2F6,E2F Transcription Factor 6,Protein Coding,1.8363231,76
RBM28,RNA Binding Motif Protein 28,Protein Coding,1.8363231,76
MGST1,Microsomal Glutathione S-Transferase 1,Protein Coding,1.8363231,75
RPL36A,Ribosomal Protein L36a,Protein Coding,1.8363231,75
PSMD9,"Proteasome 26S Subunit, Non-ATPase 9",Protein Coding,1.8363231,74
UBE2O,Ubiquitin Conjugating Enzyme E2 O,Protein Coding,1.8363231,74
CXCL6,C-X-C Motif Chemokine Ligand 6,Protein Coding,1.8363231,73
FOXK2,Forkhead Box K2,Protein Coding,1.8363231,73
H4C16,H4 Histone 16,Protein Coding,1.8363231,73
NASP,Nuclear Autoantigenic Sperm Protein,Protein Coding,1.8363231,73
CXCL16,C-X-C Motif Chemokine Ligand 16,Protein Coding,1.8363231,72
EIF2A,Eukaryotic Translation Initiation Factor 2A,Protein Coding,1.8363231,72
HP1BP3,Heterochromatin Protein 1 Binding Protein 3,Protein Coding,1.8363231,72
RAB21,"RAB21, Member RAS Oncogene Family",Protein Coding,1.8363231,72
RBM25,RNA Binding Motif Protein 25,Protein Coding,1.8363231,72
NKAP,NFKB Activating Protein,Protein Coding,1.8363231,71
RBMS1,RNA Binding Motif Single Stranded Interacting Protein 1,Protein Coding,1.8363231,71
DSC1,Desmocollin 1,Protein Coding,1.8363231,70
MARCO,Macrophage Receptor With Collagenous Structure,Protein Coding,1.8363231,70
SKA2,Spindle And Kinetochore Associated Complex Subunit 2,Protein Coding,1.8363231,70
H4C9,H4 Clustered Histone 9,Protein Coding,1.8363231,69
HSPA14,Heat Shock Protein Family A (Hsp70) Member 14,Protein Coding,1.8363231,69
MRTFB,Myocardin Related Transcription Factor B,Protein Coding,1.8363231,69
ARHGAP18,Rho GTPase Activating Protein 18,Protein Coding,1.8363231,68
OIP5,Opa Interacting Protein 5,Protein Coding,1.8363231,68
PAIP1,Poly(A) Binding Protein Interacting Protein 1,Protein Coding,1.8363231,68
RPUSD3,RNA Pseudouridine Synthase D3,Protein Coding,1.8363231,68
ZKSCAN1,Zinc Finger With KRAB And SCAN Domains 1,Protein Coding,1.8363231,68
MFAP1,Microfibril Associated Protein 1,Protein Coding,1.8363231,67
TRIM47,Tripartite Motif Containing 47,Protein Coding,1.8363231,67
CENPL,Centromere Protein L,Protein Coding,1.8363231,66
PAK1IP1,PAK1 Interacting Protein 1,Protein Coding,1.8363231,66
METTL16,"Methyltransferase 16, RNA N6-Adenosine",Protein Coding,1.8363231,65
EVA1A,"Eva-1 Homolog A, Regulator Of Programmed Cell Death",Protein Coding,1.8363231,64
TRIM59,Tripartite Motif Containing 59,Protein Coding,1.8363231,64
PSD4,Pleckstrin And Sec7 Domain Containing 4,Protein Coding,1.8363231,63
VWCE,Von Willebrand Factor C And EGF Domains,Protein Coding,1.8363231,62
MTCL2,Microtubule Crosslinking Factor 2,Protein Coding,1.8363231,61
SERPINB12,Serpin Family B Member 12,Protein Coding,1.8363231,60
MIR138-2,MicroRNA 138-2,RNA Gene,1.8363231,59
CXCL17,C-X-C Motif Chemokine Ligand 17,Protein Coding,1.8363231,57
MIR613,MicroRNA 613,RNA Gene,1.8363231,56
MIR671,MicroRNA 671,RNA Gene,1.8363231,56
SAC3D1,SAC3 Domain Containing 1,Protein Coding,1.8363231,56
MIR524,MicroRNA 524,RNA Gene,1.8363231,54
MIR1270,MicroRNA 1270,RNA Gene,1.8363231,50
LOC108251797,HCCAT5-C16orf47 Intergenic CAGE-Defined High Expression Enhancer,Functional Element,1.8362619,30
NPC1L1,NPC1 Like Intracellular Cholesterol Transporter 1,Protein Coding,1.8340707,86
RGS17,Regulator Of G Protein Signaling 17,Protein Coding,1.8316865,70
SLC22A5,Solute Carrier Family 22 Member 5,Protein Coding,1.8275638,97
TNXB,Tenascin XB,Protein Coding,1.8229492,92
SGK1,Serum/Glucocorticoid Regulated Kinase 1,Protein Coding,1.8226105,91
TRIM22,Tripartite Motif Containing 22,Protein Coding,1.8226105,81
ERGIC3,ERGIC And Golgi 3,Protein Coding,1.8226105,68
ITK,IL2 Inducible T Cell Kinase,Protein Coding,1.8205115,100
LOC102724560,Cystathionine Beta-Synthase Like,Protein Coding,1.8205115,45
PLAG1,PLAG1 Zinc Finger,Protein Coding,1.8193306,75
PDE3B,Phosphodiesterase 3B,Protein Coding,1.8138658,100
NUP160,Nucleoporin 160,Protein Coding,1.8138658,92
TBCE,Tubulin Folding Cofactor E,Protein Coding,1.8138658,88
TPP2,Tripeptidyl Peptidase 2,Protein Coding,1.8138658,87
TUBGCP2,Tubulin Gamma Complex Component 2,Protein Coding,1.8138658,86
DIS3L2,DIS3 Like 3'-5' Exoribonuclease 2,Protein Coding,1.8138658,85
SEC23B,"SEC23 Homolog B, COPII Component",Protein Coding,1.8138658,84
SLC35C1,Solute Carrier Family 35 Member C1,Protein Coding,1.8138658,82
ARFGAP3,ARF GTPase Activating Protein 3,Protein Coding,1.8138658,75
TTC7A,Tetratricopeptide Repeat Domain 7A,Protein Coding,1.8138658,74
GCFC2,GC-Rich Sequence DNA-Binding Factor 2,Protein Coding,1.8138658,66
MLH3,MutL Homolog 3,Protein Coding,1.8133737,89
SCO1,Synthesis Of Cytochrome C Oxidase 1,Protein Coding,1.8133737,82
SKIC3,SKI3 Subunit Of Superkiller Complex,Protein Coding,1.8133737,79
BICC1,BicC Family RNA Binding Protein 1,Protein Coding,1.8133737,77
DPAGT1,Dolichyl-Phosphate N-Acetylglucosaminephosphotransferase 1,Protein Coding,1.8082955,89
TBL1XR1,TBL1X/Y Related 1,Protein Coding,1.800943,100
GIT1,GIT ArfGAP 1,Protein Coding,1.800943,93
TBL1X,Transducin Beta Like 1 X-Linked,Protein Coding,1.800943,93
ABI1,Abl Interactor 1,Protein Coding,1.800943,91
EYA4,EYA Transcriptional Coactivator And Phosphatase 4,Protein Coding,1.800943,89
SOX6,SRY-Box Transcription Factor 6,Protein Coding,1.800943,88
GFRA1,GDNF Family Receptor Alpha 1,Protein Coding,1.800943,87
CLOCK,Clock Circadian Regulator,Protein Coding,1.800943,86
HSPB8,Heat Shock Protein Family B (Small) Member 8,Protein Coding,1.800943,84
HOXA13,Homeobox A13,Protein Coding,1.800943,82
SUMO3,Small Ubiquitin Like Modifier 3,Protein Coding,1.800943,82
RBM5,RNA Binding Motif Protein 5,Protein Coding,1.800943,81
CCL4,C-C Motif Chemokine Ligand 4,Protein Coding,1.800943,79
COPS6,COP9 Signalosome Subunit 6,Protein Coding,1.800943,78
TEP1,Telomerase Associated Protein 1,Protein Coding,1.800943,78
TNIP1,TNFAIP3 Interacting Protein 1,Protein Coding,1.800943,78
RCAN1,Regulator Of Calcineurin 1,Protein Coding,1.800943,77
ATG14,Autophagy Related 14,Protein Coding,1.800943,76
GABARAPL1,GABA Type A Receptor Associated Protein Like 1,Protein Coding,1.800943,76
HOXD10,Homeobox D10,Protein Coding,1.800943,76
UHRF2,Ubiquitin Like With PHD And Ring Finger Domains 2,Protein Coding,1.800943,75
CAPG,"Capping Actin Protein, Gelsolin Like",Protein Coding,1.800943,73
INTS6,Integrator Complex Subunit 6,Protein Coding,1.800943,73
LIPT1,Lipoyltransferase 1,Protein Coding,1.800943,73
RMI2,RecQ Mediated Genome Instability 2,Protein Coding,1.800943,73
SHC3,SHC Adaptor Protein 3,Protein Coding,1.800943,73
CDO1,Cysteine Dioxygenase Type 1,Protein Coding,1.800943,72
OSBPL8,Oxysterol Binding Protein Like 8,Protein Coding,1.800943,72
PHF19,PHD Finger Protein 19,Protein Coding,1.800943,72
SGO2,Shugoshin 2,Protein Coding,1.800943,72
FUT6,Fucosyltransferase 6,Protein Coding,1.800943,71
SENP3,SUMO Specific Peptidase 3,Protein Coding,1.800943,71
WSB1,WD Repeat And SOCS Box Containing 1,Protein Coding,1.800943,71
CENPH,Centromere Protein H,Protein Coding,1.800943,70
BASP1,Brain Abundant Membrane Attached Signal Protein 1,Protein Coding,1.800943,68
HOXB7,Homeobox B7,Protein Coding,1.800943,67
SNAPIN,SNAP Associated Protein,Protein Coding,1.800943,67
CDHR2,Cadherin Related Family Member 2,Protein Coding,1.800943,65
MT1H,Metallothionein 1H,Protein Coding,1.800943,63
POTEE,POTE Ankyrin Domain Family Member E,Protein Coding,1.800943,63
VGLL4,Vestigial Like Family Member 4,Protein Coding,1.800943,63
FBXO43,F-Box Protein 43,Protein Coding,1.800943,62
PIK3IP1,Phosphoinositide-3-Kinase Interacting Protein 1,Protein Coding,1.800943,59
MIR518B,MicroRNA 518b,RNA Gene,1.800943,57
MIR100HG,Mir-100-Let-7a-2-Mir-125b-1 Cluster Host Gene,RNA Gene,1.800943,56
MIR218-2,MicroRNA 218-2,RNA Gene,1.800943,56
MIR592,MicroRNA 592,RNA Gene,1.800943,55
PAQR4,Progestin And AdipoQ Receptor Family Member 4,Protein Coding,1.800943,55
TMEM106C,Transmembrane Protein 106C,Protein Coding,1.800943,53
MIR194-2,MicroRNA 194-2,RNA Gene,1.800943,51
CMTM4,CKLF Like MARVEL Transmembrane Domain Containing 4,Protein Coding,1.800943,50
UCKL1,Uridine-Cytidine Kinase 1 Like 1,Protein Coding,1.7934221,72
DDX6,DEAD-Box Helicase 6,Protein Coding,1.7884545,86
MAVS,Mitochondrial Antiviral Signaling Protein,Protein Coding,1.7884545,85
DNAAF5,Dynein Axonemal Assembly Factor 5,Protein Coding,1.7884545,80
CEBPD,CCAAT Enhancer Binding Protein Delta,Protein Coding,1.7884545,79
FMNL2,Formin Like 2,Protein Coding,1.7884545,78
DCAF13,DDB1 And CUL4 Associated Factor 13,Protein Coding,1.7884545,76
MVP,Major Vault Protein,Protein Coding,1.7884545,76
H3C15,H3 Clustered Histone 15,Protein Coding,1.7884545,65
MIR489,MicroRNA 489,RNA Gene,1.7884545,55
MIR628,MicroRNA 628,RNA Gene,1.7884545,55
IRAK4,Interleukin 1 Receptor Associated Kinase 4,Protein Coding,1.7882693,100
PNP,Purine Nucleoside Phosphorylase,Protein Coding,1.7882693,100
BMX,BMX Non-Receptor Tyrosine Kinase,Protein Coding,1.7882693,84
IBTK,Inhibitor Of Bruton Tyrosine Kinase,Protein Coding,1.7882693,69
FGF23,Fibroblast Growth Factor 23,Protein Coding,1.780195,91
HES5,Hes Family BHLH Transcription Factor 5,Protein Coding,1.778531,72
PIK3R5,Phosphoinositide-3-Kinase Regulatory Subunit 5,Protein Coding,1.776258,86
EFNA2,Ephrin A2,Protein Coding,1.776258,73
FADS2,Fatty Acid Desaturase 2,Protein Coding,1.7757602,80
RSAD2,Radical S-Adenosyl Methionine Domain Containing 2,Protein Coding,1.7757602,70
TMEM88,Transmembrane Protein 88,Protein Coding,1.7757602,54
TRAIP,TRAF Interacting Protein,Protein Coding,1.7756052,84
TOP3B,DNA Topoisomerase III Beta,Protein Coding,1.7756052,79
TEX264,"Testis Expressed 264, ER-Phagy Receptor",Protein Coding,1.7756052,65
DDI1,DDI Proteasomal Shuttling Factor 1,Protein Coding,1.7756052,58
GCNA,Germ Cell Nuclear Acidic Peptidase,Protein Coding,1.7756052,50
TOX3,TOX High Mobility Group Box Family Member 3,Protein Coding,1.7708921,65
DDC,Dopa Decarboxylase,Protein Coding,1.7694464,100
PDE2A,Phosphodiesterase 2A,Protein Coding,1.7694464,98
PDHX,Pyruvate Dehydrogenase Complex Component X,Protein Coding,1.7694464,93
NLRC4,NLR Family CARD Domain Containing 4,Protein Coding,1.7694464,92
NUP133,Nucleoporin 133,Protein Coding,1.7694464,92
SUN2,Sad1 And UNC84 Domain Containing 2,Protein Coding,1.7694464,90
ABRAXAS1,"Abraxas 1, BRCA1 A Complex Subunit",Protein Coding,1.7694464,87
PTPN23,Protein Tyrosine Phosphatase Non-Receptor Type 23,Protein Coding,1.7694464,87
RERE,Arginine-Glutamic Acid Dipeptide Repeats,Protein Coding,1.7694464,87
DEF6,DEF6 Guanine Nucleotide Exchange Factor,Protein Coding,1.7694464,86
SEH1L,SEH1 Like Nucleoporin,Protein Coding,1.7694464,80
NUP43,Nucleoporin 43,Protein Coding,1.7694464,79
NUP35,Nucleoporin 35,Protein Coding,1.7694464,78
ALPI,"Alkaline Phosphatase, Intestinal",Protein Coding,1.7694464,77
CD58,CD58 Molecule,Protein Coding,1.7694464,76
CCL25,C-C Motif Chemokine Ligand 25,Protein Coding,1.7694464,74
NUMBL,NUMB Like Endocytic Adaptor Protein,Protein Coding,1.7694464,74
EXOC6,Exocyst Complex Component 6,Protein Coding,1.7694464,72
ESD,Esterase D,Protein Coding,1.7694464,71
MFAP2,Microfibril Associated Protein 2,Protein Coding,1.7694464,63
GXYLT1,Glucoside Xylosyltransferase 1,Protein Coding,1.7694464,60
EPM2AIP1,EPM2A Interacting Protein 1,Protein Coding,1.7694464,56
MIR513A1,MicroRNA 513a-1,RNA Gene,1.7694464,54
CMC4,C-X9-C Motif Containing 4,Protein Coding,1.7694464,43
IFNA14,Interferon Alpha 14,Protein Coding,1.7662736,65
CLEC4M,C-Type Lectin Domain Family 4 Member M,Protein Coding,1.7653224,75
MUC6,"Mucin 6, Oligomeric Mucus/Gel-Forming (Gene/Pseudogene)",Protein Coding,1.7653224,75
ARCN1,Archain 1 Coat Protein Complex I Subunit Delta,Protein Coding,1.7628675,95
PSMD1,"Proteasome 26S Subunit, Non-ATPase 1",Protein Coding,1.7628675,88
RPS27,Ribosomal Protein S27,Protein Coding,1.7628675,87
E2F4,E2F Transcription Factor 4,Protein Coding,1.7628675,86
MBD3,Methyl-CpG Binding Domain Protein 3,Protein Coding,1.7628675,84
NEK6,NIMA Related Kinase 6,Protein Coding,1.7628675,83
USF1,Upstream Transcription Factor 1,Protein Coding,1.7628675,82
ZFP36,ZFP36 Zinc Finger CCCH-Type,Protein Coding,1.7628675,71
PTGR1,Prostaglandin Reductase 1,Protein Coding,1.7628675,70
PTP4A1,Protein Tyrosine Phosphatase 4A1,Protein Coding,1.7628675,69
SENP6,SUMO Specific Peptidase 6,Protein Coding,1.7628675,68
MARCHF1,Membrane Associated Ring-CH-Type Finger 1,Protein Coding,1.7628675,65
AFM,Afamin,Protein Coding,1.7628675,62
ISX,Intestine Specific Homeobox,Protein Coding,1.7628675,57
TMEM74,Transmembrane Protein 74,Protein Coding,1.7628675,56
RGMB-AS1,RGMB Antisense RNA 1,RNA Gene,1.7628675,52
FERMT3,FERM Domain Containing Kindlin 3,Protein Coding,1.7618088,89
SVIL,Supervillin,Protein Coding,1.7618088,89
PAK5,P21 (RAC1) Activated Kinase 5,Protein Coding,1.7618088,83
PIAS3,Protein Inhibitor Of Activated STAT 3,Protein Coding,1.7618088,83
ARL2,ARF Like GTPase 2,Protein Coding,1.7618088,80
MMP16,Matrix Metallopeptidase 16,Protein Coding,1.7618088,77
CCL22,C-C Motif Chemokine Ligand 22,Protein Coding,1.7618088,75
AGGF1,Angiogenic Factor With G-Patch And FHA Domains 1,Protein Coding,1.7618088,74
CCNY,Cyclin Y,Protein Coding,1.7618088,70
PTX3,Pentraxin 3,Protein Coding,1.7618088,70
CCL18,C-C Motif Chemokine Ligand 18,Protein Coding,1.7618088,68
DLX2,Distal-Less Homeobox 2,Protein Coding,1.7618088,68
ZFX,Zinc Finger Protein X-Linked,Protein Coding,1.7618088,68
SEC62,SEC62 Preprotein Translocation Factor,Protein Coding,1.7618088,67
BCL6B,BCL6B Transcription Repressor,Protein Coding,1.7618088,65
RRS1,Regulator Of Ribosome Synthesis 1,Protein Coding,1.7618088,60
MIR608,MicroRNA 608,RNA Gene,1.7618088,58
MIRLET7BHG,MIRLET7B And MIRLET7A3 Host Gene,RNA Gene,1.7618088,58
MIR105-2,MicroRNA 105-2,RNA Gene,1.7618088,57
MIR374B,MicroRNA 374b,RNA Gene,1.7618088,56
MIR654,MicroRNA 654,RNA Gene,1.7618088,56
MIR520G,MicroRNA 520g,RNA Gene,1.7618088,55
MIR153-2,MicroRNA 153-2,RNA Gene,1.7618088,54
MIR519C,MicroRNA 519c,RNA Gene,1.7618088,54
MIR942,MicroRNA 942,RNA Gene,1.7618088,54
RNY5,"RNA, Ro60-Associated Y5",RNA Gene,1.7618088,54
ROCR,Regulator Of Chondrogenesis RNA,RNA Gene,1.7618088,53
LINC01269,Long Intergenic Non-Protein Coding RNA 1269,RNA Gene,1.7618088,51
MIR512-2,MicroRNA 512-2,RNA Gene,1.7618088,50
SREBF2-AS1,SREBF2 Antisense RNA 1,RNA Gene,1.7618088,50
LOC110283621,SPP1 5' Regulatory Region,Functional Element,1.7618088,48
ATP9A,ATPase Phospholipid Transporting 9A,Protein Coding,1.7608362,80
CEP164,Centrosomal Protein 164,Protein Coding,1.760684,92
GREM1,"Gremlin 1, DAN Family BMP Antagonist",Protein Coding,1.760684,89
B4GALT3,"Beta-1,4-Galactosyltransferase 3",Protein Coding,1.760684,74
NOS1,Nitric Oxide Synthase 1,Protein Coding,1.7582024,99
FXN,Frataxin,Protein Coding,1.7553587,91
FIG4,FIG4 Phosphoinositide 5-Phosphatase,Protein Coding,1.7553587,90
PANK2,Pantothenate Kinase 2,Protein Coding,1.7553587,89
CHIT1,Chitinase 1,Protein Coding,1.7553587,86
FXYD2,FXYD Domain Containing Ion Transport Regulator 2,Protein Coding,1.7553587,85
SFTPB,Surfactant Protein B,Protein Coding,1.7553587,84
UNC13A,Unc-13 Homolog A,Protein Coding,1.7553587,84
TMC1,Transmembrane Channel Like 1,Protein Coding,1.7553587,83
SPG11,"SPG11 Vesicle Trafficking Associated, Spatacsin",Protein Coding,1.7553587,82
SLC39A13,Solute Carrier Family 39 Member 13,Protein Coding,1.7553587,81
NEFH,Neurofilament Heavy Chain,Protein Coding,1.7553587,80
NEIL2,Nei Like DNA Glycosylase 2,Protein Coding,1.7553587,77
FCGRT,Fc Gamma Receptor And Transporter,Protein Coding,1.7553587,76
SLC30A2,Solute Carrier Family 30 Member 2,Protein Coding,1.7553587,75
TEX14,"Testis Expressed 14, Intercellular Bridge Forming Factor",Protein Coding,1.7553587,75
NAA80,"N-Alpha-Acetyltransferase 80, NatH Catalytic Subunit",Protein Coding,1.7553587,65
RGMB,Repulsive Guidance Molecule BMP Co-Receptor B,Protein Coding,1.7553587,61
HERPUD1,Homocysteine Inducible ER Protein With Ubiquitin Like Domain 1,Protein Coding,1.7508725,80
CDIPT,CDP-Diacylglycerol--Inositol 3-Phosphatidyltransferase,Protein Coding,1.7508725,78
GALT,Galactose-1-Phosphate Uridylyltransferase,Protein Coding,1.7440746,90
TBX1,T-Box Transcription Factor 1,Protein Coding,1.7440746,88
ENPP1,Ectonucleotide Pyrophosphatase/Phosphodiesterase 1,Protein Coding,1.7403802,96
DGCR8,DGCR8 Microprocessor Complex Subunit,Protein Coding,1.7403802,85
CDK20,Cyclin Dependent Kinase 20,Protein Coding,1.7403802,79
CD1D,CD1d Molecule,Protein Coding,1.7403802,77
PHPT1,Phosphohistidine Phosphatase 1,Protein Coding,1.7403802,62
PSAT1,Phosphoserine Aminotransferase 1,Protein Coding,1.7359658,91
ARRB1,Arrestin Beta 1,Protein Coding,1.7359658,90
BCL11B,BCL11 Transcription Factor B,Protein Coding,1.7359658,90
CAPN2,Calpain 2,Protein Coding,1.7359658,89
NHERF1,NHERF Family PDZ Scaffold Protein 1,Protein Coding,1.7359658,89
UGDH,UDP-Glucose 6-Dehydrogenase,Protein Coding,1.7359658,87
PYCR2,Pyrroline-5-Carboxylate Reductase 2,Protein Coding,1.7359658,86
PSMC2,"Proteasome 26S Subunit, ATPase 2",Protein Coding,1.7359658,84
APLP2,Amyloid Beta Precursor Like Protein 2,Protein Coding,1.7359658,83
PLIN1,Perilipin 1,Protein Coding,1.7359658,83
ZC3HAV1,"Zinc Finger CCCH-Type Containing, Antiviral 1",Protein Coding,1.7359658,80
MYL6,Myosin Light Chain 6,Protein Coding,1.7359658,78
NR6A1,Nuclear Receptor Subfamily 6 Group A Member 1,Protein Coding,1.7359658,74
RCC2,Regulator Of Chromosome Condensation 2,Protein Coding,1.7359658,74
COPE,Coat Protein Complex I Subunit Epsilon,Protein Coding,1.7359658,73
MT2A,Metallothionein 2A,Protein Coding,1.7359658,73
ABLIM1,Actin Binding LIM Protein 1,Protein Coding,1.7359658,72
SLC30A1,Solute Carrier Family 30 Member 1,Protein Coding,1.7359658,70
CLEC3B,C-Type Lectin Domain Family 3 Member B,Protein Coding,1.7359658,69
HMGB2,High Mobility Group Box 2,Protein Coding,1.7359658,69
SERPINB4,Serpin Family B Member 4,Protein Coding,1.7359658,65
CDKN2AIP,CDKN2A Interacting Protein,Protein Coding,1.7359658,62
CCDC124,Coiled-Coil Domain Containing 124,Protein Coding,1.7359658,58
MIR570,MicroRNA 570,RNA Gene,1.7359658,55
SPINDOC,Spindlin Interactor And Repressor Of Chromatin Binding,Protein Coding,1.7359658,52
CPT2,Carnitine Palmitoyltransferase 2,Protein Coding,1.7305532,97
SNCG,Synuclein Gamma,Protein Coding,1.7305532,68
LINC00554,Long Intergenic Non-Protein Coding RNA 554,RNA Gene,1.7301619,49
COL18A1-AS2,COL18A1 Antisense RNA 2,RNA Gene,1.7301619,42
CHRNA7,Cholinergic Receptor Nicotinic Alpha 7 Subunit,Protein Coding,1.7173893,93
UNC119,Unc-119 Lipid Binding Chaperone,Protein Coding,1.7173893,85
MRC1,Mannose Receptor C-Type 1,Protein Coding,1.7173893,79
ING5,Inhibitor Of Growth Family Member 5,Protein Coding,1.7173893,76
SERPINB2,Serpin Family B Member 2,Protein Coding,1.7173893,76
HSPB6,Heat Shock Protein Family B (Small) Member 6,Protein Coding,1.7173893,64
MAGEB2,MAGE Family Member B2,Protein Coding,1.7173893,53
ACTA1,"Actin Alpha 1, Skeletal Muscle",Protein Coding,1.7167567,100
MALT1,MALT1 Paracaspase,Protein Coding,1.7167567,100
COL5A1,Collagen Type V Alpha 1 Chain,Protein Coding,1.7167567,97
FANCL,FA Complementation Group L,Protein Coding,1.7167567,96
MEFV,"MEFV Innate Immunity Regulator, Pyrin",Protein Coding,1.7167567,95
GATA1,GATA Binding Protein 1,Protein Coding,1.7167567,94
PCSK1,Proprotein Convertase Subtilisin/Kexin Type 1,Protein Coding,1.7167567,94
COL5A2,Collagen Type V Alpha 2 Chain,Protein Coding,1.7167567,93
FANCI,FA Complementation Group I,Protein Coding,1.7167567,92
CLCN2,Chloride Voltage-Gated Channel 2,Protein Coding,1.7167567,91
FANCC,FA Complementation Group C,Protein Coding,1.7167567,91
SUOX,Sulfite Oxidase,Protein Coding,1.7167567,90
B4GALT7,"Beta-1,4-Galactosyltransferase 7",Protein Coding,1.7167567,89
MPDZ,Multiple PDZ Domain Crumbs Cell Polarity Complex Component,Protein Coding,1.7167567,89
MGAM,Maltase-Glucoamylase,Protein Coding,1.7167567,87
AEBP1,AE Binding Protein 1,Protein Coding,1.7167567,86
CCR9,C-C Motif Chemokine Receptor 9,Protein Coding,1.7167567,81
FANCF,FA Complementation Group F,Protein Coding,1.7167567,79
OSM,Oncostatin M,Protein Coding,1.7167567,78
PAX1,Paired Box 1,Protein Coding,1.7167567,78
COMMD1,Copper Metabolism Domain Containing 1,Protein Coding,1.7167567,76
IYD,Iodotyrosine Deiodinase,Protein Coding,1.7167567,76
ACKR2,Atypical Chemokine Receptor 2,Protein Coding,1.7167567,75
EFNA4,Ephrin A4,Protein Coding,1.7167567,73
CCS,Copper Chaperone For Superoxide Dismutase,Protein Coding,1.7167567,71
ONECUT2,One Cut Homeobox 2,Protein Coding,1.7167567,65
RNF152,Ring Finger Protein 152,Protein Coding,1.7167567,63
AGTR1,Angiotensin II Receptor Type 1,Protein Coding,1.7075233,100
FGG,Fibrinogen Gamma Chain,Protein Coding,1.7075233,100
POLA1,"DNA Polymerase Alpha 1, Catalytic Subunit",Protein Coding,1.7075233,100
RASA1,RAS P21 Protein Activator 1,Protein Coding,1.7075233,100
ATP6V1A,ATPase H+ Transporting V1 Subunit A,Protein Coding,1.7075233,99
CENPE,Centromere Protein E,Protein Coding,1.7075233,99
EGR2,Early Growth Response 2,Protein Coding,1.7075233,98
SMC1A,Structural Maintenance Of Chromosomes 1A,Protein Coding,1.7075233,98
LIPC,"Lipase C, Hepatic Type",Protein Coding,1.7075233,95
MARS1,Methionyl-TRNA Synthetase 1,Protein Coding,1.7075233,95
BRSK2,BR Serine/Threonine Kinase 2,Protein Coding,1.7075233,91
TERF1,Telomeric Repeat Binding Factor 1,Protein Coding,1.7075233,91
SAMHD1,SAM And HD Domain Containing Deoxynucleoside Triphosphate Triphosphohydrolase 1,Protein Coding,1.7075233,90
APOA2,Apolipoprotein A2,Protein Coding,1.7075233,89
NUP153,Nucleoporin 153,Protein Coding,1.7075233,89
RFC2,Replication Factor C Subunit 2,Protein Coding,1.7075233,89
CKAP5,Cytoskeleton Associated Protein 5,Protein Coding,1.7075233,87
RHBDF2,Rhomboid 5 Homolog 2,Protein Coding,1.7075233,87
MUS81,MUS81 Structure-Specific Endonuclease Subunit,Protein Coding,1.7075233,86
DHX37,DEAH-Box Helicase 37,Protein Coding,1.7075233,85
SEC16A,"SEC16 Homolog A, Endoplasmic Reticulum Export Factor",Protein Coding,1.7075233,85
THOC2,THO Complex Subunit 2,Protein Coding,1.7075233,85
UBE2N,Ubiquitin Conjugating Enzyme E2 N,Protein Coding,1.7075233,84
PSMD13,"Proteasome 26S Subunit, Non-ATPase 13",Protein Coding,1.7075233,83
TAB1,TGF-Beta Activated Kinase 1 (MAP3K7) Binding Protein 1,Protein Coding,1.7075233,83
ADH5,"Alcohol Dehydrogenase 5 (Class III), Chi Polypeptide",Protein Coding,1.7075233,82
ARPC2,Actin Related Protein 2/3 Complex Subunit 2,Protein Coding,1.7075233,81
PER3,Period Circadian Regulator 3,Protein Coding,1.7075233,81
EIF3C,Eukaryotic Translation Initiation Factor 3 Subunit C,Protein Coding,1.7075233,78
EIF5,Eukaryotic Translation Initiation Factor 5,Protein Coding,1.7075233,78
NFYA,Nuclear Transcription Factor Y Subunit Alpha,Protein Coding,1.7075233,77
RSPO2,R-Spondin 2,Protein Coding,1.7075233,77
USO1,USO1 Vesicle Transport Factor,Protein Coding,1.7075233,77
MFN1,Mitofusin 1,Protein Coding,1.7075233,76
XAB2,XPA Binding Protein 2,Protein Coding,1.7075233,76
ATP5F1C,ATP Synthase F1 Subunit Gamma,Protein Coding,1.7075233,75
CDKN2D,Cyclin Dependent Kinase Inhibitor 2D,Protein Coding,1.7075233,75
THOC1,THO Complex Subunit 1,Protein Coding,1.7075233,73
ERRFI1,ERBB Receptor Feedback Inhibitor 1,Protein Coding,1.7075233,71
LYVE1,Lymphatic Vessel Endothelial Hyaluronan Receptor 1,Protein Coding,1.7075233,71
TSR1,TSR1 Ribosome Maturation Factor,Protein Coding,1.7075233,70
PDIA4,Protein Disulfide Isomerase Family A Member 4,Protein Coding,1.7075233,69
EIF1,Eukaryotic Translation Initiation Factor 1,Protein Coding,1.7075233,65
VASH1,Vasohibin 1,Protein Coding,1.7075233,63
CABYR,Calcium Binding Tyrosine Phosphorylation Regulated,Protein Coding,1.7075233,62
VASH2,Vasohibin 2,Protein Coding,1.7075233,62
NOL10,Nucleolar Protein 10,Protein Coding,1.7075233,61
MIR329-1,MicroRNA 329-1,RNA Gene,1.7075233,60
DRAM1,DNA Damage Regulated Autophagy Modulator 1,Protein Coding,1.7075233,58
NOP16,NOP16 Nucleolar Protein,Protein Coding,1.7075233,54
NISCH,Nischarin,Protein Coding,1.7028395,82
ABCB8,ATP Binding Cassette Subfamily B Member 8,Protein Coding,1.7028395,75
TRA2B,Transformer 2 Beta Homolog,Protein Coding,1.7012459,82
PPP1R3B,Protein Phosphatase 1 Regulatory Subunit 3B,Protein Coding,1.7012459,65
VTRNA1-1,Vault RNA 1-1,RNA Gene,1.7012459,53
TAP2,"Transporter 2, ATP Binding Cassette Subfamily B Member",Protein Coding,1.6980178,93
ADRB2,Adrenoceptor Beta 2,Protein Coding,1.6980178,92
PLSCR1,Phospholipid Scramblase 1,Protein Coding,1.6980178,70
NLRP12,NLR Family Pyrin Domain Containing 12,Protein Coding,1.6934736,92
TRIM13,Tripartite Motif Containing 13,Protein Coding,1.6934736,74
SOS2,SOS Ras/Rho Guanine Nucleotide Exchange Factor 2,Protein Coding,1.6920177,98
PITX2,Paired Like Homeodomain 2,Protein Coding,1.6920177,97
NSD1,Nuclear Receptor Binding SET Domain Protein 1,Protein Coding,1.6920177,94
RPGRIP1L,RPGRIP1 Like,Protein Coding,1.6920177,94
B3GAT3,"Beta-1,3-Glucuronyltransferase 3",Protein Coding,1.6920177,86
NEK8,NIMA Related Kinase 8,Protein Coding,1.6920177,85
CTC1,CST Telomere Replication Complex Component 1,Protein Coding,1.6920177,82
GDF1,Growth Differentiation Factor 1,Protein Coding,1.6920177,70
MIR4457,MicroRNA 4457,RNA Gene,1.6853701,55
SERPINA10,Serpin Family A Member 10,Protein Coding,1.682206,70
SERPINA9,Serpin Family A Member 9,Protein Coding,1.682206,59
TYK2,Tyrosine Kinase 2,Protein Coding,1.6772401,100
HCFC1,Host Cell Factor C1,Protein Coding,1.6772401,97
MAOA,Monoamine Oxidase A,Protein Coding,1.6772401,97
DDB2,Damage Specific DNA Binding Protein 2,Protein Coding,1.6772401,96
NRIP1,Nuclear Receptor Interacting Protein 1,Protein Coding,1.6772401,95
UTRN,Utrophin,Protein Coding,1.6772401,94
LSS,Lanosterol Synthase,Protein Coding,1.6772401,93
PRKRA,Protein Activator Of Interferon Induced Protein Kinase EIF2AK2,Protein Coding,1.6772401,93
PRPF31,Pre-MRNA Processing Factor 31,Protein Coding,1.6772401,93
MOGS,Mannosyl-Oligosaccharide Glucosidase,Protein Coding,1.6772401,92
SUPT16H,"SPT16 Homolog, Facilitates Chromatin Remodeling Subunit",Protein Coding,1.6772401,92
AGPS,Alkylglycerone Phosphate Synthase,Protein Coding,1.6772401,91
FKBP1A,FKBP Prolyl Isomerase 1A,Protein Coding,1.6772401,91
GNB2,G Protein Subunit Beta 2,Protein Coding,1.6772401,91
GRHPR,Glyoxylate And Hydroxypyruvate Reductase,Protein Coding,1.6772401,91
PKP2,Plakophilin 2,Protein Coding,1.6772401,91
ITGB5,Integrin Subunit Beta 5,Protein Coding,1.6772401,90
ACTL6A,Actin Like 6A,Protein Coding,1.6772401,89
ETFA,Electron Transfer Flavoprotein Subunit Alpha,Protein Coding,1.6772401,89
PSMA4,Proteasome 20S Subunit Alpha 4,Protein Coding,1.6772401,89
AIMP1,Aminoacyl TRNA Synthetase Complex Interacting Multifunctional Protein 1,Protein Coding,1.6772401,88
RPL13A,Ribosomal Protein L13a,Protein Coding,1.6772401,88
CDC7,Cell Division Cycle 7,Protein Coding,1.6772401,87
CYP2R1,Cytochrome P450 Family 2 Subfamily R Member 1,Protein Coding,1.6772401,87
NCAPD2,Non-SMC Condensin I Complex Subunit D2,Protein Coding,1.6772401,87
RPS14,Ribosomal Protein S14,Protein Coding,1.6772401,87
RB1CC1,RB1 Inducible Coiled-Coil 1,Protein Coding,1.6772401,86
MAPKAPK5,MAPK Activated Protein Kinase 5,Protein Coding,1.6772401,85
PSMD3,"Proteasome 26S Subunit, Non-ATPase 3",Protein Coding,1.6772401,85
MAFB,MAF BZIP Transcription Factor B,Protein Coding,1.6772401,84
PSMC6,"Proteasome 26S Subunit, ATPase 6",Protein Coding,1.6772401,84
SRP72,Signal Recognition Particle 72,Protein Coding,1.6772401,84
CCL3,C-C Motif Chemokine Ligand 3,Protein Coding,1.6772401,83
FERMT2,FERM Domain Containing Kindlin 2,Protein Coding,1.6772401,83
UBE2D2,Ubiquitin Conjugating Enzyme E2 D2,Protein Coding,1.6772401,83
NR4A3,Nuclear Receptor Subfamily 4 Group A Member 3,Protein Coding,1.6772401,82
PKMYT1,"Protein Kinase, Membrane Associated Tyrosine/Threonine 1",Protein Coding,1.6772401,82
PSMD6,"Proteasome 26S Subunit, Non-ATPase 6",Protein Coding,1.6772401,82
RANBP1,RAN Binding Protein 1,Protein Coding,1.6772401,82
RFC3,Replication Factor C Subunit 3,Protein Coding,1.6772401,82
SF1,Splicing Factor 1,Protein Coding,1.6772401,82
APOD,Apolipoprotein D,Protein Coding,1.6772401,81
GMPS,Guanosine Monophosphate Synthase,Protein Coding,1.6772401,81
PSMD7,"Proteasome 26S Subunit, Non-ATPase 7",Protein Coding,1.6772401,81
RAB14,"RAB14, Member RAS Oncogene Family",Protein Coding,1.6772401,81
SPECC1L,Sperm Antigen With Calponin Homology And Coiled-Coil Domains 1 Like,Protein Coding,1.6772401,81
ACSL5,Acyl-CoA Synthetase Long Chain Family Member 5,Protein Coding,1.6772401,80
DYNLL1,Dynein Light Chain LC8-Type 1,Protein Coding,1.6772401,80
PPM1B,"Protein Phosphatase, Mg2+/Mn2+ Dependent 1B",Protein Coding,1.6772401,80
RPL31,Ribosomal Protein L31,Protein Coding,1.6772401,80
RPS12,Ribosomal Protein S12,Protein Coding,1.6772401,80
SRSF5,Serine And Arginine Rich Splicing Factor 5,Protein Coding,1.6772401,80
BCL3,BCL3 Transcription Coactivator,Protein Coding,1.6772401,79
CNP,"2',3'-Cyclic Nucleotide 3' Phosphodiesterase",Protein Coding,1.6772401,79
PFKFB2,"6-Phosphofructo-2-Kinase/Fructose-2,6-Biphosphatase 2",Protein Coding,1.6772401,79
PRMT3,Protein Arginine Methyltransferase 3,Protein Coding,1.6772401,79
SNRPD3,Small Nuclear Ribonucleoprotein D3 Polypeptide,Protein Coding,1.6772401,79
DDX42,DEAD-Box Helicase 42,Protein Coding,1.6772401,78
TCERG1,Transcription Elongation Regulator 1,Protein Coding,1.6772401,78
H2AZ1,H2A.Z Variant Histone 1,Protein Coding,1.6772401,77
IPO5,Importin 5,Protein Coding,1.6772401,77
SLC7A1,Solute Carrier Family 7 Member 1,Protein Coding,1.6772401,77
ACOT8,Acyl-CoA Thioesterase 8,Protein Coding,1.6772401,76
HNRNPH2,Heterogeneous Nuclear Ribonucleoprotein H2,Protein Coding,1.6772401,76
TIAL1,TIA1 Cytotoxic Granule Associated RNA Binding Protein Like 1,Protein Coding,1.6772401,76
BRD9,Bromodomain Containing 9,Protein Coding,1.6772401,75
CALD1,Caldesmon 1,Protein Coding,1.6772401,75
DRG1,Developmentally Regulated GTP Binding Protein 1,Protein Coding,1.6772401,75
NAF1,Nuclear Assembly Factor 1 Ribonucleoprotein,Protein Coding,1.6772401,74
THRAP3,Thyroid Hormone Receptor Associated Protein 3,Protein Coding,1.6772401,74
BCAM,Basal Cell Adhesion Molecule (Lutheran Blood Group),Protein Coding,1.6772401,73
KNTC1,Kinetochore Associated 1,Protein Coding,1.6772401,73
RPS27L,Ribosomal Protein S27 Like,Protein Coding,1.6772401,73
SMNDC1,Survival Motor Neuron Domain Containing 1,Protein Coding,1.6772401,73
STAU1,Staufen Double-Stranded RNA Binding Protein 1,Protein Coding,1.6772401,73
DDX56,DEAD-Box Helicase 56,Protein Coding,1.6772401,72
FIS1,"Fission, Mitochondrial 1",Protein Coding,1.6772401,72
POLR1H,RNA Polymerase I Subunit H,Protein Coding,1.6772401,72
APOM,Apolipoprotein M,Protein Coding,1.6772401,71
CHCHD2,Coiled-Coil-Helix-Coiled-Coil-Helix Domain Containing 2,Protein Coding,1.6772401,71
MAFF,MAF BZIP Transcription Factor F,Protein Coding,1.6772401,71
SF3B6,Splicing Factor 3b Subunit 6,Protein Coding,1.6772401,71
CSRP1,Cysteine And Glycine Rich Protein 1,Protein Coding,1.6772401,70
NAP1L4,Nucleosome Assembly Protein 1 Like 4,Protein Coding,1.6772401,70
PDLIM1,PDZ And LIM Domain 1,Protein Coding,1.6772401,70
TACC2,Transforming Acidic Coiled-Coil Containing Protein 2,Protein Coding,1.6772401,70
ACOT9,Acyl-CoA Thioesterase 9,Protein Coding,1.6772401,69
ARHGAP42,Rho GTPase Activating Protein 42,Protein Coding,1.6772401,69
KCNH4,Potassium Voltage-Gated Channel Subfamily H Member 4,Protein Coding,1.6772401,69
MRPS23,Mitochondrial Ribosomal Protein S23,Protein Coding,1.6772401,69
EPS8L3,EPS8 Signaling Adaptor L3,Protein Coding,1.6772401,68
ZNF24,Zinc Finger Protein 24,Protein Coding,1.6772401,68
LYAR,Ly1 Antibody Reactive,Protein Coding,1.6772401,67
XPOT,Exportin For TRNA,Protein Coding,1.6772401,66
NELFB,Negative Elongation Factor Complex Member B,Protein Coding,1.6772401,65
TMED9,Transmembrane P24 Trafficking Protein 9,Protein Coding,1.6772401,65
CHORDC1,Cysteine And Histidine Rich Domain Containing 1,Protein Coding,1.6772401,64
RBM12,RNA Binding Motif Protein 12,Protein Coding,1.6772401,64
SPIN1,Spindlin 1,Protein Coding,1.6772401,64
ANKHD1,Ankyrin Repeat And KH Domain Containing 1,Protein Coding,1.6772401,63
PPAN,Peter Pan Homolog,Protein Coding,1.6772401,63
TPD52L2,TPD52 Like 2,Protein Coding,1.6772401,63
ABHD14B,Abhydrolase Domain Containing 14B,Protein Coding,1.6772401,62
RPS19BP1,Ribosomal Protein S19 Binding Protein 1,Protein Coding,1.6772401,61
TMEM33,Transmembrane Protein 33,Protein Coding,1.6772401,59
TXNDC12,Thioredoxin Domain Containing 12,Protein Coding,1.6772401,59
OSGIN1,Oxidative Stress Induced Growth Inhibitor 1,Protein Coding,1.6772401,53
LRRC47,Leucine Rich Repeat Containing 47,Protein Coding,1.6772401,52
HNF4A-AS1,HNF4A Antisense RNA 1,RNA Gene,1.6772401,51
IRF7,Interferon Regulatory Factor 7,Protein Coding,1.6626377,100
PTS,6-Pyruvoyltetrahydropterin Synthase,Protein Coding,1.6626377,87
CD74,CD74 Molecule,Protein Coding,1.6626377,86
INHBA,Inhibin Subunit Beta A,Protein Coding,1.6626377,84
RSF1,Remodeling And Spacing Factor 1,Protein Coding,1.6626377,74
DNAH8,Dynein Axonemal Heavy Chain 8,Protein Coding,1.6617883,80
CDC50A,Cell Division Cycle 50 P4-ATPase Accessory Subunit A,Protein Coding,1.6617883,68
TLR1,Toll Like Receptor 1,Protein Coding,1.6568265,93
PLAAT4,Phospholipase A And Acyltransferase 4,Protein Coding,1.6568265,61
TRD-GTC9-1,TRNA-Asp (Anticodon GTC) 9-1,RNA Gene,1.6568265,47
MAPK12,Mitogen-Activated Protein Kinase 12,Protein Coding,1.6527205,91
ITGA2B,Integrin Subunit Alpha 2b,Protein Coding,1.6480904,100
CACNA1H,Calcium Voltage-Gated Channel Subunit Alpha1 H,Protein Coding,1.6480904,99
PRNP,Prion Protein (Kanno Blood Group),Protein Coding,1.6480904,98
RAD51D,RAD51 Paralog D,Protein Coding,1.6480904,97
SYNGAP1,Synaptic Ras GTPase Activating Protein 1,Protein Coding,1.6480904,97
FANCG,FA Complementation Group G,Protein Coding,1.6480904,94
GYS1,Glycogen Synthase 1,Protein Coding,1.6480904,92
SALL1,Spalt Like Transcription Factor 1,Protein Coding,1.6480904,90
XRCC2,X-Ray Repair Cross Complementing 2,Protein Coding,1.6480904,89
TRIM8,Tripartite Motif Containing 8,Protein Coding,1.6480904,85
POU1F1,POU Class 1 Homeobox 1,Protein Coding,1.6480904,84
RAPGEF4,Rap Guanine Nucleotide Exchange Factor 4,Protein Coding,1.6480904,83
GLIS3,GLIS Family Zinc Finger 3,Protein Coding,1.6480904,81
SRGAP1,SLIT-ROBO Rho GTPase Activating Protein 1,Protein Coding,1.6480904,81
BGLAP,Bone Gamma-Carboxyglutamate Protein,Protein Coding,1.6480904,80
HBD,Hemoglobin Subunit Delta,Protein Coding,1.6480904,79
LHX1,LIM Homeobox 1,Protein Coding,1.6480904,79
TBX19,T-Box Transcription Factor 19,Protein Coding,1.6480904,78
MADCAM1,Mucosal Vascular Addressin Cell Adhesion Molecule 1,Protein Coding,1.6480904,77
USP48,Ubiquitin Specific Peptidase 48,Protein Coding,1.6480904,77
TAF1B,"TATA-Box Binding Protein Associated Factor, RNA Polymerase I Subunit B",Protein Coding,1.6480904,74
B3GAT1,"Beta-1,3-Glucuronyltransferase 1",Protein Coding,1.6480904,70
TSPAN31,Tetraspanin 31,Protein Coding,1.6480904,70
CSH2,Chorionic Somatomammotropin Hormone 2,Protein Coding,1.6480904,68
GNLY,Granulysin,Protein Coding,1.6480904,67
FOXL1,Forkhead Box L1,Protein Coding,1.6480904,65
ZNF138,Zinc Finger Protein 138,Protein Coding,1.6480904,60
MT-TF,Mitochondrially Encoded TRNA-Phe (UUU/C),RNA Gene,1.6480904,59
LOC126860438,MED14-Independent Group 3 Enhancer GRCh37_chr8:90959982-90961181,Functional Element,1.6480904,58
CHD3,Chromodomain Helicase DNA Binding Protein 3,Protein Coding,1.6447048,100
NCOR2,Nuclear Receptor Corepressor 2,Protein Coding,1.6447048,100
RPS19,Ribosomal Protein S19,Protein Coding,1.6447048,100
RUNX1,RUNX Family Transcription Factor 1,Protein Coding,1.6447048,100
SMARCE1,SWI/SNF Related BAF Chromatin Remodeling Complex Subunit E1,Protein Coding,1.6447048,100
TUBB4A,Tubulin Beta 4A Class IVa,Protein Coding,1.6447048,100
BIN1,Bridging Integrator 1,Protein Coding,1.6447048,99
RFC1,Replication Factor C Subunit 1,Protein Coding,1.6447048,99
CALM3,Calmodulin 3,Protein Coding,1.6447048,98
HSD17B10,Hydroxysteroid 17-Beta Dehydrogenase 10,Protein Coding,1.6447048,97
MSN,Moesin,Protein Coding,1.6447048,97
OAS1,2'-5'-Oligoadenylate Synthetase 1,Protein Coding,1.6447048,97
RPL26,Ribosomal Protein L26,Protein Coding,1.6447048,97
GOSR2,Golgi SNAP Receptor Complex Member 2,Protein Coding,1.6447048,96
SEC23A,"SEC23 Homolog A, COPII Component",Protein Coding,1.6447048,95
GALK1,Galactokinase 1,Protein Coding,1.6447048,94
CDC42BPB,CDC42 Binding Protein Kinase Beta,Protein Coding,1.6447048,93
GNAI2,G Protein Subunit Alpha I2,Protein Coding,1.6447048,93
RPS26,Ribosomal Protein S26,Protein Coding,1.6447048,93
TFG,Trafficking From ER To Golgi Regulator,Protein Coding,1.6447048,93
VCAM1,Vascular Cell Adhesion Molecule 1,Protein Coding,1.6447048,93
MARK2,Microtubule Affinity Regulating Kinase 2,Protein Coding,1.6447048,91
PRPF3,Pre-MRNA Processing Factor 3,Protein Coding,1.6447048,91
ANTXR1,ANTXR Cell Adhesion Molecule 1,Protein Coding,1.6447048,90
RIF1,Replication Timing Regulatory Factor 1,Protein Coding,1.6447048,90
NSDHL,NAD(P) Dependent 3-Beta-Hydroxysteroid Dehydrogenase NSDHL,Protein Coding,1.6447048,89
SUCLG2,Succinate-CoA Ligase GDP-Forming Subunit Beta,Protein Coding,1.6447048,89
WDR5,WD Repeat Domain 5,Protein Coding,1.6447048,89
PTGES3,Prostaglandin E Synthase 3,Protein Coding,1.6447048,88
EXOSC9,Exosome Component 9,Protein Coding,1.6447048,87
GALNT2,Polypeptide N-Acetylgalactosaminyltransferase 2,Protein Coding,1.6447048,87
HNRNPDL,Heterogeneous Nuclear Ribonucleoprotein D Like,Protein Coding,1.6447048,87
KDM3B,Lysine Demethylase 3B,Protein Coding,1.6447048,87
POLRMT,RNA Polymerase Mitochondrial,Protein Coding,1.6447048,87
RPS28,Ribosomal Protein S28,Protein Coding,1.6447048,87
TIMM50,Translocase Of Inner Mitochondrial Membrane 50,Protein Coding,1.6447048,87
VASP,Vasodilator Stimulated Phosphoprotein,Protein Coding,1.6447048,87
BANF1,Barrier To Autointegration Nuclear Assembly Factor 1,Protein Coding,1.6447048,86
MAP3K2,Mitogen-Activated Protein Kinase Kinase Kinase 2,Protein Coding,1.6447048,86
NARS1,Asparaginyl-TRNA Synthetase 1,Protein Coding,1.6447048,86
TSG101,Tumor Susceptibility 101,Protein Coding,1.6447048,86
WRAP53,WD Repeat Containing Antisense To TP53,Protein Coding,1.6447048,86
MORC2,MORC Family CW-Type Zinc Finger 2,Protein Coding,1.6447048,85
SEC24C,"SEC24 Homolog C, COPII Component",Protein Coding,1.6447048,85
CDK11B,Cyclin Dependent Kinase 11B,Protein Coding,1.6447048,84
JUND,"JunD Proto-Oncogene, AP-1 Transcription Factor Subunit",Protein Coding,1.6447048,84
RAB6A,"RAB6A, Member RAS Oncogene Family",Protein Coding,1.6447048,84
SORT1,Sortilin 1,Protein Coding,1.6447048,84
AFF4,ALF Transcription Elongation Factor 4,Protein Coding,1.6447048,83
BRCC3,BRCA1/BRCA2-Containing Complex Subunit 3,Protein Coding,1.6447048,83
MGAT1,"Alpha-1,3-Mannosyl-Glycoprotein 2-Beta-N-Acetylglucosaminyltransferase",Protein Coding,1.6447048,83
NLRC5,NLR Family CARD Domain Containing 5,Protein Coding,1.6447048,83
NUP50,Nucleoporin 50,Protein Coding,1.6447048,82
PDSS2,Decaprenyl Diphosphate Synthase Subunit 2,Protein Coding,1.6447048,82
PSMB3,Proteasome 20S Subunit Beta 3,Protein Coding,1.6447048,82
SMARCA1,SNF2 Related Chromatin Remodeling ATPase 1,Protein Coding,1.6447048,82
GPLD1,Glycosylphosphatidylinositol Specific Phospholipase D1,Protein Coding,1.6447048,81
NCAPG2,Non-SMC Condensin II Complex Subunit G2,Protein Coding,1.6447048,81
NR1D2,Nuclear Receptor Subfamily 1 Group D Member 2,Protein Coding,1.6447048,81
RAE1,Ribonucleic Acid Export 1,Protein Coding,1.6447048,81
SARS1,Seryl-TRNA Synthetase 1,Protein Coding,1.6447048,81
STOM,Stomatin,Protein Coding,1.6447048,81
TNFSF4,TNF Superfamily Member 4,Protein Coding,1.6447048,81
ACAA2,Acetyl-CoA Acyltransferase 2,Protein Coding,1.6447048,80
CMPK1,Cytidine/Uridine Monophosphate Kinase 1,Protein Coding,1.6447048,80
EPB41L2,Erythrocyte Membrane Protein Band 4.1 Like 2,Protein Coding,1.6447048,80
NMT1,N-Myristoyltransferase 1,Protein Coding,1.6447048,80
RNF125,Ring Finger Protein 125,Protein Coding,1.6447048,80
TFPI,Tissue Factor Pathway Inhibitor,Protein Coding,1.6447048,80
ADIPOR1,Adiponectin Receptor 1,Protein Coding,1.6447048,79
SNIP1,Smad Nuclear Interacting Protein 1,Protein Coding,1.6447048,79
TNPO1,Transportin 1,Protein Coding,1.6447048,79
UBE2K,Ubiquitin Conjugating Enzyme E2 K,Protein Coding,1.6447048,79
AMBP,Alpha-1-Microglobulin/Bikunin Precursor,Protein Coding,1.6447048,78
CASP14,Caspase 14,Protein Coding,1.6447048,78
CRY2,Cryptochrome Circadian Regulator 2,Protein Coding,1.6447048,78
KPNA4,Karyopherin Subunit Alpha 4,Protein Coding,1.6447048,78
LAMTOR1,"Late Endosomal/Lysosomal Adaptor, MAPK And MTOR Activator 1",Protein Coding,1.6447048,78
MAPRE2,Microtubule Associated Protein RP/EB Family Member 2,Protein Coding,1.6447048,78
NSMCE2,NSE2 SUMO Ligase Component Of SMC5/6 Complex,Protein Coding,1.6447048,78
RPL29,Ribosomal Protein L29,Protein Coding,1.6447048,78
SNRPA,Small Nuclear Ribonucleoprotein Polypeptide A,Protein Coding,1.6447048,78
SRSF9,Serine And Arginine Rich Splicing Factor 9,Protein Coding,1.6447048,78
UBR2,Ubiquitin Protein Ligase E3 Component N-Recognin 2,Protein Coding,1.6447048,78
ARL1,ARF Like GTPase 1,Protein Coding,1.6447048,77
ASIC1,Acid Sensing Ion Channel Subunit 1,Protein Coding,1.6447048,77
DUSP9,Dual Specificity Phosphatase 9,Protein Coding,1.6447048,77
EEA1,Early Endosome Antigen 1,Protein Coding,1.6447048,77
HECTD1,HECT Domain E3 Ubiquitin Protein Ligase 1,Protein Coding,1.6447048,77
RPL35,Ribosomal Protein L35,Protein Coding,1.6447048,77
STK26,Serine/Threonine Kinase 26,Protein Coding,1.6447048,77
USP16,Ubiquitin Specific Peptidase 16,Protein Coding,1.6447048,77
CNDP2,Carnosine Dipeptidase 2,Protein Coding,1.6447048,76
EEF1B2,Eukaryotic Translation Elongation Factor 1 Beta 2,Protein Coding,1.6447048,76
MTHFD1L,Methylenetetrahydrofolate Dehydrogenase (NADP+ Dependent) 1 Like,Protein Coding,1.6447048,76
PPIH,Peptidylprolyl Isomerase H,Protein Coding,1.6447048,76
PPP6C,Protein Phosphatase 6 Catalytic Subunit,Protein Coding,1.6447048,76
RBPMS,"RNA Binding Protein, MRNA Processing Factor",Protein Coding,1.6447048,76
ARID3A,AT-Rich Interaction Domain 3A,Protein Coding,1.6447048,75
PIGU,Phosphatidylinositol Glycan Anchor Biosynthesis Class U,Protein Coding,1.6447048,75
TMED2,Transmembrane P24 Trafficking Protein 2,Protein Coding,1.6447048,75
TRIP6,Thyroid Hormone Receptor Interactor 6,Protein Coding,1.6447048,75
CETN2,Centrin 2,Protein Coding,1.6447048,74
CNOT7,CCR4-NOT Transcription Complex Subunit 7,Protein Coding,1.6447048,74
RPL30,Ribosomal Protein L30,Protein Coding,1.6447048,73
S100A7,S100 Calcium Binding Protein A7,Protein Coding,1.6447048,73
STOML2,Stomatin Like 2,Protein Coding,1.6447048,73
USP36,Ubiquitin Specific Peptidase 36,Protein Coding,1.6447048,73
AGAP3,"ArfGAP With GTPase Domain, Ankyrin Repeat And PH Domain 3",Protein Coding,1.6447048,72
CIAPIN1,Cytokine Induced Apoptosis Inhibitor 1,Protein Coding,1.6447048,72
MSI1,Musashi RNA Binding Protein 1,Protein Coding,1.6447048,72
PLVAP,Plasmalemma Vesicle Associated Protein,Protein Coding,1.6447048,72
SRP19,Signal Recognition Particle 19,Protein Coding,1.6447048,72
SRP68,Signal Recognition Particle 68,Protein Coding,1.6447048,72
CYB5B,Cytochrome B5 Type B,Protein Coding,1.6447048,71
FLG2,Filaggrin 2,Protein Coding,1.6447048,71
GLG1,Golgi Glycoprotein 1,Protein Coding,1.6447048,71
HSPE1,Heat Shock Protein Family E (Hsp10) Member 1,Protein Coding,1.6447048,71
PGRMC2,Progesterone Receptor Membrane Component 2,Protein Coding,1.6447048,71
RNH1,Ribonuclease/Angiogenin Inhibitor 1,Protein Coding,1.6447048,71
SCAF11,SR-Related CTD Associated Factor 11,Protein Coding,1.6447048,71
BCAS2,BCAS2 Pre-MRNA Processing Factor,Protein Coding,1.6447048,70
ITIH3,Inter-Alpha-Trypsin Inhibitor Heavy Chain 3,Protein Coding,1.6447048,70
DENR,Density Regulated Re-Initiation And Release Factor,Protein Coding,1.6447048,69
LUC7L3,LUC7 Like 3 Pre-MRNA Splicing Factor,Protein Coding,1.6447048,69
POF1B,POF1B Actin Binding Protein,Protein Coding,1.6447048,69
RPP30,Ribonuclease P/MRP Subunit P30,Protein Coding,1.6447048,69
SFXN1,Sideroflexin 1,Protein Coding,1.6447048,69
SGTA,Small Glutamine Rich Tetratricopeptide Repeat Co-Chaperone Alpha,Protein Coding,1.6447048,69
PTBP3,Polypyrimidine Tract Binding Protein 3,Protein Coding,1.6447048,68
REXO4,RNA Exonuclease 4,Protein Coding,1.6447048,68
BUD31,BUD31 Spliceosome Associated Protein,Protein Coding,1.6447048,67
GSPT2,G1 To S Phase Transition 2,Protein Coding,1.6447048,67
TMX1,Thioredoxin Related Transmembrane Protein 1,Protein Coding,1.6447048,67
API5,Apoptosis Inhibitor 5,Protein Coding,1.6447048,66
HSPA7,Heat Shock Protein Family A (Hsp70) Member 7 (Pseudogene),Pseudogene,1.6447048,66
PDZD11,PDZ Domain Containing 11,Protein Coding,1.6447048,66
TRUB2,TruB Pseudouridine Synthase Family Member 2,Protein Coding,1.6447048,66
FBXO21,F-Box Protein 21,Protein Coding,1.6447048,65
STEAP4,STEAP4 Metalloreductase,Protein Coding,1.6447048,65
DDX28,DEAD-Box Helicase 28,Protein Coding,1.6447048,64
HNRNPUL2,Heterogeneous Nuclear Ribonucleoprotein U Like 2,Protein Coding,1.6447048,64
ISG20L2,Interferon Stimulated Exonuclease Gene 20 Like 2,Protein Coding,1.6447048,64
BRIX1,Biogenesis Of Ribosomes BRX1,Protein Coding,1.6447048,63
PABPC3,Poly(A) Binding Protein Cytoplasmic 3,Protein Coding,1.6447048,63
ATP5MK,ATP Synthase Membrane Subunit K,Protein Coding,1.6447048,62
MIR339,MicroRNA 339,RNA Gene,1.6447048,62
TXLNA,Taxilin Alpha,Protein Coding,1.6447048,62
PLAC8,Placenta Associated 8,Protein Coding,1.6447048,61
MRTO4,"MRT4 Homolog, Ribosome Maturation Factor",Protein Coding,1.6447048,60
TCAF1,TRPM8 Channel Associated Factor 1,Protein Coding,1.6447048,60
CAVIN2,Caveolae Associated Protein 2,Protein Coding,1.6447048,59
MIR488,MicroRNA 488,RNA Gene,1.6447048,59
PRRC2B,Proline Rich Coiled-Coil 2B,Protein Coding,1.6447048,59
SPATS2L,Spermatogenesis Associated Serine Rich 2 Like,Protein Coding,1.6447048,59
FBXO30,F-Box Protein 30,Protein Coding,1.6447048,58
MIR190A,MicroRNA 190a,RNA Gene,1.6447048,58
DHRS1,Dehydrogenase/Reductase 1,Protein Coding,1.6447048,57
LAD1,Ladinin 1,Protein Coding,1.6447048,57
MIR509-1,MicroRNA 509-1,RNA Gene,1.6447048,57
PIMREG,PICALM Interacting Mitotic Regulator,Protein Coding,1.6447048,57
ARL6IP4,ARF Like GTPase 6 Interacting Protein 4,Protein Coding,1.6447048,54
PCNP,PEST Proteolytic Signal Containing Nuclear Protein,Protein Coding,1.6447048,54
C3P1,Complement 3 Precursor Pseudogene,Pseudogene,1.6447048,53
CCDC86,Coiled-Coil Domain Containing 86,Protein Coding,1.6447048,52
OSCP1,Organic Solute Carrier Partner 1,Protein Coding,1.6447048,52
ODR4,Odr-4 GPCR Localization Factor Homolog,Protein Coding,1.6447048,50
NCCRP1,"NCCRP1, F-Box Associated Domain Containing",Protein Coding,1.6447048,49
TMEM263,Transmembrane Protein 263,Protein Coding,1.6447048,48
C1RL,Complement C1r Subcomponent Like,Protein Coding,1.6368687,67
GPR15LG,G Protein-Coupled Receptor 15 Ligand,Protein Coding,1.6368687,51
PTPRD,Protein Tyrosine Phosphatase Receptor Type D,Protein Coding,1.6334493,90
CAMK2G,Calcium/Calmodulin Dependent Protein Kinase II Gamma,Protein Coding,1.6316199,97
PRDM5,PR/SET Domain 5,Protein Coding,1.6248071,84
BRAP,BRCA1 Associated Protein,Protein Coding,1.6248071,78
PRR34,PRR34 Long Non-Coding RNA,RNA Gene,1.6248071,52
UGT1A4,UDP Glucuronosyltransferase Family 1 Member A4,Protein Coding,1.6235034,94
UGT1A10,UDP Glucuronosyltransferase Family 1 Member A10,Protein Coding,1.6235034,88
ERF,ETS2 Repressor Factor,Protein Coding,1.6235034,86
CYP39A1,Cytochrome P450 Family 39 Subfamily A Member 1,Protein Coding,1.6235034,73
LGALS4,Galectin 4,Protein Coding,1.6235034,65
TIMM8A,Translocase Of Inner Mitochondrial Membrane 8A,Protein Coding,1.6202235,71
CD5,CD5 Molecule,Protein Coding,1.618326,70
ACE,Angiotensin I Converting Enzyme,Protein Coding,1.6093247,100
AGRN,Agrin,Protein Coding,1.6093247,100
CALM1,Calmodulin 1,Protein Coding,1.6093247,100
PLCB1,Phospholipase C Beta 1,Protein Coding,1.6093247,100
SMARCC2,SWI/SNF Related BAF Chromatin Remodeling Complex Subunit C2,Protein Coding,1.6093247,100
LAMA3,Laminin Subunit Alpha 3,Protein Coding,1.6093247,98
ENTPD1,Ectonucleoside Triphosphate Diphosphohydrolase 1,Protein Coding,1.6093247,97
DIAPH3,Diaphanous Related Formin 3,Protein Coding,1.6093247,96
GGCX,Gamma-Glutamyl Carboxylase,Protein Coding,1.6093247,96
SMARCD2,SWI/SNF Related BAF Chromatin Remodeling Complex Subunit D2,Protein Coding,1.6093247,96
MCPH1,Microcephalin 1,Protein Coding,1.6093247,93
TRIM32,Tripartite Motif Containing 32,Protein Coding,1.6093247,93
DSG1,Desmoglein 1,Protein Coding,1.6093247,92
KITLG,KIT Ligand,Protein Coding,1.6093247,92
NUP98,Nucleoporin 98 And 96 Precursor,Protein Coding,1.6093247,92
BAIAP2,BAR/IMD Domain Containing Adaptor Protein 2,Protein Coding,1.6093247,91
BCKDK,Branched Chain Keto Acid Dehydrogenase Kinase,Protein Coding,1.6093247,91
CLIP1,CAP-Gly Domain Containing Linker Protein 1,Protein Coding,1.6093247,91
DPM1,"Dolichyl-Phosphate Mannosyltransferase Subunit 1, Catalytic",Protein Coding,1.6093247,91
FBLN1,Fibulin 1,Protein Coding,1.6093247,91
NUDC,"Nuclear Distribution C, Dynein Complex Regulator",Protein Coding,1.6093247,91
PRDM1,PR/SET Domain 1,Protein Coding,1.6093247,91
ACHE,Acetylcholinesterase (Yt Blood Group),Protein Coding,1.6093247,90
AKR1C2,Aldo-Keto Reductase Family 1 Member C2,Protein Coding,1.6093247,90
AP3D1,Adaptor Related Protein Complex 3 Subunit Delta 1,Protein Coding,1.6093247,90
B4GALNT1,"Beta-1,4-N-Acetyl-Galactosaminyltransferase 1",Protein Coding,1.6093247,90
EIF2B1,Eukaryotic Translation Initiation Factor 2B Subunit Alpha,Protein Coding,1.6093247,90
FBXO7,F-Box Protein 7,Protein Coding,1.6093247,90
PRPF4,Pre-MRNA Splicing Tri-SnRNP Complex Factor PRPF4,Protein Coding,1.6093247,90
ADNP,Activity Dependent Neuroprotector Homeobox,Protein Coding,1.6093247,89
PARP2,Poly(ADP-Ribose) Polymerase 2,Protein Coding,1.6093247,89
SLC27A4,Solute Carrier Family 27 Member 4,Protein Coding,1.6093247,89
C5AR1,Complement C5a Receptor 1,Protein Coding,1.6093247,88
MAD2L2,Mitotic Arrest Deficient 2 Like 2,Protein Coding,1.6093247,88
TRPM7,Transient Receptor Potential Cation Channel Subfamily M Member 7,Protein Coding,1.6093247,88
RNF135,Ring Finger Protein 135,Protein Coding,1.6093247,87
SIAH1,Siah E3 Ubiquitin Protein Ligase 1,Protein Coding,1.6093247,87
CDC42BPA,CDC42 Binding Protein Kinase Alpha,Protein Coding,1.6093247,86
MBP,Myelin Basic Protein,Protein Coding,1.6093247,86
PPARGC1B,PPARG Coactivator 1 Beta,Protein Coding,1.6093247,86
PURA,Purine Rich Element Binding Protein A,Protein Coding,1.6093247,86
SRPK2,SRSF Protein Kinase 2,Protein Coding,1.6093247,86
TSFM,"Ts Translation Elongation Factor, Mitochondrial",Protein Coding,1.6093247,86
WWP2,WW Domain Containing E3 Ubiquitin Protein Ligase 2,Protein Coding,1.6093247,86
DAP3,Death Associated Protein 3,Protein Coding,1.6093247,85
FERMT1,FERM Domain Containing Kindlin 1,Protein Coding,1.6093247,85
PRKD3,Protein Kinase D3,Protein Coding,1.6093247,85
CHMP1A,Charged Multivesicular Body Protein 1A,Protein Coding,1.6093247,84
KMO,Kynurenine 3-Monooxygenase,Protein Coding,1.6093247,83
METAP2,Methionyl Aminopeptidase 2,Protein Coding,1.6093247,83
RAB2A,"RAB2A, Member RAS Oncogene Family",Protein Coding,1.6093247,83
RBP1,Retinol Binding Protein 1,Protein Coding,1.6093247,83
GNA13,G Protein Subunit Alpha 13,Protein Coding,1.6093247,82
KPNA1,Karyopherin Subunit Alpha 1,Protein Coding,1.6093247,82
MT-ND5,Mitochondrially Encoded NADH:Ubiquinone Oxidoreductase Core Subunit 5,Protein Coding,1.6093247,82
KCTD17,Potassium Channel Tetramerization Domain Containing 17,Protein Coding,1.6093247,81
MFF,Mitochondrial Fission Factor,Protein Coding,1.6093247,81
SMAD5,SMAD Family Member 5,Protein Coding,1.6093247,81
TEAD2,TEA Domain Transcription Factor 2,Protein Coding,1.6093247,81
ZNF687,Zinc Finger Protein 687,Protein Coding,1.6093247,81
ASAP1,"ArfGAP With SH3 Domain, Ankyrin Repeat And PH Domain 1",Protein Coding,1.6093247,80
EIF3H,Eukaryotic Translation Initiation Factor 3 Subunit H,Protein Coding,1.6093247,80
ELP3,Elongator Acetyltransferase Complex Subunit 3,Protein Coding,1.6093247,80
NACC1,Nucleus Accumbens Associated 1,Protein Coding,1.6093247,80
OLR1,Oxidized Low Density Lipoprotein Receptor 1,Protein Coding,1.6093247,80
RAB35,"RAB35, Member RAS Oncogene Family",Protein Coding,1.6093247,80
TLN2,Talin 2,Protein Coding,1.6093247,80
TXN2,Thioredoxin 2,Protein Coding,1.6093247,80
BMS1,BMS1 Ribosome Biogenesis Factor,Protein Coding,1.6093247,79
DCAF1,DDB1 And CUL4 Associated Factor 1,Protein Coding,1.6093247,79
NXF1,Nuclear RNA Export Factor 1,Protein Coding,1.6093247,79
PHLPP1,PH Domain And Leucine Rich Repeat Protein Phosphatase 1,Protein Coding,1.6093247,79
PTGES2,Prostaglandin E Synthase 2,Protein Coding,1.6093247,79
SNRPG,Small Nuclear Ribonucleoprotein Polypeptide G,Protein Coding,1.6093247,79
TMED10,Transmembrane P24 Trafficking Protein 10,Protein Coding,1.6093247,79
CEP131,Centrosomal Protein 131,Protein Coding,1.6093247,78
CPNE1,Copine 1,Protein Coding,1.6093247,78
ELOA,Elongin A,Protein Coding,1.6093247,78
EPB41L5,Erythrocyte Membrane Protein Band 4.1 Like 5,Protein Coding,1.6093247,78
ERAL1,Era Like 12S Mitochondrial RRNA Chaperone 1,Protein Coding,1.6093247,78
FCN2,Ficolin 2,Protein Coding,1.6093247,78
SIGLEC1,Sialic Acid Binding Ig Like Lectin 1,Protein Coding,1.6093247,78
SNRPF,Small Nuclear Ribonucleoprotein Polypeptide F,Protein Coding,1.6093247,78
SPINT1,"Serine Peptidase Inhibitor, Kunitz Type 1",Protein Coding,1.6093247,78
THBS4,Thrombospondin 4,Protein Coding,1.6093247,78
USP19,Ubiquitin Specific Peptidase 19,Protein Coding,1.6093247,78
ZW10,Zw10 Kinetochore Protein,Protein Coding,1.6093247,78
ACOT7,Acyl-CoA Thioesterase 7,Protein Coding,1.6093247,77
AGFG1,ArfGAP With FG Repeats 1,Protein Coding,1.6093247,77
CYB5A,Cytochrome B5 Type A,Protein Coding,1.6093247,77
RAMP3,Receptor Activity Modifying Protein 3,Protein Coding,1.6093247,77
SORBS3,Sorbin And SH3 Domain Containing 3,Protein Coding,1.6093247,77
CDSN,Corneodesmosin,Protein Coding,1.6093247,76
CSTF2,Cleavage Stimulation Factor Subunit 2,Protein Coding,1.6093247,76
SRPRA,SRP Receptor Subunit Alpha,Protein Coding,1.6093247,76
TMTC3,Transmembrane O-Mannosyltransferase Targeting Cadherins 3,Protein Coding,1.6093247,76
BABAM2,BRISC And BRCA1 A Complex Member 2,Protein Coding,1.6093247,75
BLMH,Bleomycin Hydrolase,Protein Coding,1.6093247,75
GRSF1,G-Rich RNA Sequence Binding Factor 1,Protein Coding,1.6093247,75
H4C5,H4 Clustered Histone 5,Protein Coding,1.6093247,75
SART3,"Spliceosome Associated Factor 3, U4/U6 Recycling Protein",Protein Coding,1.6093247,75
SPC24,SPC24 Component Of NDC80 Kinetochore Complex,Protein Coding,1.6093247,75
DSN1,DSN1 Component Of MIS12 Kinetochore Complex,Protein Coding,1.6093247,74
ESYT2,Extended Synaptotagmin 2,Protein Coding,1.6093247,74
H2BC12,H2B Clustered Histone 12,Protein Coding,1.6093247,74
PRP4K,Pre-MRNA Processing Factor Kinase PRP4K,Protein Coding,1.6093247,74
RAB17,"RAB17, Member RAS Oncogene Family",Protein Coding,1.6093247,74
CDC42EP1,CDC42 Effector Protein 1,Protein Coding,1.6093247,73
DBF4,DBF4-CDC7 Kinase Regulatory Subunit,Protein Coding,1.6093247,73
DNTT,DNA Nucleotidylexotransferase,Protein Coding,1.6093247,73
H2BC3,H2B Clustered Histone 3,Protein Coding,1.6093247,73
MRM1,Mitochondrial RRNA Methyltransferase 1,Protein Coding,1.6093247,73
POLDIP3,DNA Polymerase Delta Interacting Protein 3,Protein Coding,1.6093247,73
SDF4,Stromal Cell Derived Factor 4,Protein Coding,1.6093247,73
SRSF11,Serine And Arginine Rich Splicing Factor 11,Protein Coding,1.6093247,73
STAU2,Staufen Double-Stranded RNA Binding Protein 2,Protein Coding,1.6093247,73
TMX2,Thioredoxin Related Transmembrane Protein 2,Protein Coding,1.6093247,73
TSPAN1,Tetraspanin 1,Protein Coding,1.6093247,73
BRMS1,BRMS1 Transcriptional Repressor And Anoikis Regulator,Protein Coding,1.6093247,72
DACH1,Dachshund Family Transcription Factor 1,Protein Coding,1.6093247,72
DDX47,DEAD-Box Helicase 47,Protein Coding,1.6093247,72
GLYR1,Glyoxylate Reductase 1 Homolog,Protein Coding,1.6093247,72
H4C6,H4 Clustered Histone 6,Protein Coding,1.6093247,72
HS2ST1,Heparan Sulfate 2-O-Sulfotransferase 1,Protein Coding,1.6093247,72
BCL9L,BCL9 Like,Protein Coding,1.6093247,71
CHMP4A,Charged Multivesicular Body Protein 4A,Protein Coding,1.6093247,71
GOSR1,Golgi SNAP Receptor Complex Member 1,Protein Coding,1.6093247,71
MIEF1,Mitochondrial Elongation Factor 1,Protein Coding,1.6093247,71
PACSIN3,Protein Kinase C And Casein Kinase Substrate In Neurons 3,Protein Coding,1.6093247,71
PZP,PZP Alpha-2-Macroglobulin Like,Protein Coding,1.6093247,71
THOC5,THO Complex Subunit 5,Protein Coding,1.6093247,71
UQCRH,Ubiquinol-Cytochrome C Reductase Hinge Protein,Protein Coding,1.6093247,71
AKAP8L,A-Kinase Anchoring Protein 8 Like,Protein Coding,1.6093247,70
H4C11,H4 Clustered Histone 11,Protein Coding,1.6093247,70
H4C2,H4 Clustered Histone 2,Protein Coding,1.6093247,70
LARP4B,La Ribonucleoprotein 4B,Protein Coding,1.6093247,70
MEAF6,MYST/Esa1 Associated Factor 6,Protein Coding,1.6093247,70
PPP2R2D,Protein Phosphatase 2 Regulatory Subunit Bdelta,Protein Coding,1.6093247,70
STMN2,Stathmin 2,Protein Coding,1.6093247,70
TFB2M,"Transcription Factor B2, Mitochondrial",Protein Coding,1.6093247,70
CD2BP2,CD2 Cytoplasmic Tail Binding Protein 2,Protein Coding,1.6093247,69
GTF3C4,General Transcription Factor IIIC Subunit 4,Protein Coding,1.6093247,69
H4C12,H4 Clustered Histone 12,Protein Coding,1.6093247,69
H4C13,H4 Clustered Histone 13,Protein Coding,1.6093247,69
H4C4,H4 Clustered Histone 4,Protein Coding,1.6093247,69
HTATSF1,HIV-1 Tat Specific Factor 1,Protein Coding,1.6093247,69
NOL9,Nucleolar Protein 9,Protein Coding,1.6093247,69
NSUN5,NOP2/Sun RNA Methyltransferase 5,Protein Coding,1.6093247,69
H2BC12L,H2B Clustered Histone 12 Like,Protein Coding,1.6093247,68
IFIT3,Interferon Induced Protein With Tetratricopeptide Repeats 3,Protein Coding,1.6093247,68
KIN,Kin17 DNA And RNA Binding Protein,Protein Coding,1.6093247,68
LUZP1,Leucine Zipper Protein 1,Protein Coding,1.6093247,68
MEX3C,Mex-3 RNA Binding Family Member C,Protein Coding,1.6093247,68
MRPL58,Mitochondrial Ribosomal Protein L58,Protein Coding,1.6093247,68
OSBPL11,Oxysterol Binding Protein Like 11,Protein Coding,1.6093247,68
SEPTIN11,Septin 11,Protein Coding,1.6093247,68
STRN3,Striatin 3,Protein Coding,1.6093247,68
USP40,Ubiquitin Specific Peptidase 40,Protein Coding,1.6093247,68
CMYA5,Cardiomyopathy Associated 5,Protein Coding,1.6093247,67
GMPR2,Guanosine Monophosphate Reductase 2,Protein Coding,1.6093247,67
H4C15,H4 Clustered Histone 15,Protein Coding,1.6093247,67
KLF3,KLF Transcription Factor 3,Protein Coding,1.6093247,67
UTP14A,UTP14A Small Subunit Processome Component,Protein Coding,1.6093247,67
VEZF1,Vascular Endothelial Zinc Finger 1,Protein Coding,1.6093247,67
C2orf49,Chromosome 2 Open Reading Frame 49,Protein Coding,1.6093247,66
PCDH10,Protocadherin 10,Protein Coding,1.6093247,66
PHLDA1,Pleckstrin Homology Like Domain Family A Member 1,Protein Coding,1.6093247,66
GINS2,GINS Complex Subunit 2,Protein Coding,1.6093247,65
KRT78,Keratin 78,Protein Coding,1.6093247,65
NUFIP2,Nuclear FMR1 Interacting Protein 2,Protein Coding,1.6093247,65
RBM15B,RNA Binding Motif Protein 15B,Protein Coding,1.6093247,65
SSR3,Signal Sequence Receptor Subunit 3,Protein Coding,1.6093247,65
CEP85,Centrosomal Protein 85,Protein Coding,1.6093247,64
MIR103A1,MicroRNA 103a-1,RNA Gene,1.6093247,64
PDIA5,Protein Disulfide Isomerase Family A Member 5,Protein Coding,1.6093247,64
RBM45,RNA Binding Motif Protein 45,Protein Coding,1.6093247,64
UQCC1,Ubiquinol-Cytochrome C Reductase Complex Assembly Factor 1,Protein Coding,1.6093247,64
USP27X,Ubiquitin Specific Peptidase 27 X-Linked,Protein Coding,1.6093247,64
PHAX,Phosphorylated Adaptor For RNA Export,Protein Coding,1.6093247,63
VASN,Vasorin,Protein Coding,1.6093247,63
ACYP2,Acylphosphatase 2,Protein Coding,1.6093247,62
BZW2,Basic Leucine Zipper And W2 Domains 2,Protein Coding,1.6093247,62
MIR133A2,MicroRNA 133a-2,RNA Gene,1.6093247,62
MIR135A1,MicroRNA 135a-1,RNA Gene,1.6093247,62
MIR16-2,MicroRNA 16-2,RNA Gene,1.6093247,62
SCAF1,SR-Related CTD Associated Factor 1,Protein Coding,1.6093247,62
GADD45GIP1,GADD45G Interacting Protein 1,Protein Coding,1.6093247,61
NRDE2,"NRDE-2, Necessary For RNA Interference, Domain Containing",Protein Coding,1.6093247,61
PTOV1,PTOV1 Extended AT-Hook Containing Adaptor Protein,Protein Coding,1.6093247,61
MIR99B,MicroRNA 99b,RNA Gene,1.6093247,60
ANGPTL6,Angiopoietin Like 6,Protein Coding,1.6093247,59
H1-10,H1.10 Linker Histone,Protein Coding,1.6093247,59
IGKV2-29,Immunoglobulin Kappa Variable 2-29,Pseudogene,1.6093247,58
FTX,"FTX Transcript, XIST Regulator",RNA Gene,1.6093247,57
GPATCH2,G-Patch Domain Containing 2,Protein Coding,1.6093247,57
MIR196B,MicroRNA 196b,RNA Gene,1.6093247,57
ZNF706,Zinc Finger Protein 706,Protein Coding,1.6093247,57
BTBD7,BTB Domain Containing 7,Protein Coding,1.6093247,56
C1orf35,Chromosome 1 Open Reading Frame 35,Protein Coding,1.6093247,56
RBM34,RNA Binding Motif Protein 34,Protein Coding,1.6093247,56
BACC1,BPTF Associated Chromatin Complex Component 1,Protein Coding,1.6093247,55
CKLF,Chemokine Like Factor,Protein Coding,1.6093247,55
KPRP,Keratinocyte Proline Rich Protein,Protein Coding,1.6093247,55
MIR202,MicroRNA 202,RNA Gene,1.6093247,55
RPL9P7,Ribosomal Protein L9 Pseudogene 7,Pseudogene,1.6093247,55
RSBN1L,Round Spermatid Basic Protein 1 Like,Protein Coding,1.6093247,55
SPAG7,Sperm Associated Antigen 7,Protein Coding,1.6093247,55
MIR944,MicroRNA 944,RNA Gene,1.6093247,54
NDRG3,NDRG Family Member 3,Protein Coding,1.6093247,54
MIR650,MicroRNA 650,RNA Gene,1.6093247,52
MIR4800,MicroRNA 4800,RNA Gene,1.6093247,51
NHSL3,NHS Like 3,Protein Coding,1.6093247,49
KNOP1,Lysine Rich Nucleolar Protein 1,Protein Coding,1.6093247,48
HLA-DPB1,"Major Histocompatibility Complex, Class II, DP Beta 1",Protein Coding,1.6090568,88
MTO1,Mitochondrial TRNA Translation Optimization 1,Protein Coding,1.6041368,83
SMS,Spermine Synthase,Protein Coding,1.6041368,81
PEMT,Phosphatidylethanolamine N-Methyltransferase,Protein Coding,1.6041368,73
GLIS1,GLIS Family Zinc Finger 1,Protein Coding,1.6041368,67
PCA3,Prostate Cancer Associated 3,RNA Gene,1.6041368,55
LINP1,LncRNA In Non-Homologous End Joining Pathway 1,RNA Gene,1.6041368,53
SOCS2-AS1,SOCS2 Antisense RNA 1,RNA Gene,1.6041368,53
FAM201A,Family With Sequence Similarity 201 Member A,RNA Gene,1.6041368,52
MIR4454,MicroRNA 4454,RNA Gene,1.6041368,52
MAPK6,Mitogen-Activated Protein Kinase 6,Protein Coding,1.6000309,83
POLH,DNA Polymerase Eta,Protein Coding,1.592427,97
BAZ2B,Bromodomain Adjacent To Zinc Finger Domain 2B,Protein Coding,1.592427,85
SLC47A2,Solute Carrier Family 47 Member 2,Protein Coding,1.592427,74
TEC,Tec Protein Tyrosine Kinase,Protein Coding,1.5891622,87
DYNC1I2,Dynein Cytoplasmic 1 Intermediate Chain 2,Protein Coding,1.5891622,86
NLRP5,NLR Family Pyrin Domain Containing 5,Protein Coding,1.5891622,76
COPB2,Coat Protein Complex I Subunit Beta 2,Protein Coding,1.585608,89
PDGFD,Platelet Derived Growth Factor D,Protein Coding,1.585608,76
YRDC,YrdC N6-Threonylcarbamoyltransferase Domain Containing,Protein Coding,1.585608,67
IFNA8,Interferon Alpha 8,Protein Coding,1.5829376,67
IFNA16,Interferon Alpha 16,Protein Coding,1.5829376,65
IFNA10,Interferon Alpha 10,Protein Coding,1.5829376,64
IFNA17,Interferon Alpha 17,Protein Coding,1.5829376,64
IFNA7,Interferon Alpha 7,Protein Coding,1.5829376,64
ACOX2,Acyl-CoA Oxidase 2,Protein Coding,1.579084,87
LSR,Lipolysis Stimulated Lipoprotein Receptor,Protein Coding,1.579084,81
MRPS7,Mitochondrial Ribosomal Protein S7,Protein Coding,1.579084,77
TFF1,Trefoil Factor 1,Protein Coding,1.579084,69
BCKDHB,Branched Chain Keto Acid Dehydrogenase E1 Subunit Beta,Protein Coding,1.5784514,94
SLC48A1,Solute Carrier Family 48 Member 1,Protein Coding,1.5784514,61
CD19,CD19 Molecule,Protein Coding,1.5751715,100
MEF2C,Myocyte Enhancer Factor 2C,Protein Coding,1.5701904,100
PLCE1,Phospholipase C Epsilon 1,Protein Coding,1.5701904,100
COL2A1,Collagen Type II Alpha 1 Chain,Protein Coding,1.5701904,99
ITGA3,Integrin Subunit Alpha 3,Protein Coding,1.5701904,99
INPPL1,Inositol Polyphosphate Phosphatase Like 1,Protein Coding,1.5701904,98
MAP3K8,Mitogen-Activated Protein Kinase Kinase Kinase 8,Protein Coding,1.5701904,98
TRPV4,Transient Receptor Potential Cation Channel Subfamily V Member 4,Protein Coding,1.5701904,97
CSNK1D,Casein Kinase 1 Delta,Protein Coding,1.5701904,94
SPI1,Spi-1 Proto-Oncogene,Protein Coding,1.5701904,94
TICAM1,TIR Domain Containing Adaptor Molecule 1,Protein Coding,1.5701904,94
SLC2A4,Solute Carrier Family 2 Member 4,Protein Coding,1.5701904,92
SEMA3A,Semaphorin 3A,Protein Coding,1.5701904,91
ACTG2,"Actin Gamma 2, Smooth Muscle",Protein Coding,1.5701904,90
POLD2,"DNA Polymerase Delta 2, Accessory Subunit",Protein Coding,1.5701904,90
SOX5,SRY-Box Transcription Factor 5,Protein Coding,1.5701904,90
LTBP2,Latent Transforming Growth Factor Beta Binding Protein 2,Protein Coding,1.5701904,89
TRPV1,Transient Receptor Potential Cation Channel Subfamily V Member 1,Protein Coding,1.5701904,89
ADRA1A,Adrenoceptor Alpha 1A,Protein Coding,1.5701904,88
SRD5A3,Steroid 5 Alpha-Reductase 3,Protein Coding,1.5701904,88
FAT4,FAT Atypical Cadherin 4,Protein Coding,1.5701904,87
IGFBP7,Insulin Like Growth Factor Binding Protein 7,Protein Coding,1.5701904,86
TPH1,Tryptophan Hydroxylase 1,Protein Coding,1.5701904,86
APOA4,Apolipoprotein A4,Protein Coding,1.5701904,85
NTN1,Netrin 1,Protein Coding,1.5701904,85
ZIC1,Zic Family Zinc Finger 1,Protein Coding,1.5701904,84
ADAMTS4,ADAM Metallopeptidase With Thrombospondin Type 1 Motif 4,Protein Coding,1.5701904,83
RETREG1,Reticulophagy Regulator 1,Protein Coding,1.5701904,83
WDR48,WD Repeat Domain 48,Protein Coding,1.5701904,83
PLA2G7,Phospholipase A2 Group VII,Protein Coding,1.5701904,82
TNFSF13,TNF Superfamily Member 13,Protein Coding,1.5701904,82
CCNA1,Cyclin A1,Protein Coding,1.5701904,81
CRY1,Cryptochrome Circadian Regulator 1,Protein Coding,1.5701904,81
RUNX1T1,RUNX1 Partner Transcriptional Co-Repressor 1,Protein Coding,1.5701904,81
DUSP4,Dual Specificity Phosphatase 4,Protein Coding,1.5701904,80
ARID4B,AT-Rich Interaction Domain 4B,Protein Coding,1.5701904,79
CRYL1,Crystallin Lambda 1,Protein Coding,1.5701904,79
FBXO32,F-Box Protein 32,Protein Coding,1.5701904,79
SGK3,Serum/Glucocorticoid Regulated Kinase Family Member 3,Protein Coding,1.5701904,78
MMP15,Matrix Metallopeptidase 15,Protein Coding,1.5701904,77
MPRIP,Myosin Phosphatase Rho Interacting Protein,Protein Coding,1.5701904,77
ACSS1,Acyl-CoA Synthetase Short Chain Family Member 1,Protein Coding,1.5701904,76
CHAF1A,Chromatin Assembly Factor 1 Subunit A,Protein Coding,1.5701904,76
EGR3,Early Growth Response 3,Protein Coding,1.5701904,76
FBXW8,F-Box And WD Repeat Domain Containing 8,Protein Coding,1.5701904,76
HBP1,HMG-Box Transcription Factor 1,Protein Coding,1.5701904,76
USF2,"Upstream Transcription Factor 2, C-Fos Interacting",Protein Coding,1.5701904,76
DHRS4,Dehydrogenase/Reductase 4,Protein Coding,1.5701904,74
TSPAN12,Tetraspanin 12,Protein Coding,1.5701904,74
BCAR3,"BCAR3 Adaptor Protein, NSP Family Member",Protein Coding,1.5701904,73
EMP2,Epithelial Membrane Protein 2,Protein Coding,1.5701904,73
VSIR,V-Set Immunoregulatory Receptor,Protein Coding,1.5701904,73
STX6,Syntaxin 6,Protein Coding,1.5701904,72
COLEC12,Collectin Subfamily Member 12,Protein Coding,1.5701904,71
FBXW2,F-Box And WD Repeat Domain Containing 2,Protein Coding,1.5701904,71
FOLR2,Folate Receptor Beta,Protein Coding,1.5701904,71
HOXD3,Homeobox D3,Protein Coding,1.5701904,71
MRC2,Mannose Receptor C-Type 2,Protein Coding,1.5701904,71
NLRC3,NLR Family CARD Domain Containing 3,Protein Coding,1.5701904,71
STAMBPL1,STAM Binding Protein Like 1,Protein Coding,1.5701904,71
CEACAM8,CEA Cell Adhesion Molecule 8,Protein Coding,1.5701904,70
FOXJ2,Forkhead Box J2,Protein Coding,1.5701904,70
PIWIL2,Piwi Like RNA-Mediated Gene Silencing 2,Protein Coding,1.5701904,70
SPOCK1,"SPARC (Osteonectin), Cwcv And Kazal Like Domains Proteoglycan 1",Protein Coding,1.5701904,70
ASF1B,Anti-Silencing Function 1B Histone Chaperone,Protein Coding,1.5701904,69
LOXL4,Lysyl Oxidase Like 4,Protein Coding,1.5701904,69
CD248,CD248 Molecule,Protein Coding,1.5701904,68
ZNF331,Zinc Finger Protein 331,Protein Coding,1.5701904,68
CCL26,C-C Motif Chemokine Ligand 26,Protein Coding,1.5701904,67
LACTB,Lactamase Beta,Protein Coding,1.5701904,67
UFM1,Ubiquitin Fold Modifier 1,Protein Coding,1.5701904,66
PIGC,Phosphatidylinositol Glycan Anchor Biosynthesis Class C,Protein Coding,1.5701904,65
HTRA3,HtrA Serine Peptidase 3,Protein Coding,1.5701904,64
MT1X,Metallothionein 1X,Protein Coding,1.5701904,64
MIR19B1,MicroRNA 19b-1,RNA Gene,1.5701904,63
PROK1,Prokineticin 1,Protein Coding,1.5701904,59
MIR448,MicroRNA 448,RNA Gene,1.5701904,58
FKBP11,FKBP Prolyl Isomerase 11,Protein Coding,1.5701904,57
MIR551A,MicroRNA 551a,RNA Gene,1.5701904,57
POTEF,POTE Ankyrin Domain Family Member F,Protein Coding,1.5701904,57
SH2D4A,SH2 Domain Containing 4A,Protein Coding,1.5701904,57
MIR384,MicroRNA 384,RNA Gene,1.5701904,56
AKIP1,A-Kinase Interacting Protein 1,Protein Coding,1.5701904,55
MIR4516,MicroRNA 4516,RNA Gene,1.5701904,55
MIR3651,MicroRNA 3651,RNA Gene,1.5701904,54
MAFA-AS1,MAFA Antisense RNA 1,RNA Gene,1.5701904,53
MIR1285-1,MicroRNA 1285-1,RNA Gene,1.5701904,53
MIR365B,MicroRNA 365b,RNA Gene,1.5701904,51
MIR630,MicroRNA 630,RNA Gene,1.5701904,51
LNCSRLR,LncRNA Sorafenib Resistance In Renal Cell Carcinoma Associated,RNA Gene,1.5701904,50
MIR3178,MicroRNA 3178,RNA Gene,1.5701904,50
MIR602,MicroRNA 602,RNA Gene,1.5701904,50
MIR23C,MicroRNA 23c,RNA Gene,1.5701904,49
MIR5787,MicroRNA 5787,RNA Gene,1.5701904,49
UGT1A3,UDP Glucuronosyltransferase Family 1 Member A3,Protein Coding,1.5629405,93
EPHB2,EPH Receptor B2,Protein Coding,1.5611598,99
DNM3,Dynamin 3,Protein Coding,1.5611598,86
FBLN2,Fibulin 2,Protein Coding,1.5611598,74
HOOK1,Hook Microtubule Tethering Protein 1,Protein Coding,1.5611598,72
GMDS,"GDP-Mannose 4,6-Dehydratase",Protein Coding,1.5611598,71
SULT1A3,Sulfotransferase Family 1A Member 3,Protein Coding,1.5611598,70
HMGB3,High Mobility Group Box 3,Protein Coding,1.5611598,62
MIR337,MicroRNA 337,RNA Gene,1.5611598,61
SLCO2B1,Solute Carrier Organic Anion Transporter Family Member 2B1,Protein Coding,1.5537122,83
ITGB2,Integrin Subunit Beta 2,Protein Coding,1.5447428,100
NLRP2,NLR Family Pyrin Domain Containing 2,Protein Coding,1.5447428,86
PHLDA2,Pleckstrin Homology Like Domain Family A Member 2,Protein Coding,1.5447428,58
CAPN1,Calpain 1,Protein Coding,1.535573,99
OAT,Ornithine Aminotransferase,Protein Coding,1.535573,94
DOCK1,Dedicator Of Cytokinesis 1,Protein Coding,1.535573,89
GPX2,Glutathione Peroxidase 2,Protein Coding,1.535573,76
MKLN1,Muskelin 1,Protein Coding,1.535573,74
SULT1A4,Sulfotransferase Family 1A Member 4,Protein Coding,1.535573,71
IL27,Interleukin 27,Protein Coding,1.535573,70
HOXB4,Homeobox B4,Protein Coding,1.535573,68
RIDA,Reactive Intermediate Imine Deaminase A,Protein Coding,1.535573,61
EHMT1,Euchromatic Histone Lysine Methyltransferase 1,Protein Coding,1.5354705,100
MCOLN1,Mucolipin TRP Cation Channel 1,Protein Coding,1.5354705,91
C4B,Complement C4B (Chido/Rodgers Blood Group),Protein Coding,1.5354705,90
GRHL2,Grainyhead Like Transcription Factor 2,Protein Coding,1.5354705,81
HHAT,Hedgehog Acyltransferase,Protein Coding,1.5354705,79
CDK16,Cyclin Dependent Kinase 16,Protein Coding,1.5354705,77
FEZF1,FEZ Family Zinc Finger 1,Protein Coding,1.5354705,73
SCARF1,Scavenger Receptor Class F Member 1,Protein Coding,1.5354705,70
AASDH,Aminoadipate-Semialdehyde Dehydrogenase,Protein Coding,1.5354705,65
ACER2,Alkaline Ceramidase 2,Protein Coding,1.5354705,62
MIR3065,MicroRNA 3065,RNA Gene,1.5354705,55
CRMA,Cardiomyocyte Maturation Associated LncRNA,RNA Gene,1.5354705,51
MIR222HG,MiR222/221 Cluster Host Gene,RNA Gene,1.5354705,51
MIR3163,MicroRNA 3163,RNA Gene,1.5354705,51
PWAR6,Prader Willi/Angelman Region RNA 6,RNA Gene,1.5354705,49
LINC00462,Long Intergenic Non-Protein Coding RNA 462,RNA Gene,1.5354705,47
C1QC,Complement C1q C Chain,Protein Coding,1.5313644,90
MAPK13,Mitogen-Activated Protein Kinase 13,Protein Coding,1.5313644,90
FCGR1A,Fc Gamma Receptor Ia,Protein Coding,1.5313644,87
FOXF1,Forkhead Box F1,Protein Coding,1.5313644,86
MAPK4,Mitogen-Activated Protein Kinase 4,Protein Coding,1.5313644,79
EMSY,"EMSY Transcriptional Repressor, BRCA2 Interacting",Protein Coding,1.5313644,71
MUC5AC,"Mucin 5AC, Oligomeric Mucus/Gel-Forming",Protein Coding,1.5263944,81
ASCL1,Achaete-Scute Family BHLH Transcription Factor 1,Protein Coding,1.5263944,78
MAN1A2,Mannosidase Alpha Class 1A Member 2,Protein Coding,1.5263944,75
CLDN18,Claudin 18,Protein Coding,1.5263944,71
BET1L,Bet1 Golgi Vesicular Membrane Trafficking Protein Like,Protein Coding,1.5263944,69
GPX7,Glutathione Peroxidase 7,Protein Coding,1.5263944,67
GLIPR2,GLI Pathogenesis Related 2,Protein Coding,1.5263944,60
PXMP4,Peroxisomal Membrane Protein 4,Protein Coding,1.5263944,52
PIKFYVE,"Phosphoinositide Kinase, FYVE-Type Zinc Finger Containing",Protein Coding,1.5257711,96
SLC5A1,Solute Carrier Family 5 Member 1,Protein Coding,1.5257711,96
SLC12A5,Solute Carrier Family 12 Member 5,Protein Coding,1.5257711,95
DOT1L,DOT1 Like Histone Lysine Methyltransferase,Protein Coding,1.5257711,94
BCAR1,"BCAR1 Scaffold Protein, Cas Family Member",Protein Coding,1.5257711,93
SYNE2,Spectrin Repeat Containing Nuclear Envelope Protein 2,Protein Coding,1.5257711,93
ARNT2,Aryl Hydrocarbon Receptor Nuclear Translocator 2,Protein Coding,1.5257711,92
COMP,Cartilage Oligomeric Matrix Protein,Protein Coding,1.5257711,92
DUOX2,Dual Oxidase 2,Protein Coding,1.5257711,91
RAB11B,"RAB11B, Member RAS Oncogene Family",Protein Coding,1.5257711,90
DNAJC6,DnaJ Heat Shock Protein Family (Hsp40) Member C6,Protein Coding,1.5257711,89
RFX5,Regulatory Factor X5,Protein Coding,1.5257711,88
CCNF,Cyclin F,Protein Coding,1.5257711,86
TRIM27,Tripartite Motif Containing 27,Protein Coding,1.5257711,85
ESRRG,Estrogen Related Receptor Gamma,Protein Coding,1.5257711,84
VANGL1,VANGL Planar Cell Polarity Protein 1,Protein Coding,1.5257711,84
CRHR2,Corticotropin Releasing Hormone Receptor 2,Protein Coding,1.5257711,83
NEXN,Nexilin F-Actin Binding Protein,Protein Coding,1.5257711,83
SGO1,Shugoshin 1,Protein Coding,1.5257711,83
SLIT3,Slit Guidance Ligand 3,Protein Coding,1.5257711,83
TNFRSF14,TNF Receptor Superfamily Member 14,Protein Coding,1.5257711,83
MNDA,Myeloid Cell Nuclear Differentiation Antigen,Protein Coding,1.5257711,82
NCAN,Neurocan,Protein Coding,1.5257711,82
ALX4,ALX Homeobox 4,Protein Coding,1.5257711,81
PRSS3,Serine Protease 3,Protein Coding,1.5257711,81
TARBP2,TARBP2 Subunit Of RISC Loading Complex,Protein Coding,1.5257711,81
TERC,Telomerase RNA Component,RNA Gene,1.5257711,81
CELF2,CUGBP Elav-Like Family Member 2,Protein Coding,1.5257711,80
HMCN1,Hemicentin 1,Protein Coding,1.5257711,80
IRX5,Iroquois Homeobox 5,Protein Coding,1.5257711,80
STK39,Serine/Threonine Kinase 39,Protein Coding,1.5257711,80
ADH1A,"Alcohol Dehydrogenase 1A (Class I), Alpha Polypeptide",Protein Coding,1.5257711,79
APOC1,Apolipoprotein C1,Protein Coding,1.5257711,78
CCN6,Cellular Communication Network Factor 6,Protein Coding,1.5257711,78
RRAGD,Ras Related GTP Binding D,Protein Coding,1.5257711,78
SEPTIN4,Septin 4,Protein Coding,1.5257711,78
TLE4,"TLE Family Member 4, Transcriptional Corepressor",Protein Coding,1.5257711,78
DPYSL3,Dihydropyrimidinase Like 3,Protein Coding,1.5257711,77
SOCS5,Suppressor Of Cytokine Signaling 5,Protein Coding,1.5257711,77
RNF41,Ring Finger Protein 41,Protein Coding,1.5257711,75
UBE3C,Ubiquitin Protein Ligase E3C,Protein Coding,1.5257711,75
CISD2,CDGSH Iron Sulfur Domain 2,Protein Coding,1.5257711,74
INPP4B,Inositol Polyphosphate-4-Phosphatase Type II B,Protein Coding,1.5257711,74
SOX8,SRY-Box Transcription Factor 8,Protein Coding,1.5257711,74
UNC5B,Unc-5 Netrin Receptor B,Protein Coding,1.5257711,74
H2BC8,H2B Clustered Histone 8,Protein Coding,1.5257711,73
KLF7,KLF Transcription Factor 7,Protein Coding,1.5257711,73
APOBEC3F,Apolipoprotein B MRNA Editing Enzyme Catalytic Subunit 3F,Protein Coding,1.5257711,72
H2BC13,H2B Clustered Histone 13,Protein Coding,1.5257711,72
AGXT2,Alanine--Glyoxylate Aminotransferase 2,Protein Coding,1.5257711,71
PARP12,Poly(ADP-Ribose) Polymerase Family Member 12,Protein Coding,1.5257711,71
RAB3D,"RAB3D, Member RAS Oncogene Family",Protein Coding,1.5257711,71
SMG5,SMG5 Nonsense Mediated MRNA Decay Factor,Protein Coding,1.5257711,71
FUT4,Fucosyltransferase 4,Protein Coding,1.5257711,70
HRC,Histidine Rich Calcium Binding Protein,Protein Coding,1.5257711,68
PCDH9,Protocadherin 9,Protein Coding,1.5257711,68
H2BC18,H2B Clustered Histone 18,Protein Coding,1.5257711,67
HEG1,Heart Development Protein With EGF Like Domains 1,Protein Coding,1.5257711,67
HSPA12A,Heat Shock Protein Family A (Hsp70) Member 12A,Protein Coding,1.5257711,67
SIGLEC9,Sialic Acid Binding Ig Like Lectin 9,Protein Coding,1.5257711,67
USP12,Ubiquitin Specific Peptidase 12,Protein Coding,1.5257711,67
LIMCH1,LIM And Calponin Homology Domains 1,Protein Coding,1.5257711,66
TEFM,"Transcription Elongation Factor, Mitochondrial",Protein Coding,1.5257711,66
USP46,Ubiquitin Specific Peptidase 46,Protein Coding,1.5257711,66
MTBP,MDM2 Binding Protein,Protein Coding,1.5257711,65
ZNF384,Zinc Finger Protein 384,Protein Coding,1.5257711,65
MISP,Mitotic Spindle Positioning,Protein Coding,1.5257711,64
TRIM52,Tripartite Motif Containing 52,Protein Coding,1.5257711,64
APOF,Apolipoprotein F,Protein Coding,1.5257711,63
RTKN2,Rhotekin 2,Protein Coding,1.5257711,63
TRIM16,Tripartite Motif Containing 16,Protein Coding,1.5257711,63
PLXDC1,Plexin Domain Containing 1,Protein Coding,1.5257711,61
BTG3,BTG Anti-Proliferation Factor 3,Protein Coding,1.5257711,60
MIR153-1,MicroRNA 153-1,RNA Gene,1.5257711,60
MIR410,MicroRNA 410,RNA Gene,1.5257711,60
PPP1R1A,Protein Phosphatase 1 Regulatory Inhibitor Subunit 1A,Protein Coding,1.5257711,59
AJAP1,Adherens Junctions Associated Protein 1,Protein Coding,1.5257711,58
DIRAS2,DIRAS Family GTPase 2,Protein Coding,1.5257711,58
FSTL5,Follistatin Like 5,Protein Coding,1.5257711,58
MIR4286,MicroRNA 4286,RNA Gene,1.5257711,58
CMTM5,CKLF Like MARVEL Transmembrane Domain Containing 5,Protein Coding,1.5257711,57
MIR625,MicroRNA 625,RNA Gene,1.5257711,57
MIR642A,MicroRNA 642a,RNA Gene,1.5257711,57
MIR1207,MicroRNA 1207,RNA Gene,1.5257711,56
MIR1202,MicroRNA 1202,RNA Gene,1.5257711,55
MIR519A1,MicroRNA 519a-1,RNA Gene,1.5257711,55
MIR576,MicroRNA 576,RNA Gene,1.5257711,55
MIR580,MicroRNA 580,RNA Gene,1.5257711,55
PDZD4,PDZ Domain Containing 4,Protein Coding,1.5257711,55
LINC02875,Long Intergenic Non-Protein Coding RNA 2875,RNA Gene,1.5257711,54
MIR203B,MicroRNA 203b,RNA Gene,1.5257711,54
MIR300,MicroRNA 300,RNA Gene,1.5257711,54
LINC00607,Long Intergenic Non-Protein Coding RNA 607,RNA Gene,1.5257711,53
MIR1179,MicroRNA 1179,RNA Gene,1.5257711,53
MIR376A1,MicroRNA 376a-1,RNA Gene,1.5257711,53
MIR579,MicroRNA 579,RNA Gene,1.5257711,53
MIR888,MicroRNA 888,RNA Gene,1.5257711,53
MIR1276,MicroRNA 1276,RNA Gene,1.5257711,52
MIR2277,MicroRNA 2277,RNA Gene,1.5257711,52
MIR623,MicroRNA 623,RNA Gene,1.5257711,52
MIR663B,MicroRNA 663b,RNA Gene,1.5257711,52
MIR1322,MicroRNA 1322,RNA Gene,1.5257711,51
SNORD50A,"Small Nucleolar RNA, C/D Box 50A",RNA Gene,1.5257711,51
LINC01703,Long Intergenic Non-Protein Coding RNA 1703,RNA Gene,1.5257711,50
MIR519A2,MicroRNA 519a-2,RNA Gene,1.5257711,50
MIR4270,MicroRNA 4270,RNA Gene,1.5257711,49
ST2,Suppression Of Tumorigenicity 2,Genetic Locus,1.5257711,45
MEST,Mesoderm Specific Transcript,Protein Coding,1.5231144,65
CARD11,Caspase Recruitment Domain Family Member 11,Protein Coding,1.519371,99
CHRNA3,Cholinergic Receptor Nicotinic Alpha 3 Subunit,Protein Coding,1.5164306,95
ADRA1D,Adrenoceptor Alpha 1D,Protein Coding,1.5164306,83
SERPINI1,Serpin Family I Member 1,Protein Coding,1.5164306,80
ABCB9,ATP Binding Cassette Subfamily B Member 9,Protein Coding,1.5164306,73
CTRB1,Chymotrypsinogen B1,Protein Coding,1.5164306,69
CTRB2,Chymotrypsinogen B2,Protein Coding,1.5164306,61
SERPINA2,Serpin Family A Member 2 (Gene/Pseudogene),Protein Coding,1.5164306,51
TG,Thyroglobulin,Protein Coding,1.5097849,90
ACAD8,Acyl-CoA Dehydrogenase Family Member 8,Protein Coding,1.5097849,86
SLC25A16,Solute Carrier Family 25 Member 16,Protein Coding,1.5097849,65
ABCC12,ATP Binding Cassette Subfamily C Member 12,Protein Coding,1.5097849,63
WDR83OS,WD Repeat Domain 83 Opposite Strand,Protein Coding,1.5097849,58
GCK,Glucokinase,Protein Coding,1.5086713,100
SCRIB,Scribble Planar Cell Polarity Protein,Protein Coding,1.5086713,88
PSMA1,Proteasome 20S Subunit Alpha 1,Protein Coding,1.5086713,87
HIBCH,3-Hydroxyisobutyryl-CoA Hydrolase,Protein Coding,1.5086713,84
ALDOC,"Aldolase, Fructose-Bisphosphate C",Protein Coding,1.5086713,74
MIR4524A,MicroRNA 4524a,RNA Gene,1.5086713,52
SCT,Secretin,Protein Coding,1.4945804,65
VAV1,Vav Guanine Nucleotide Exchange Factor 1,Protein Coding,1.4920532,100
IFNGR2,Interferon Gamma Receptor 2,Protein Coding,1.4920532,98
POLG2,"DNA Polymerase Gamma 2, Accessory Subunit",Protein Coding,1.4920532,89
IGFALS,Insulin Like Growth Factor Binding Protein Acid Labile Subunit,Protein Coding,1.4920532,78
DLL1,Delta Like Canonical Notch Ligand 1,Protein Coding,1.4823148,95
HEY2,Hes Related Family BHLH Transcription Factor With YRPW Motif 2,Protein Coding,1.4823148,78
AFAP1,Actin Filament Associated Protein 1,Protein Coding,1.4823148,67
ACADM,Acyl-CoA Dehydrogenase Medium Chain,Protein Coding,1.4802288,100
TLK2,Tousled Like Kinase 2,Protein Coding,1.4802288,91
CDC27,Cell Division Cycle 27,Protein Coding,1.4802288,86
PER2,Period Circadian Regulator 2,Protein Coding,1.4802288,86
PSMB1,Proteasome 20S Subunit Beta 1,Protein Coding,1.4802288,83
EEF2K,Eukaryotic Elongation Factor 2 Kinase,Protein Coding,1.4802288,82
YEATS4,YEATS Domain Containing 4,Protein Coding,1.4802288,75
CNN2,Calponin 2,Protein Coding,1.4802288,74
PAFAH1B3,Platelet Activating Factor Acetylhydrolase 1b Catalytic Subunit 3,Protein Coding,1.4802288,73
GSTA4,Glutathione S-Transferase Alpha 4,Protein Coding,1.4802288,71
GZMA,Granzyme A,Protein Coding,1.4802288,70
EHD2,EH Domain Containing 2,Protein Coding,1.4802288,69
PNN,"Pinin, Desmosome Associated Protein",Protein Coding,1.4802288,69
BUD13,BUD13 Spliceosome Associated Protein,Protein Coding,1.4802288,68
IFIT1,Interferon Induced Protein With Tetratricopeptide Repeats 1,Protein Coding,1.4802288,68
MYL12A,Myosin Light Chain 12A,Protein Coding,1.4802288,68
VPS72,Vacuolar Protein Sorting 72 Homolog,Protein Coding,1.4802288,68
TNFRSF19,TNF Receptor Superfamily Member 19,Protein Coding,1.4802288,67
XPO4,Exportin 4,Protein Coding,1.4802288,65
MIR431,MicroRNA 431,RNA Gene,1.4802288,59
TNFAIP8L2,TNF Alpha Induced Protein 8 Like 2,Protein Coding,1.4802288,55
TNKS,Tankyrase,Protein Coding,1.4730815,89
DUOX1,Dual Oxidase 1,Protein Coding,1.4730815,81
MCRS1,Microspherule Protein 1,Protein Coding,1.4730815,79
NPRL2,"NPR2 Like, GATOR1 Complex Subunit",Protein Coding,1.4730815,76
CCL7,C-C Motif Chemokine Ligand 7,Protein Coding,1.4730815,74
GPM6A,Glycoprotein M6A,Protein Coding,1.4730815,70
APOBEC3A,Apolipoprotein B MRNA Editing Enzyme Catalytic Subunit 3A,Protein Coding,1.4730815,69
CADM2,Cell Adhesion Molecule 2,Protein Coding,1.4730815,69
MIR28,MicroRNA 28,RNA Gene,1.4730815,59
PLPPR5,Phospholipid Phosphatase Related 5,Protein Coding,1.4730815,59
PCDH20,Protocadherin 20,Protein Coding,1.4730815,57
ACRBP,Acrosin Binding Protein,Protein Coding,1.4730815,56
KCNK15-AS1,KCNK15 And WISP2 Antisense RNA 1,RNA Gene,1.4730815,53
MIR1299,MicroRNA 1299,RNA Gene,1.4730815,53
LINC01138,Long Intergenic Non-Protein Coding RNA 1138,RNA Gene,1.4730815,52
MIR516A1,MicroRNA 516a-1,RNA Gene,1.4730815,52
C1QTNF1-AS1,C1QTNF1 Antisense RNA 1,RNA Gene,1.4730815,51
ARMC12,Armadillo Repeat Containing 12,Protein Coding,1.4710933,60
PRICKLE4,Prickle Planar Cell Polarity Protein 4,Protein Coding,1.4710933,60
NBPF12,NBPF Member 12,Protein Coding,1.4710933,45
GLIS2,GLIS Family Zinc Finger 2,Protein Coding,1.4656793,81
AICDA,Activation Induced Cytidine Deaminase,Protein Coding,1.4625516,91
LRRK2,Leucine Rich Repeat Kinase 2,Protein Coding,1.4590317,100
NAIP,NLR Family Apoptosis Inhibitory Protein,Protein Coding,1.4590317,76
TARID,TCF21 Antisense RNA Inducing Promoter Demethylation,RNA Gene,1.4590317,65
BIRC8,Baculoviral IAP Repeat Containing 8,Pseudogene,1.4590317,62
MIR1298,MicroRNA 1298,RNA Gene,1.4590317,58
VIM-AS1,VIM Antisense RNA 1,RNA Gene,1.4590317,56
MIR1238,MicroRNA 1238,RNA Gene,1.4590317,53
MIR4721,MicroRNA 4721,RNA Gene,1.4590317,52
L1CAM-AS1,L1CAM Antisense RNA 1,RNA Gene,1.4590317,51
RASSF1-AS1,RASSF1 Antisense RNA 1,RNA Gene,1.4590317,51
DBET,D4Z4 Binding Element Transcript,RNA Gene,1.4590317,50
MIR3918,MicroRNA 3918,RNA Gene,1.4590317,48
GPRACR,GPR107 Adjacent Cis Regulating LncRNA,RNA Gene,1.4590317,45
LINC02394,Long Intergenic Non-Protein Coding RNA 2394,RNA Gene,1.4590317,41
DCC,DCC Netrin 1 Receptor,Protein Coding,1.457728,100
KLK3,Kallikrein Related Peptidase 3,Protein Coding,1.457728,88
MUC4,"Mucin 4, Cell Surface Associated",Protein Coding,1.457728,86
MUC5B,"Mucin 5B, Oligomeric Mucus/Gel-Forming",Protein Coding,1.457728,85
XPR1,Xenotropic And Polytropic Retrovirus Receptor 1,Protein Coding,1.457728,78
CHMP2A,Charged Multivesicular Body Protein 2A,Protein Coding,1.457728,73
MARCHF6,Membrane Associated Ring-CH-Type Finger 6,Protein Coding,1.457728,73
ATP11B,ATPase Phospholipid Transporting 11B (Putative),Protein Coding,1.457728,72
FABP6,Fatty Acid Binding Protein 6,Protein Coding,1.457728,70
CTSE,Cathepsin E,Protein Coding,1.457728,67
MSMB,Microseminoprotein Beta,Protein Coding,1.457728,61
S100PBP,S100P Binding Protein,Protein Coding,1.457728,56
HVBS8,Hepatitis B Virus Integration Site 8,Uncategorized,1.457728,39
MS4A1,Membrane Spanning 4-Domains A1,Protein Coding,1.4544481,86
UCN,Urocortin,Protein Coding,1.4544481,66
ALDH3A2,Aldehyde Dehydrogenase 3 Family Member A2,Protein Coding,1.4499456,100
LRP1,LDL Receptor Related Protein 1,Protein Coding,1.4499456,100
PRKN,Parkin RBR E3 Ubiquitin Protein Ligase,Protein Coding,1.4499456,100
NR4A2,Nuclear Receptor Subfamily 4 Group A Member 2,Protein Coding,1.4499456,96
APRT,Adenine Phosphoribosyltransferase,Protein Coding,1.4499456,94
SMN1,"Survival Of Motor Neuron 1, Telomeric",Protein Coding,1.4499456,94
RAB18,"RAB18, Member RAS Oncogene Family",Protein Coding,1.4499456,93
PABPN1,Poly(A) Binding Protein Nuclear 1,Protein Coding,1.4499456,92
SORD,Sorbitol Dehydrogenase,Protein Coding,1.4499456,92
EPHA1,EPH Receptor A1,Protein Coding,1.4499456,89
EIF3F,Eukaryotic Translation Initiation Factor 3 Subunit F,Protein Coding,1.4499456,88
PLA2G2A,Phospholipase A2 Group IIA,Protein Coding,1.4499456,86
VPS4A,Vacuolar Protein Sorting 4 Homolog A,Protein Coding,1.4499456,86
PSMB7,Proteasome 20S Subunit Beta 7,Protein Coding,1.4499456,85
SBDS,SBDS Ribosome Maturation Factor,Protein Coding,1.4499456,85
SEMA3F,Semaphorin 3F,Protein Coding,1.4499456,84
CBX5,Chromobox 5,Protein Coding,1.4499456,83
PSIP1,PC4 And SRSF1 Interacting Protein 1,Protein Coding,1.4499456,83
SDC4,Syndecan 4,Protein Coding,1.4499456,83
P4HA1,Prolyl 4-Hydroxylase Subunit Alpha 1,Protein Coding,1.4499456,82
GBP1,Guanylate Binding Protein 1,Protein Coding,1.4499456,81
ETV5,ETS Variant Transcription Factor 5,Protein Coding,1.4499456,80
KIF3B,Kinesin Family Member 3B,Protein Coding,1.4499456,80
NUP37,Nucleoporin 37,Protein Coding,1.4499456,80
SEPTIN2,Septin 2,Protein Coding,1.4499456,80
COPS3,COP9 Signalosome Subunit 3,Protein Coding,1.4499456,79
EXOSC5,Exosome Component 5,Protein Coding,1.4499456,78
ARF5,ARF GTPase 5,Protein Coding,1.4499456,77
IRF2BP2,Interferon Regulatory Factor 2 Binding Protein 2,Protein Coding,1.4499456,77
CDCA7,Cell Division Cycle Associated 7,Protein Coding,1.4499456,76
MRPL12,Mitochondrial Ribosomal Protein L12,Protein Coding,1.4499456,76
SEC22B,"SEC22 Homolog B, Vesicle Trafficking Protein",Protein Coding,1.4499456,76
TRIM71,Tripartite Motif Containing 71,Protein Coding,1.4499456,76
EEF1E1,Eukaryotic Translation Elongation Factor 1 Epsilon 1,Protein Coding,1.4499456,75
HKDC1,Hexokinase Domain Containing 1,Protein Coding,1.4499456,75
ACOT1,Acyl-CoA Thioesterase 1,Protein Coding,1.4499456,73
DDIT4,DNA Damage Inducible Transcript 4,Protein Coding,1.4499456,73
HOXA5,Homeobox A5,Protein Coding,1.4499456,72
C1GALT1,"Core 1 Synthase, Glycoprotein-N-Acetylgalactosamine 3-Beta-Galactosyltransferase 1",Protein Coding,1.4499456,70
SMOX,Spermine Oxidase,Protein Coding,1.4499456,69
H3C14,H3 Clustered Histone 14,Protein Coding,1.4499456,68
GNL3L,G Protein Nucleolar 3 Like,Protein Coding,1.4499456,66
MYL6B,Myosin Light Chain 6B,Protein Coding,1.4499456,66
UFL1,UFM1 Specific Ligase 1,Protein Coding,1.4499456,66
TRMT61A,TRNA Methyltransferase 61A,Protein Coding,1.4499456,65
CD99,CD99 Molecule (Xg Blood Group),Protein Coding,1.4499456,63
SPA17,Sperm Autoantigenic Protein 17,Protein Coding,1.4499456,63
TKTL1,Transketolase Like 1,Protein Coding,1.4499456,63
KRT23,Keratin 23,Protein Coding,1.4499456,59
MAGEC1,MAGE Family Member C1,Protein Coding,1.4499456,57
ACYP1,Acylphosphatase 1,Protein Coding,1.4499456,56
JPT2,Jupiter Microtubule Associated Homolog 2,Protein Coding,1.4499456,55
SELENOH,Selenoprotein H,Protein Coding,1.4499456,48
PBDC1,Polysaccharide Biosynthesis Domain Containing 1,Protein Coding,1.4499456,45
RBL1,RB Transcriptional Corepressor Like 1,Protein Coding,1.4477227,84
DRD1,Dopamine Receptor D1,Protein Coding,1.4285396,87
FGFRL1,Fibroblast Growth Factor Receptor Like 1,Protein Coding,1.4285396,86
BCR,BCR Activator Of RhoGEF And GTPase,Protein Coding,1.4233868,99
GP6,Glycoprotein VI Platelet,Protein Coding,1.4233868,90
OBSL1,Obscurin Like Cytoskeletal Adaptor 1,Protein Coding,1.4233868,88
NLRP7,NLR Family Pyrin Domain Containing 7,Protein Coding,1.4233868,87
SGCE,Sarcoglycan Epsilon,Protein Coding,1.4233868,83
PLAGL1,PLAG1 Like Zinc Finger 1,Protein Coding,1.4233868,80
LRRC8E,Leucine Rich Repeat Containing 8 VRAC Subunit E,Protein Coding,1.4233868,66
GNAS-AS1,GNAS Antisense RNA 1,RNA Gene,1.4233868,65
WDR20,WD Repeat Domain 20,Protein Coding,1.4233868,65
FGF7,Fibroblast Growth Factor 7,Protein Coding,1.421752,82
SLC1A3,Solute Carrier Family 1 Member 3,Protein Coding,1.4174103,100
CYB5R3,Cytochrome B5 Reductase 3,Protein Coding,1.4174103,99
THRA,Thyroid Hormone Receptor Alpha,Protein Coding,1.4174103,95
MCCC1,Methylcrotonyl-CoA Carboxylase Subunit 1,Protein Coding,1.4174103,94
BRPF1,Bromodomain And PHD Finger Containing 1,Protein Coding,1.4174103,92
TUSC3,Tumor Suppressor Candidate 3,Protein Coding,1.4174103,92
RXRB,Retinoid X Receptor Beta,Protein Coding,1.4174103,91
VARS1,Valyl-TRNA Synthetase 1,Protein Coding,1.4174103,91
ALDH4A1,Aldehyde Dehydrogenase 4 Family Member A1,Protein Coding,1.4174103,90
PSMD12,"Proteasome 26S Subunit, Non-ATPase 12",Protein Coding,1.4174103,90
PTPN2,Protein Tyrosine Phosphatase Non-Receptor Type 2,Protein Coding,1.4174103,90
RPL27,Ribosomal Protein L27,Protein Coding,1.4174103,90
EIF2B4,Eukaryotic Translation Initiation Factor 2B Subunit Delta,Protein Coding,1.4174103,89
PSMC5,"Proteasome 26S Subunit, ATPase 5",Protein Coding,1.4174103,89
TBCD,Tubulin Folding Cofactor D,Protein Coding,1.4174103,89
AASS,Aminoadipate-Semialdehyde Synthase,Protein Coding,1.4174103,88
ARL3,ARF Like GTPase 3,Protein Coding,1.4174103,88
CIC,Capicua Transcriptional Repressor,Protein Coding,1.4174103,88
AGTR2,Angiotensin II Receptor Type 2,Protein Coding,1.4174103,86
FKBP5,FKBP Prolyl Isomerase 5,Protein Coding,1.4174103,86
PPP2R2A,Protein Phosphatase 2 Regulatory Subunit Balpha,Protein Coding,1.4174103,86
MDH1,Malate Dehydrogenase 1,Protein Coding,1.4174103,85
DDX23,DEAD-Box Helicase 23,Protein Coding,1.4174103,84
RDH11,Retinol Dehydrogenase 11,Protein Coding,1.4174103,84
ELK1,ETS Transcription Factor ELK1,Protein Coding,1.4174103,83
GTF2B,General Transcription Factor IIB,Protein Coding,1.4174103,83
CDC16,Cell Division Cycle 16,Protein Coding,1.4174103,82
GATAD2A,GATA Zinc Finger Domain Containing 2A,Protein Coding,1.4174103,82
DUSP10,Dual Specificity Phosphatase 10,Protein Coding,1.4174103,81
ESPN,Espin,Protein Coding,1.4174103,81
GEMIN4,Gem Nuclear Organelle Associated Protein 4,Protein Coding,1.4174103,81
SULT2B1,Sulfotransferase Family 2B Member 1,Protein Coding,1.4174103,81
ELF3,E74 Like ETS Transcription Factor 3,Protein Coding,1.4174103,80
SLC26A6,Solute Carrier Family 26 Member 6,Protein Coding,1.4174103,80
ETF1,Eukaryotic Translation Termination Factor 1,Protein Coding,1.4174103,79
RPA3,Replication Protein A3,Protein Coding,1.4174103,79
SRD5A1,Steroid 5 Alpha-Reductase 1,Protein Coding,1.4174103,79
TOMM70,Translocase Of Outer Mitochondrial Membrane 70,Protein Coding,1.4174103,79
CYP26A1,Cytochrome P450 Family 26 Subfamily A Member 1,Protein Coding,1.4174103,78
F2RL3,F2R Like Thrombin Or Trypsin Receptor 3,Protein Coding,1.4174103,78
HSPA2,Heat Shock Protein Family A (Hsp70) Member 2,Protein Coding,1.4174103,78
XRN2,5'-3' Exoribonuclease 2,Protein Coding,1.4174103,78
RIOK1,RIO Kinase 1,Protein Coding,1.4174103,77
CBLL1,Cbl Proto-Oncogene Like 1,Protein Coding,1.4174103,76
CPSF7,Cleavage And Polyadenylation Specific Factor 7,Protein Coding,1.4174103,76
ECH1,Enoyl-CoA Hydratase 1,Protein Coding,1.4174103,76
MRPL3,Mitochondrial Ribosomal Protein L3,Protein Coding,1.4174103,76
PPP1R10,Protein Phosphatase 1 Regulatory Subunit 10,Protein Coding,1.4174103,76
TWIST2,Twist Family BHLH Transcription Factor 2,Protein Coding,1.4174103,76
ATXN10,Ataxin 10,Protein Coding,1.4174103,75
CDC40,Cell Division Cycle 40,Protein Coding,1.4174103,75
DIS3,DIS3 Exosome Endoribonuclease And 3'-5' Exoribonuclease,Protein Coding,1.4174103,75
LRRFIP1,LRR Binding FLII Interacting Protein 1,Protein Coding,1.4174103,75
MTIF2,Mitochondrial Translational Initiation Factor 2,Protein Coding,1.4174103,75
PSME1,Proteasome Activator Subunit 1,Protein Coding,1.4174103,75
SNX1,Sorting Nexin 1,Protein Coding,1.4174103,75
DAZAP1,DAZ Associated Protein 1,Protein Coding,1.4174103,74
GAR1,GAR1 Ribonucleoprotein,Protein Coding,1.4174103,74
MAFG,MAF BZIP Transcription Factor G,Protein Coding,1.4174103,74
MLX,MAX Dimerization Protein MLX,Protein Coding,1.4174103,74
SNX2,Sorting Nexin 2,Protein Coding,1.4174103,74
ABCB5,ATP Binding Cassette Subfamily B Member 5,Protein Coding,1.4174103,73
RAB43,"RAB43, Member RAS Oncogene Family",Protein Coding,1.4174103,73
TOMM20,Translocase Of Outer Mitochondrial Membrane 20,Protein Coding,1.4174103,73
CKAP2L,Cytoskeleton Associated Protein 2 Like,Protein Coding,1.4174103,72
GTF3C2,General Transcription Factor IIIC Subunit 2,Protein Coding,1.4174103,72
IVNS1ABP,Influenza Virus NS1A Binding Protein,Protein Coding,1.4174103,72
KRR1,KRR1 Small Subunit Processome Component,Protein Coding,1.4174103,72
MPZL1,Myelin Protein Zero Like 1,Protein Coding,1.4174103,72
NFIL3,"Nuclear Factor, Interleukin 3 Regulated",Protein Coding,1.4174103,72
PECR,Peroxisomal Trans-2-Enoyl-CoA Reductase,Protein Coding,1.4174103,72
RAB24,"RAB24, Member RAS Oncogene Family",Protein Coding,1.4174103,72
FBXO2,F-Box Protein 2,Protein Coding,1.4174103,71
PPIL3,Peptidylprolyl Isomerase Like 3,Protein Coding,1.4174103,71
RSRC1,Arginine And Serine Rich Coiled-Coil 1,Protein Coding,1.4174103,71
SEC61B,SEC61 Translocon Subunit Beta,Protein Coding,1.4174103,71
WDR43,WD Repeat Domain 43,Protein Coding,1.4174103,71
BUD23,BUD23 RRNA Methyltransferase And Ribosome Maturation Factor,Protein Coding,1.4174103,70
CLEC4C,C-Type Lectin Domain Family 4 Member C,Protein Coding,1.4174103,70
DECR2,"2,4-Dienoyl-CoA Reductase 2",Protein Coding,1.4174103,70
ATP5ME,ATP Synthase Membrane Subunit E,Protein Coding,1.4174103,69
ENOPH1,Enolase-Phosphatase 1,Protein Coding,1.4174103,69
H3C13,H3 Clustered Histone 13,Protein Coding,1.4174103,69
NOP14,NOP14 Nucleolar Protein,Protein Coding,1.4174103,69
TNFSF9,TNF Superfamily Member 9,Protein Coding,1.4174103,68
CPA4,Carboxypeptidase A4,Protein Coding,1.4174103,67
DNAJC9,DnaJ Heat Shock Protein Family (Hsp40) Member C9,Protein Coding,1.4174103,67
PFDN2,Prefoldin Subunit 2,Protein Coding,1.4174103,67
LSG1,Large 60S Subunit Nuclear Export GTPase 1,Protein Coding,1.4174103,66
LUC7L,LUC7 Like,Protein Coding,1.4174103,65
RRP12,Ribosomal RNA Processing 12 Homolog,Protein Coding,1.4174103,65
CDC123,Cell Division Cycle 123,Protein Coding,1.4174103,64
CLGN,Calmegin,Protein Coding,1.4174103,64
DUSP11,Dual Specificity Phosphatase 11,Protein Coding,1.4174103,64
HMGN2,High Mobility Group Nucleosomal Binding Domain 2,Protein Coding,1.4174103,64
PRRC2C,Proline Rich Coiled-Coil 2C,Protein Coding,1.4174103,64
LTV1,LTV1 Ribosome Biogenesis Factor,Protein Coding,1.4174103,63
CRIP2,Cysteine Rich Protein 2,Protein Coding,1.4174103,62
PRPF38A,Pre-MRNA Processing Factor 38A,Protein Coding,1.4174103,62
CFAP20,Cilia And Flagella Associated Protein 20,Protein Coding,1.4174103,61
CHCHD1,Coiled-Coil-Helix-Coiled-Coil-Helix Domain Containing 1,Protein Coding,1.4174103,60
MUC15,"Mucin 15, Cell Surface Associated",Protein Coding,1.4174103,60
UTP3,UTP3 Small Subunit Processome Component,Protein Coding,1.4174103,60
WDR70,WD Repeat Domain 70,Protein Coding,1.4174103,60
DNTTIP2,Deoxynucleotidyltransferase Terminal Interacting Protein 2,Protein Coding,1.4174103,59
EMP3,Epithelial Membrane Protein 3 (MAM Blood Group),Protein Coding,1.4174103,59
SLC38A10,Solute Carrier Family 38 Member 10,Protein Coding,1.4174103,59
GIPC2,GIPC PDZ Domain Containing Family Member 2,Protein Coding,1.4174103,58
MIR3619,MicroRNA 3619,RNA Gene,1.4174103,58
TOMM34,Translocase Of Outer Mitochondrial Membrane 34,Protein Coding,1.4174103,58
ADM2,Adrenomedullin 2,Protein Coding,1.4174103,57
FAM32A,Family With Sequence Similarity 32 Member A,Protein Coding,1.4174103,57
DDIAS,DNA Damage Induced Apoptosis Suppressor,Protein Coding,1.4174103,54
MIR3200,MicroRNA 3200,RNA Gene,1.4174103,54
RSRC2,Arginine And Serine Rich Coiled-Coil 2,Protein Coding,1.4174103,54
SKAP1-AS2,SKAP1 Antisense RNA 2,RNA Gene,1.4174103,53
MIR3666,MicroRNA 3666,RNA Gene,1.4174103,51
C1QTNF6,C1q And TNF Related 6,Protein Coding,1.4174103,50
TNFAIP8L1,TNF Alpha Induced Protein 8 Like 1,Protein Coding,1.4174103,49
CCDC157,Coiled-Coil Domain Containing 157,Protein Coding,1.4174103,41
CYBA,Cytochrome B-245 Alpha Chain,Protein Coding,1.4131474,98
CBR3,Carbonyl Reductase 3,Protein Coding,1.4131474,70
LOC110006319,Beta-Globin Gene 3' Regulatory Region,Functional Element,1.4048893,61
WDR19,WD Repeat Domain 19,Protein Coding,1.3879368,88
F10,Coagulation Factor X,Protein Coding,1.3820301,100
HK1,Hexokinase 1,Protein Coding,1.3820301,100
HADH,Hydroxyacyl-CoA Dehydrogenase,Protein Coding,1.3820301,99
PCCA,Propionyl-CoA Carboxylase Subunit Alpha,Protein Coding,1.3820301,99
CUX1,Cut Like Homeobox 1,Protein Coding,1.3820301,98
DST,Dystonin,Protein Coding,1.3820301,98
GPHN,Gephyrin,Protein Coding,1.3820301,98
LIG3,DNA Ligase 3,Protein Coding,1.3820301,98
ALPL,"Alkaline Phosphatase, Biomineralization Associated",Protein Coding,1.3820301,97
C1R,Complement C1r,Protein Coding,1.3820301,97
SMC3,Structural Maintenance Of Chromosomes 3,Protein Coding,1.3820301,97
GSS,Glutathione Synthetase,Protein Coding,1.3820301,96
AKAP9,A-Kinase Anchoring Protein 9,Protein Coding,1.3820301,95
CCNH,Cyclin H,Protein Coding,1.3820301,95
PINK1,PTEN Induced Kinase 1,Protein Coding,1.3820301,95
POLR3A,RNA Polymerase III Subunit A,Protein Coding,1.3820301,95
TAF4,TATA-Box Binding Protein Associated Factor 4,Protein Coding,1.3820301,95
C7,Complement C7,Protein Coding,1.3820301,94
LARS1,Leucyl-TRNA Synthetase 1,Protein Coding,1.3820301,94
SGPL1,Sphingosine-1-Phosphate Lyase 1,Protein Coding,1.3820301,94
SPAST,Spastin,Protein Coding,1.3820301,94
WFS1,Wolframin ER Transmembrane Glycoprotein,Protein Coding,1.3820301,94
CHD1,Chromodomain Helicase DNA Binding Protein 1,Protein Coding,1.3820301,93
FBXW11,F-Box And WD Repeat Domain Containing 11,Protein Coding,1.3820301,93
PLOD3,"Procollagen-Lysine,2-Oxoglutarate 5-Dioxygenase 3",Protein Coding,1.3820301,93
ATP6V1E1,ATPase H+ Transporting V1 Subunit E1,Protein Coding,1.3820301,92
DDX41,DEAD-Box Helicase 41,Protein Coding,1.3820301,92
GCDH,Glutaryl-CoA Dehydrogenase,Protein Coding,1.3820301,92
KDM4B,Lysine Demethylase 4B,Protein Coding,1.3820301,92
PNPT1,Polyribonucleotide Nucleotidyltransferase 1,Protein Coding,1.3820301,92
SMARCD1,SWI/SNF Related BAF Chromatin Remodeling Complex Subunit D1,Protein Coding,1.3820301,92
SRP54,Signal Recognition Particle 54,Protein Coding,1.3820301,92
STT3B,STT3 Oligosaccharyltransferase Complex Catalytic Subunit B,Protein Coding,1.3820301,92
ASH1L,ASH1 Like Histone Lysine Methyltransferase,Protein Coding,1.3820301,91
ATP6AP1,ATPase H+ Transporting Accessory Protein 1,Protein Coding,1.3820301,91
FLI1,"Fli-1 Proto-Oncogene, ETS Transcription Factor",Protein Coding,1.3820301,91
MDC1,Mediator Of DNA Damage Checkpoint 1,Protein Coding,1.3820301,91
MTM1,Myotubularin 1,Protein Coding,1.3820301,91
TNFRSF1B,TNF Receptor Superfamily Member 1B,Protein Coding,1.3820301,91
TUBB8,Tubulin Beta 8 Class VIII,Protein Coding,1.3820301,91
CASP6,Caspase 6,Protein Coding,1.3820301,90
CTSS,Cathepsin S,Protein Coding,1.3820301,90
NNT,Nicotinamide Nucleotide Transhydrogenase,Protein Coding,1.3820301,90
RHEB,"Ras Homolog, MTORC1 Binding",Protein Coding,1.3820301,90
ATF1,Activating Transcription Factor 1,Protein Coding,1.3820301,89
CFL2,Cofilin 2,Protein Coding,1.3820301,89
NDUFA9,NADH:Ubiquinone Oxidoreductase Subunit A9,Protein Coding,1.3820301,89
SCO2,Synthesis Of Cytochrome C Oxidase 2,Protein Coding,1.3820301,89
VAC14,VAC14 Component Of PIKFYVE Complex,Protein Coding,1.3820301,89
BAZ1B,Bromodomain Adjacent To Zinc Finger Domain 1B,Protein Coding,1.3820301,88
CAMK4,Calcium/Calmodulin Dependent Protein Kinase IV,Protein Coding,1.3820301,88
ELP1,Elongator Acetyltransferase Complex Subunit 1,Protein Coding,1.3820301,88
GRB7,Growth Factor Receptor Bound Protein 7,Protein Coding,1.3820301,88
GTF2E2,General Transcription Factor IIE Subunit 2,Protein Coding,1.3820301,88
JMJD1C,Jumonji Domain Containing 1C,Protein Coding,1.3820301,88
LARP7,"La Ribonucleoprotein 7, Transcriptional Regulator",Protein Coding,1.3820301,88
PKP1,Plakophilin 1,Protein Coding,1.3820301,88
PNPO,Pyridoxamine 5'-Phosphate Oxidase,Protein Coding,1.3820301,88
WASF1,WASP Family Member 1,Protein Coding,1.3820301,88
ACY1,Aminoacylase 1,Protein Coding,1.3820301,87
DNAJB6,DnaJ Heat Shock Protein Family (Hsp40) Member B6,Protein Coding,1.3820301,87
LARS2,"Leucyl-TRNA Synthetase 2, Mitochondrial",Protein Coding,1.3820301,87
PPP5C,Protein Phosphatase 5 Catalytic Subunit,Protein Coding,1.3820301,87
RPS29,Ribosomal Protein S29,Protein Coding,1.3820301,87
SARS2,"Seryl-TRNA Synthetase 2, Mitochondrial",Protein Coding,1.3820301,87
SMCHD1,Structural Maintenance Of Chromosomes Flexible Hinge Domain Containing 1,Protein Coding,1.3820301,87
STRN,Striatin,Protein Coding,1.3820301,87
ALDH6A1,Aldehyde Dehydrogenase 6 Family Member A1,Protein Coding,1.3820301,86
CLASP2,Cytoplasmic Linker Associated Protein 2,Protein Coding,1.3820301,86
MAP3K4,Mitogen-Activated Protein Kinase Kinase Kinase 4,Protein Coding,1.3820301,86
MED1,Mediator Complex Subunit 1,Protein Coding,1.3820301,86
PITRM1,Pitrilysin Metallopeptidase 1,Protein Coding,1.3820301,86
PLK2,Polo Like Kinase 2,Protein Coding,1.3820301,86
POLD3,"DNA Polymerase Delta 3, Accessory Subunit",Protein Coding,1.3820301,86
TET3,Tet Methylcytosine Dioxygenase 3,Protein Coding,1.3820301,86
ETHE1,ETHE1 Persulfide Dioxygenase,Protein Coding,1.3820301,85
PIP4K2A,Phosphatidylinositol-5-Phosphate 4-Kinase Type 2 Alpha,Protein Coding,1.3820301,85
SLC39A7,Solute Carrier Family 39 Member 7,Protein Coding,1.3820301,85
TOLLIP,Toll Interacting Protein,Protein Coding,1.3820301,85
DUSP3,Dual Specificity Phosphatase 3,Protein Coding,1.3820301,84
FRAS1,Fraser Extracellular Matrix Complex Subunit 1,Protein Coding,1.3820301,84
H3-3B,H3.3 Histone B,Protein Coding,1.3820301,84
IMPA1,Inositol Monophosphatase 1,Protein Coding,1.3820301,84
UBIAD1,UbiA Prenyltransferase Domain Containing 1,Protein Coding,1.3820301,84
ADAM12,ADAM Metallopeptidase Domain 12,Protein Coding,1.3820301,83
ANAPC1,Anaphase Promoting Complex Subunit 1,Protein Coding,1.3820301,83
CNOT2,CCR4-NOT Transcription Complex Subunit 2,Protein Coding,1.3820301,83
COQ8A,Coenzyme Q8A,Protein Coding,1.3820301,83
ERLIN1,ER Lipid Raft Associated 1,Protein Coding,1.3820301,83
GPD1L,Glycerol-3-Phosphate Dehydrogenase 1 Like,Protein Coding,1.3820301,83
NUBPL,"NUBP Iron-Sulfur Cluster Assembly Factor, Mitochondrial",Protein Coding,1.3820301,83
PDCD10,Programmed Cell Death 10,Protein Coding,1.3820301,83
PSMA2,Proteasome 20S Subunit Alpha 2,Protein Coding,1.3820301,83
DUT,Deoxyuridine Triphosphatase,Protein Coding,1.3820301,82
EOMES,Eomesodermin,Protein Coding,1.3820301,82
ESPL1,"Extra Spindle Pole Bodies Like 1, Separase",Protein Coding,1.3820301,82
FARP1,"FERM, ARH/RhoGEF And Pleckstrin Domain Protein 1",Protein Coding,1.3820301,82
HNMT,Histamine N-Methyltransferase,Protein Coding,1.3820301,82
PHC2,Polyhomeotic Homolog 2,Protein Coding,1.3820301,82
ALOX5AP,Arachidonate 5-Lipoxygenase Activating Protein,Protein Coding,1.3820301,81
ARHGAP9,Rho GTPase Activating Protein 9,Protein Coding,1.3820301,81
RNPS1,RNA Binding Protein With Serine Rich Domain 1,Protein Coding,1.3820301,81
XIRP2,Xin Actin Binding Repeat Containing 2,Protein Coding,1.3820301,81
MDN1,Midasin AAA ATPase 1,Protein Coding,1.3820301,80
PUS7,Pseudouridine Synthase 7,Protein Coding,1.3820301,80
REPS1,RALBP1 Associated Eps Domain Containing 1,Protein Coding,1.3820301,80
SMN2,"Survival Of Motor Neuron 2, Centromeric",Protein Coding,1.3820301,80
TKFC,Triokinase And FMN Cyclase,Protein Coding,1.3820301,80
TMED7,Transmembrane P24 Trafficking Protein 7,Protein Coding,1.3820301,80
TMEM237,Transmembrane Protein 237,Protein Coding,1.3820301,80
TOE1,"Target Of EGR1, Exonuclease",Protein Coding,1.3820301,80
NEMF,Nuclear Export Mediator Factor,Protein Coding,1.3820301,79
UQCRFS1,"Ubiquinol-Cytochrome C Reductase, Rieske Iron-Sulfur Polypeptide 1",Protein Coding,1.3820301,79
ACOT2,Acyl-CoA Thioesterase 2,Protein Coding,1.3820301,78
CDKAL1,CDKAL1 Threonylcarbamoyladenosine TRNA Methylthiotransferase,Protein Coding,1.3820301,78
CSNK1G3,Casein Kinase 1 Gamma 3,Protein Coding,1.3820301,78
IGFBP5,Insulin Like Growth Factor Binding Protein 5,Protein Coding,1.3820301,78
OGA,O-GlcNAcase,Protein Coding,1.3820301,78
MGA,MAX Dimerization Protein MGA,Protein Coding,1.3820301,77
PDE4DIP,Phosphodiesterase 4D Interacting Protein,Protein Coding,1.3820301,77
POLR2H,"RNA Polymerase II, I And III Subunit H",Protein Coding,1.3820301,77
PPAT,Phosphoribosyl Pyrophosphate Amidotransferase,Protein Coding,1.3820301,77
PRIM2,DNA Primase Subunit 2,Protein Coding,1.3820301,77
RAB13,"RAB13, Member RAS Oncogene Family",Protein Coding,1.3820301,77
SAP18,Sin3A Associated Protein 18,Protein Coding,1.3820301,77
SCYL2,SCY1 Like Pseudokinase 2,Protein Coding,1.3820301,77
CLINT1,Clathrin Interactor 1,Protein Coding,1.3820301,76
IL23A,Interleukin 23 Subunit Alpha,Protein Coding,1.3820301,76
MPST,Mercaptopyruvate Sulfurtransferase,Protein Coding,1.3820301,76
RIOK2,RIO Kinase 2,Protein Coding,1.3820301,76
SLAMF7,SLAM Family Member 7,Protein Coding,1.3820301,76
SMG6,SMG6 Nonsense Mediated MRNA Decay Factor,Protein Coding,1.3820301,76
BOP1,BOP1 Ribosomal Biogenesis Factor,Protein Coding,1.3820301,75
CREB5,CAMP Responsive Element Binding Protein 5,Protein Coding,1.3820301,75
DDX10,DEAD-Box Helicase 10,Protein Coding,1.3820301,75
DRG2,Developmentally Regulated GTP Binding Protein 2,Protein Coding,1.3820301,75
FBXW5,F-Box And WD Repeat Domain Containing 5,Protein Coding,1.3820301,75
LIPH,Lipase H,Protein Coding,1.3820301,75
MACROD1,Mono-ADP Ribosylhydrolase 1,Protein Coding,1.3820301,75
MIA2,MIA SH3 Domain ER Export Factor 2,Protein Coding,1.3820301,75
NUP58,Nucleoporin 58,Protein Coding,1.3820301,75
ORM2,Orosomucoid 2,Protein Coding,1.3820301,75
PAPSS1,3'-Phosphoadenosine 5'-Phosphosulfate Synthase 1,Protein Coding,1.3820301,75
PPIL1,Peptidylprolyl Isomerase Like 1,Protein Coding,1.3820301,75
PTPMT1,Protein Tyrosine Phosphatase Mitochondrial 1,Protein Coding,1.3820301,75
USP34,Ubiquitin Specific Peptidase 34,Protein Coding,1.3820301,75
VPS4B,Vacuolar Protein Sorting 4 Homolog B,Protein Coding,1.3820301,75
WBP11,WW Domain Binding Protein 11,Protein Coding,1.3820301,75
WDR6,WD Repeat Domain 6,Protein Coding,1.3820301,75
CROCC,"Ciliary Rootlet Coiled-Coil, Rootletin",Protein Coding,1.3820301,74
DBR1,Debranching RNA Lariats 1,Protein Coding,1.3820301,74
DMAP1,DNA Methyltransferase 1 Associated Protein 1,Protein Coding,1.3820301,74
ECI1,Enoyl-CoA Delta Isomerase 1,Protein Coding,1.3820301,74
GSTK1,Glutathione S-Transferase Kappa 1,Protein Coding,1.3820301,74
KLRC1,Killer Cell Lectin Like Receptor C1,Protein Coding,1.3820301,74
LSM4,"LSM4 Homolog, U6 Small Nuclear RNA And MRNA Degradation Associated",Protein Coding,1.3820301,74
PHLDB2,Pleckstrin Homology Like Domain Family B Member 2,Protein Coding,1.3820301,74
SNX6,Sorting Nexin 6,Protein Coding,1.3820301,74
SUGT1,SGT1 Assembly Cochaperone Of MIS12 Kinetochore Complex,Protein Coding,1.3820301,74
TRMT10C,"TRNA Methyltransferase 10C, Mitochondrial RNase P Subunit",Protein Coding,1.3820301,74
WDR83,WD Repeat Domain 83,Protein Coding,1.3820301,74
CEP170,Centrosomal Protein 170,Protein Coding,1.3820301,73
COPS8,COP9 Signalosome Subunit 8,Protein Coding,1.3820301,73
GTF2F2,General Transcription Factor IIF Subunit 2,Protein Coding,1.3820301,73
HMGN1,High Mobility Group Nucleosome Binding Domain 1,Protein Coding,1.3820301,73
ADH6,Alcohol Dehydrogenase 6 (Class V),Protein Coding,1.3820301,72
ARHGDIB,Rho GDP Dissociation Inhibitor Beta,Protein Coding,1.3820301,72
CHAF1B,Chromatin Assembly Factor 1 Subunit B,Protein Coding,1.3820301,72
CHMP4C,Charged Multivesicular Body Protein 4C,Protein Coding,1.3820301,72
CRIPT,CXXC Repeat Containing Interactor Of PDZ3 Domain,Protein Coding,1.3820301,72
EIF4E2,Eukaryotic Translation Initiation Factor 4E Family Member 2,Protein Coding,1.3820301,72
HABP4,Hyaluronan Binding Protein 4,Protein Coding,1.3820301,72
ING3,Inhibitor Of Growth Family Member 3,Protein Coding,1.3820301,72
INHBB,Inhibin Subunit Beta B,Protein Coding,1.3820301,72
LRRC41,Leucine Rich Repeat Containing 41,Protein Coding,1.3820301,72
NFX1,"Nuclear Transcription Factor, X-Box Binding 1",Protein Coding,1.3820301,72
SPTLC3,Serine Palmitoyltransferase Long Chain Base Subunit 3,Protein Coding,1.3820301,72
SUPT6H,"SPT6 Homolog, Histone Chaperone And Transcription Elongation Factor",Protein Coding,1.3820301,72
SYNM,Synemin,Protein Coding,1.3820301,72
WDR33,WD Repeat Domain 33,Protein Coding,1.3820301,72
CXCL3,C-X-C Motif Chemokine Ligand 3,Protein Coding,1.3820301,71
DDAH1,Dimethylarginine Dimethylaminohydrolase 1,Protein Coding,1.3820301,71
HAGH,Hydroxyacylglutathione Hydrolase,Protein Coding,1.3820301,71
MAGOHB,"Mago Homolog B, Exon Junction Complex Subunit",Protein Coding,1.3820301,71
MT-ATP8,Mitochondrially Encoded ATP Synthase Membrane Subunit 8,Protein Coding,1.3820301,71
PHF10,PHD Finger Protein 10,Protein Coding,1.3820301,71
RCL1,RNA Terminal Phosphate Cyclase Like 1,Protein Coding,1.3820301,71
STRBP,Spermatid Perinuclear RNA Binding Protein,Protein Coding,1.3820301,71
STX7,Syntaxin 7,Protein Coding,1.3820301,71
SYNRG,Synergin Gamma,Protein Coding,1.3820301,71
TBL2,Transducin Beta Like 2,Protein Coding,1.3820301,71
TCEA2,Transcription Elongation Factor A2,Protein Coding,1.3820301,71
WASHC4,WASH Complex Subunit 4,Protein Coding,1.3820301,71
ACAP2,"ArfGAP With Coiled-Coil, Ankyrin Repeat And PH Domains 2",Protein Coding,1.3820301,70
CHCHD3,Coiled-Coil-Helix-Coiled-Coil-Helix Domain Containing 3,Protein Coding,1.3820301,70
GTF3C3,General Transcription Factor IIIC Subunit 3,Protein Coding,1.3820301,70
HOXC4,Homeobox C4,Protein Coding,1.3820301,70
LSM14A,LSM14A MRNA Processing Body Assembly Factor,Protein Coding,1.3820301,70
MORC3,MORC Family CW-Type Zinc Finger 3,Protein Coding,1.3820301,70
MRM3,Mitochondrial RRNA Methyltransferase 3,Protein Coding,1.3820301,70
NOVA1,NOVA Alternative Splicing Regulator 1,Protein Coding,1.3820301,70
POLDIP2,DNA Polymerase Delta Interacting Protein 2,Protein Coding,1.3820301,70
PPIL4,Peptidylprolyl Isomerase Like 4,Protein Coding,1.3820301,70
REG1A,Regenerating Family Member 1 Alpha,Protein Coding,1.3820301,70
SLU7,Spliceosome Associated SLU7,Protein Coding,1.3820301,70
SQOR,Sulfide Quinone Oxidoreductase,Protein Coding,1.3820301,70
ZNF346,Zinc Finger Protein 346,Protein Coding,1.3820301,70
COA6,Cytochrome C Oxidase Assembly Factor 6,Protein Coding,1.3820301,69
CRLS1,Cardiolipin Synthase 1,Protein Coding,1.3820301,69
CRYZ,Crystallin Zeta,Protein Coding,1.3820301,69
DDX55,DEAD-Box Helicase 55,Protein Coding,1.3820301,69
DLX4,Distal-Less Homeobox 4,Protein Coding,1.3820301,69
ENDOG,Endonuclease G,Protein Coding,1.3820301,69
EXOC5,Exocyst Complex Component 5,Protein Coding,1.3820301,69
PPHLN1,Periphilin 1,Protein Coding,1.3820301,69
RBM42,RNA Binding Motif Protein 42,Protein Coding,1.3820301,69
SRFBP1,Serum Response Factor Binding Protein 1,Protein Coding,1.3820301,69
SRP9,Signal Recognition Particle 9,Protein Coding,1.3820301,69
TSN,Translin,Protein Coding,1.3820301,69
VAT1,Vesicle Amine Transport 1,Protein Coding,1.3820301,69
FRG1,FSHD Region Gene 1,Protein Coding,1.3820301,68
NOSIP,Nitric Oxide Synthase Interacting Protein,Protein Coding,1.3820301,68
UTP18,UTP18 Small Subunit Processome Component,Protein Coding,1.3820301,68
ATP5IF1,ATP Synthase Inhibitory Factor Subunit 1,Protein Coding,1.3820301,67
CACTIN,"Cactin, Spliceosome C Complex Subunit",Protein Coding,1.3820301,67
CDK2AP1,Cyclin Dependent Kinase 2 Associated Protein 1,Protein Coding,1.3820301,67
CEBPZ,CCAAT Enhancer Binding Protein Zeta,Protein Coding,1.3820301,67
GREB1,Growth Regulating Estrogen Receptor Binding 1,Protein Coding,1.3820301,67
IGHG2,Immunoglobulin Heavy Constant Gamma 2 (G2m Marker),Protein Coding,1.3820301,67
MRPL19,Mitochondrial Ribosomal Protein L19,Protein Coding,1.3820301,67
MRPL49,Mitochondrial Ribosomal Protein L49,Protein Coding,1.3820301,67
NAA50,"N-Alpha-Acetyltransferase 50, NatE Catalytic Subunit",Protein Coding,1.3820301,67
RBM26,RNA Binding Motif Protein 26,Protein Coding,1.3820301,67
THOC3,THO Complex Subunit 3,Protein Coding,1.3820301,67
ACOT13,Acyl-CoA Thioesterase 13,Protein Coding,1.3820301,66
ARL6IP5,ARF Like GTPase 6 Interacting Protein 5,Protein Coding,1.3820301,66
CLEC4G,C-Type Lectin Domain Family 4 Member G,Protein Coding,1.3820301,66
DNAJC8,DnaJ Heat Shock Protein Family (Hsp40) Member C8,Protein Coding,1.3820301,66
FAM3C,FAM3 Metabolism Regulating Signaling Molecule C,Protein Coding,1.3820301,66
H2AC25,H2A Clustered Histone 25,Protein Coding,1.3820301,66
LCMT1,Leucine Carboxyl Methyltransferase 1,Protein Coding,1.3820301,66
MPHOSPH10,M-Phase Phosphoprotein 10,Protein Coding,1.3820301,66
PDE12,Phosphodiesterase 12,Protein Coding,1.3820301,66
TEX10,Testis Expressed 10,Protein Coding,1.3820301,66
CENPV,Centromere Protein V,Protein Coding,1.3820301,65
CPVL,Carboxypeptidase Vitellogenic Like,Protein Coding,1.3820301,65
EBNA1BP2,EBNA1 Binding Protein 2,Protein Coding,1.3820301,65
EIF4EBP2,Eukaryotic Translation Initiation Factor 4E Binding Protein 2,Protein Coding,1.3820301,65
GTPBP10,GTP Binding Protein 10,Protein Coding,1.3820301,65
H2AC12,H2A Clustered Histone 12,Protein Coding,1.3820301,65
LUC7L2,"LUC7 Like 2, Pre-MRNA Splicing Factor",Protein Coding,1.3820301,65
NOL8,Nucleolar Protein 8,Protein Coding,1.3820301,65
OTUD3,OTU Deubiquitinase 3,Protein Coding,1.3820301,65
PRPSAP1,Phosphoribosyl Pyrophosphate Synthetase Associated Protein 1,Protein Coding,1.3820301,65
RBMX2,RNA Binding Motif Protein X-Linked 2,Protein Coding,1.3820301,65
VWA8,Von Willebrand Factor A Domain Containing 8,Protein Coding,1.3820301,65
CFDP1,Chromatin Stabilizing Protein CFDP1,Protein Coding,1.3820301,64
CUTC,CutC Copper Transporter,Protein Coding,1.3820301,64
EDF1,Endothelial Differentiation Related Factor 1,Protein Coding,1.3820301,64
GNPDA1,Glucosamine-6-Phosphate Deaminase 1,Protein Coding,1.3820301,64
GOLIM4,Golgi Integral Membrane Protein 4,Protein Coding,1.3820301,64
KLF16,KLF Transcription Factor 16,Protein Coding,1.3820301,64
MRPL15,Mitochondrial Ribosomal Protein L15,Protein Coding,1.3820301,64
MT1A,Metallothionein 1A,Protein Coding,1.3820301,64
NGDN,Neuroguidin,Protein Coding,1.3820301,64
NOC4L,Nucleolar Complex Associated 4 Homolog,Protein Coding,1.3820301,64
RBM24,RNA Binding Motif Protein 24,Protein Coding,1.3820301,64
SAFB2,Scaffold Attachment Factor B2,Protein Coding,1.3820301,64
TCEA3,Transcription Elongation Factor A3,Protein Coding,1.3820301,64
ULBP1,UL16 Binding Protein 1,Protein Coding,1.3820301,64
IKBIP,IKBKB Interacting Protein,Protein Coding,1.3820301,63
MSL1,MSL Complex Subunit 1,Protein Coding,1.3820301,63
NKTR,Natural Killer Cell Triggering Receptor,Protein Coding,1.3820301,63
RBM27,RNA Binding Motif Protein 27,Protein Coding,1.3820301,63
RCC1L,RCC1 Like,Protein Coding,1.3820301,63
SAP30BP,SAP30 Binding Protein,Protein Coding,1.3820301,63
THRSP,Thyroid Hormone Responsive,Protein Coding,1.3820301,63
TRMT1L,TRNA Methyltransferase 1L,Protein Coding,1.3820301,63
UNC119B,Unc-119 Lipid Binding Chaperone B,Protein Coding,1.3820301,63
YLPM1,YLP Motif Containing 1,Protein Coding,1.3820301,63
PTTG1IP,PTTG1 Interacting Protein,Protein Coding,1.3820301,62
PYM1,PYM1 Exon Junction Complex Associated Factor,Protein Coding,1.3820301,62
RRP1,Ribosomal RNA Processing 1,Protein Coding,1.3820301,62
TSSC4,Tumor Suppressing Subtransferable Candidate 4,Protein Coding,1.3820301,62
TXNDC9,Thioredoxin Domain Containing 9,Protein Coding,1.3820301,62
FBXL6,F-Box And Leucine Rich Repeat Protein 6,Protein Coding,1.3820301,61
HEXIM2,HEXIM P-TEFb Complex Subunit 2,Protein Coding,1.3820301,61
PPP4R1,Protein Phosphatase 4 Regulatory Subunit 1,Protein Coding,1.3820301,61
BOD1L1,Biorientation Of Chromosomes In Cell Division 1 Like 1,Protein Coding,1.3820301,60
BOLA2,BolA Family Member 2,Protein Coding,1.3820301,60
ESF1,ESF1 Nucleolar Pre-RRNA Processing Protein,Protein Coding,1.3820301,60
FAM98B,Family With Sequence Similarity 98 Member B,Protein Coding,1.3820301,60
RABIF,RAB Interacting Factor,Protein Coding,1.3820301,60
ZCCHC17,Zinc Finger CCHC-Type Containing 17,Protein Coding,1.3820301,60
ZRANB2,Zinc Finger RANBP2-Type Containing 2,Protein Coding,1.3820301,60
CLASRP,CLK4 Associating Serine/Arginine Rich Protein,Protein Coding,1.3820301,59
FAM76B,Family With Sequence Similarity 76 Member B,Protein Coding,1.3820301,59
GAS2L3,Growth Arrest Specific 2 Like 3,Protein Coding,1.3820301,59
PPM1H,"Protein Phosphatase, Mg2+/Mn2+ Dependent 1H",Protein Coding,1.3820301,59
PTRH1,Peptidyl-TRNA Hydrolase 1 Homolog,Protein Coding,1.3820301,59
SDAD1,SDA1 Domain Containing 1,Protein Coding,1.3820301,59
CHST13,Carbohydrate Sulfotransferase 13,Protein Coding,1.3820301,58
DIPK2A,Divergent Protein Kinase Domain 2A,Protein Coding,1.3820301,58
MRPS24,Mitochondrial Ribosomal Protein S24,Protein Coding,1.3820301,57
NOL7,Nucleolar Protein 7,Protein Coding,1.3820301,57
RBMXL1,RBMX Like 1,Protein Coding,1.3820301,57
SELENOM,Selenoprotein M,Protein Coding,1.3820301,57
SPDYA,Speedy/RINGO Cell Cycle Regulator Family Member A,Protein Coding,1.3820301,57
UTP11,UTP11 Small Subunit Processome Component,Protein Coding,1.3820301,57
MAP7D1,MAP7 Domain Containing 1,Protein Coding,1.3820301,56
SPTY2D1,SPT2 Chromatin Protein Domain Containing 1,Protein Coding,1.3820301,56
CMBL,Carboxymethylenebutenolidase Homolog,Protein Coding,1.3820301,55
CMSS1,Cms1 Ribosomal Small Subunit Homolog,Protein Coding,1.3820301,55
MRPL50,Mitochondrial Ribosomal Protein L50,Protein Coding,1.3820301,55
SCCPDH,Saccharopine Dehydrogenase (Putative),Protein Coding,1.3820301,55
CAAP1,Caspase Activity And Apoptosis Inhibitor 1,Protein Coding,1.3820301,54
CCDC59,Coiled-Coil Domain Containing 59,Protein Coding,1.3820301,54
HMGN4,High Mobility Group Nucleosomal Binding Domain 4,Protein Coding,1.3820301,54
TRIR,Telomerase RNA Component Interacting RNase,Protein Coding,1.3820301,54
LINC00426,Long Intergenic Non-Protein Coding RNA 426,RNA Gene,1.3820301,53
MIR3660,MicroRNA 3660,RNA Gene,1.3820301,53
MIR4521,MicroRNA 4521,RNA Gene,1.3820301,53
PXN-AS1,PXN Antisense RNA 1,RNA Gene,1.3820301,53
SLX9,SLX9 Ribosome Biogenesis Factor,Protein Coding,1.3820301,53
MRPL53,Mitochondrial Ribosomal Protein L53,Protein Coding,1.3820301,52
GUCD1,Guanylyl Cyclase Domain Containing 1,Protein Coding,1.3820301,50
SOWAHC,Sosondowah Ankyrin Repeat Domain Family Member C,Protein Coding,1.3820301,43
C8orf33,Chromosome 8 Open Reading Frame 33,Protein Coding,1.3820301,42
SPATA31H1,SPATA31 Subfamily H Member 1,Protein Coding,1.3820301,41
SLC22A6,Solute Carrier Family 22 Member 6,Protein Coding,1.365589,83
ADAMTS18,ADAM Metallopeptidase With Thrombospondin Type 1 Motif 18,Protein Coding,1.365589,81
TNNI3K,TNNI3 Interacting Kinase,Protein Coding,1.365589,81
SLC22A8,Solute Carrier Family 22 Member 8,Protein Coding,1.365589,80
KCNAB1,Potassium Voltage-Gated Channel Subfamily A Regulatory Beta Subunit 1,Protein Coding,1.365589,76
DUSP2,Dual Specificity Phosphatase 2,Protein Coding,1.365589,72
FCGR2C,Fc Gamma Receptor IIc (Gene/Pseudogene),Protein Coding,1.365589,68
HIPK4,Homeodomain Interacting Protein Kinase 4,Protein Coding,1.365589,61
ARMS2,Age-Related Maculopathy Susceptibility 2,Protein Coding,1.365589,51
EIF4EP1,Eukaryotic Translation Initiation Factor 4E Pseudogene 1,Pseudogene,1.365589,47
IFIH1,Interferon Induced With Helicase C Domain 1,Protein Coding,1.3642967,98
TENM4,Teneurin Transmembrane Protein 4,Protein Coding,1.3604578,81
GAS1,Growth Arrest Specific 1,Protein Coding,1.3604578,76
UPP2,Uridine Phosphorylase 2,Protein Coding,1.3604578,72
UNC13D,Unc-13 Homolog D,Protein Coding,1.3535956,90
TWNK,Twinkle MtDNA Helicase,Protein Coding,1.3535956,87
STX11,Syntaxin 11,Protein Coding,1.3535956,83
CCDC80,Coiled-Coil Domain Containing 80,Protein Coding,1.3506137,61
CCNDBP1,Cyclin D1 Binding Protein 1,Protein Coding,1.3506137,57
ABCC8,ATP Binding Cassette Subfamily C Member 8,Protein Coding,1.3440095,99
PGR,Progesterone Receptor,Protein Coding,1.3440095,95
FGF10,Fibroblast Growth Factor 10,Protein Coding,1.3440095,89
ATP8A2,ATPase Phospholipid Transporting 8A2,Protein Coding,1.3440095,85
FGF6,Fibroblast Growth Factor 6,Protein Coding,1.3440095,75
KIF12,Kinesin Family Member 12,Protein Coding,1.3440095,75
ATP8A1,ATPase Phospholipid Transporting 8A1,Protein Coding,1.3440095,74
FGF22,Fibroblast Growth Factor 22,Protein Coding,1.3440095,72
FGF16,Fibroblast Growth Factor 16,Protein Coding,1.3440095,71
ATP10D,ATPase Phospholipid Transporting 10D (Putative),Protein Coding,1.3440095,69
VMA22,Vacuolar ATPase Assembly Factor VMA22,Protein Coding,1.3440095,68
GGT2P,"Gamma-Glutamyltransferase 2, Pseudogene",Pseudogene,1.3440095,67
CFC1,"Cryptic, EGF-CFC Family Member 1",Protein Coding,1.3440095,64
CDC50B,Cell Division Cycle 50 P4-ATPase Accessory Subunit B,Protein Coding,1.3440095,56
MRGPRX4,MAS Related GPR Family Member X4,Protein Coding,1.3440095,56
SLC25A2,Solute Carrier Family 25 Member 2,Protein Coding,1.3440095,56
KRT37,Keratin 37,Protein Coding,1.3440095,55
LIAT1,Ligand Of ATE1,Protein Coding,1.3440095,55
DCDC2C,Doublecortin Domain Containing 2C,Protein Coding,1.3440095,51
GGTLC3,Gamma-Glutamyltransferase Light Chain Family Member 3,Protein Coding,1.3440095,45
DCDC2B,Doublecortin Domain Containing 2B,Protein Coding,1.3440095,44
HEXB,Hexosaminidase Subunit Beta,Protein Coding,1.3428959,100
ITSN1,Intersectin 1,Protein Coding,1.3428959,100
LAMA5,Laminin Subunit Alpha 5,Protein Coding,1.3428959,100
TRIO,Trio Rho Guanine Nucleotide Exchange Factor,Protein Coding,1.3428959,100
MECOM,MDS1 And EVI1 Complex Locus,Protein Coding,1.3428959,99
PLA2G4A,Phospholipase A2 Group IVA,Protein Coding,1.3428959,99
EPS8,"EGFR Pathway Substrate 8, Signaling Adaptor",Protein Coding,1.3428959,98
SKI,SKI Proto-Oncogene,Protein Coding,1.3428959,97
EPB41,Erythrocyte Membrane Protein Band 4.1,Protein Coding,1.3428959,96
CLASP1,Cytoplasmic Linker Associated Protein 1,Protein Coding,1.3428959,95
DBNL,Drebrin Like,Protein Coding,1.3428959,95
DPF2,Double PHD Fingers 2,Protein Coding,1.3428959,95
ENO3,Enolase 3,Protein Coding,1.3428959,95
MTMR2,Myotubularin Related Protein 2,Protein Coding,1.3428959,95
NUP214,Nucleoporin 214,Protein Coding,1.3428959,95
AK2,Adenylate Kinase 2,Protein Coding,1.3428959,93
C6,Complement C6,Protein Coding,1.3428959,93
GBF1,Golgi Brefeldin A Resistant Guanine Nucleotide Exchange Factor 1,Protein Coding,1.3428959,93
TPP1,Tripeptidyl Peptidase 1,Protein Coding,1.3428959,93
BPTF,Bromodomain PHD Finger Transcription Factor,Protein Coding,1.3428959,92
DROSHA,Drosha Ribonuclease III,Protein Coding,1.3428959,92
KIF21A,Kinesin Family Member 21A,Protein Coding,1.3428959,92
OXCT1,3-Oxoacid CoA-Transferase 1,Protein Coding,1.3428959,92
RIT1,Ras Like Without CAAX 1,Protein Coding,1.3428959,92
APTX,Aprataxin,Protein Coding,1.3428959,91
ARRB2,Arrestin Beta 2,Protein Coding,1.3428959,91
CHD2,Chromodomain Helicase DNA Binding Protein 2,Protein Coding,1.3428959,91
FZR1,Fizzy And Cell Division Cycle 20 Related 1,Protein Coding,1.3428959,91
MARK3,Microtubule Affinity Regulating Kinase 3,Protein Coding,1.3428959,91
NFIB,Nuclear Factor I B,Protein Coding,1.3428959,91
NFS1,NFS1 Cysteine Desulfurase,Protein Coding,1.3428959,91
NR1H2,Nuclear Receptor Subfamily 1 Group H Member 2,Protein Coding,1.3428959,91
NUMA1,Nuclear Mitotic Apparatus Protein 1,Protein Coding,1.3428959,91
SNX27,Sorting Nexin 27,Protein Coding,1.3428959,91
TAOK2,TAO Kinase 2,Protein Coding,1.3428959,91
WARS1,Tryptophanyl-TRNA Synthetase 1,Protein Coding,1.3428959,91
ARHGEF7,Rho Guanine Nucleotide Exchange Factor 7,Protein Coding,1.3428959,90
DHX16,DEAH-Box Helicase 16,Protein Coding,1.3428959,90
ELAC2,ElaC Ribonuclease Z 2,Protein Coding,1.3428959,90
MCM8,Minichromosome Maintenance 8 Homologous Recombination Repair Factor,Protein Coding,1.3428959,90
SPR,Sepiapterin Reductase,Protein Coding,1.3428959,90
CTNNA2,Catenin Alpha 2,Protein Coding,1.3428959,89
FOXC2,Forkhead Box C2,Protein Coding,1.3428959,89
IDH3B,Isocitrate Dehydrogenase (NAD(+)) 3 Non-Catalytic Subunit Beta,Protein Coding,1.3428959,89
IFT54,Intraflagellar Transport 54,Protein Coding,1.3428959,89
MICU1,Mitochondrial Calcium Uptake 1,Protein Coding,1.3428959,89
PUM1,Pumilio RNA Binding Family Member 1,Protein Coding,1.3428959,89
RDH5,Retinol Dehydrogenase 5,Protein Coding,1.3428959,89
AMPD2,Adenosine Monophosphate Deaminase 2,Protein Coding,1.3428959,88
AUH,AU RNA Binding Methylglutaconyl-CoA Hydratase,Protein Coding,1.3428959,88
NEB,Nebulin,Protein Coding,1.3428959,88
NUP188,Nucleoporin 188,Protein Coding,1.3428959,88
ABHD12,"Abhydrolase Domain Containing 12, Lysophospholipase",Protein Coding,1.3428959,87
ADAMTS1,ADAM Metallopeptidase With Thrombospondin Type 1 Motif 1,Protein Coding,1.3428959,87
CIB1,Calcium And Integrin Binding 1,Protein Coding,1.3428959,87
CLPB,ClpB Family Mitochondrial Disaggregase,Protein Coding,1.3428959,87
ETFB,Electron Transfer Flavoprotein Subunit Beta,Protein Coding,1.3428959,87
HAL,Histidine Ammonia-Lyase,Protein Coding,1.3428959,87
PCM1,Pericentriolar Material 1,Protein Coding,1.3428959,87
PLD3,Phospholipase D Family Member 3,Protein Coding,1.3428959,87
PMPCA,"Peptidase, Mitochondrial Processing Subunit Alpha",Protein Coding,1.3428959,87
POGZ,Pogo Transposable Element Derived With ZNF Domain,Protein Coding,1.3428959,87
GAK,Cyclin G Associated Kinase,Protein Coding,1.3428959,86
PQBP1,Polyglutamine Binding Protein 1,Protein Coding,1.3428959,86
VPS16,VPS16 Core Subunit Of CORVET And HOPS Complexes,Protein Coding,1.3428959,86
CD9,CD9 Molecule,Protein Coding,1.3428959,85
CTSH,Cathepsin H,Protein Coding,1.3428959,85
GOLGA2,Golgin A2,Protein Coding,1.3428959,85
IDE,Insulin Degrading Enzyme,Protein Coding,1.3428959,85
POLR2E,"RNA Polymerase II, I And III Subunit E",Protein Coding,1.3428959,85
TAF10,TATA-Box Binding Protein Associated Factor 10,Protein Coding,1.3428959,85
TBC1D4,TBC1 Domain Family Member 4,Protein Coding,1.3428959,85
TLE3,"TLE Family Member 3, Transcriptional Corepressor",Protein Coding,1.3428959,85
ANKZF1,Ankyrin Repeat And Zinc Finger Peptidyl TRNA Hydrolase 1,Protein Coding,1.3428959,84
ASXL2,ASXL Transcriptional Regulator 2,Protein Coding,1.3428959,84
COLGALT1,Collagen Beta(1-O)Galactosyltransferase 1,Protein Coding,1.3428959,84
CYP4A11,Cytochrome P450 Family 4 Subfamily A Member 11,Protein Coding,1.3428959,84
GMPPA,GDP-Mannose Pyrophosphorylase A,Protein Coding,1.3428959,84
KLC2,Kinesin Light Chain 2,Protein Coding,1.3428959,84
SMPD4,Sphingomyelin Phosphodiesterase 4,Protein Coding,1.3428959,84
COX4I1,Cytochrome C Oxidase Subunit 4I1,Protein Coding,1.3428959,83
PPFIA1,PPFI Scaffold Protein A1,Protein Coding,1.3428959,83
PTPRT,Protein Tyrosine Phosphatase Receptor Type T,Protein Coding,1.3428959,83
SRGAP2,SLIT-ROBO Rho GTPase Activating Protein 2,Protein Coding,1.3428959,83
U2AF1,U2 Small Nuclear RNA Auxiliary Factor 1,Protein Coding,1.3428959,83
AHCYL1,Adenosylhomocysteinase Like 1,Protein Coding,1.3428959,82
ANG,Angiogenin,Protein Coding,1.3428959,82
CCNT2,Cyclin T2,Protein Coding,1.3428959,82
COG6,Component Of Oligomeric Golgi Complex 6,Protein Coding,1.3428959,82
EIF3E,Eukaryotic Translation Initiation Factor 3 Subunit E,Protein Coding,1.3428959,82
NUP88,Nucleoporin 88,Protein Coding,1.3428959,82
PLN,Phospholamban,Protein Coding,1.3428959,82
RAB5B,"RAB5B, Member RAS Oncogene Family",Protein Coding,1.3428959,82
SH3GL1,"SH3 Domain Containing GRB2 Like 1, Endophilin A2",Protein Coding,1.3428959,82
STAM,Signal Transducing Adaptor Molecule,Protein Coding,1.3428959,82
UGCG,UDP-Glucose Ceramide Glucosyltransferase,Protein Coding,1.3428959,82
AGTPBP1,ATP/GTP Binding Carboxypeptidase 1,Protein Coding,1.3428959,81
CARS2,"Cysteinyl-TRNA Synthetase 2, Mitochondrial",Protein Coding,1.3428959,81
CPSF3,Cleavage And Polyadenylation Specific Factor 3,Protein Coding,1.3428959,81
FKBP8,FKBP Prolyl Isomerase 8,Protein Coding,1.3428959,81
MRPS22,Mitochondrial Ribosomal Protein S22,Protein Coding,1.3428959,81
MTFMT,Mitochondrial Methionyl-TRNA Formyltransferase,Protein Coding,1.3428959,81
POP1,POP1 Ribonuclease P/MRP Subunit,Protein Coding,1.3428959,81
PYCARD,PYD And CARD Domain Containing,Protein Coding,1.3428959,81
ASRGL1,Asparaginase And Isoaspartyl Peptidase 1,Protein Coding,1.3428959,80
CHD6,Chromodomain Helicase DNA Binding Protein 6,Protein Coding,1.3428959,80
CPSF1,Cleavage And Polyadenylation Specific Factor 1,Protein Coding,1.3428959,80
MGME1,Mitochondrial Genome Maintenance Exonuclease 1,Protein Coding,1.3428959,80
NDUFA12,NADH:Ubiquinone Oxidoreductase Subunit A12,Protein Coding,1.3428959,80
NOP10,NOP10 Ribonucleoprotein,Protein Coding,1.3428959,80
PAICS,Phosphoribosylaminoimidazole Carboxylase And Phosphoribosylaminoimidazolesuccinocarboxamide Synthase,Protein Coding,1.3428959,80
POLR2C,RNA Polymerase II Subunit C,Protein Coding,1.3428959,80
PTCD3,Pentatricopeptide Repeat Domain 3,Protein Coding,1.3428959,80
RGS3,Regulator Of G Protein Signaling 3,Protein Coding,1.3428959,80
SEL1L,SEL1L Adaptor Subunit Of SYVN1 Ubiquitin Ligase,Protein Coding,1.3428959,80
THOC6,THO Complex Subunit 6,Protein Coding,1.3428959,80
TNS1,Tensin 1,Protein Coding,1.3428959,80
ARPC3,Actin Related Protein 2/3 Complex Subunit 3,Protein Coding,1.3428959,79
ARPC5,Actin Related Protein 2/3 Complex Subunit 5,Protein Coding,1.3428959,79
ATP5PO,ATP Synthase Peripheral Stalk Subunit OSCP,Protein Coding,1.3428959,79
CAMK1,Calcium/Calmodulin Dependent Protein Kinase I,Protein Coding,1.3428959,79
CCR8,C-C Motif Chemokine Receptor 8,Protein Coding,1.3428959,79
FTSJ1,FtsJ RNA 2'-O-Methyltransferase 1,Protein Coding,1.3428959,79
HIF1AN,Hypoxia Inducible Factor 1 Subunit Alpha Inhibitor,Protein Coding,1.3428959,79
IQSEC2,IQ Motif And Sec7 Domain ArfGEF 2,Protein Coding,1.3428959,79
RNASEH1,Ribonuclease H1,Protein Coding,1.3428959,79
SNU13,Small Nuclear Ribonucleoprotein 13,Protein Coding,1.3428959,79
STK38L,Serine/Threonine Kinase 38 Like,Protein Coding,1.3428959,79
TAF12,TATA-Box Binding Protein Associated Factor 12,Protein Coding,1.3428959,79
TDG,Thymine DNA Glycosylase,Protein Coding,1.3428959,79
UQCRC1,Ubiquinol-Cytochrome C Reductase Core Protein 1,Protein Coding,1.3428959,79
ACTR1A,Actin Related Protein 1A,Protein Coding,1.3428959,78
ATP6V1G1,ATPase H+ Transporting V1 Subunit G1,Protein Coding,1.3428959,78
CHAMP1,Chromosome Alignment Maintaining Phosphoprotein 1,Protein Coding,1.3428959,78
GALNT1,Polypeptide N-Acetylgalactosaminyltransferase 1,Protein Coding,1.3428959,78
HIP1R,Huntingtin Interacting Protein 1 Related,Protein Coding,1.3428959,78
LTN1,Listerin E3 Ubiquitin Protein Ligase 1,Protein Coding,1.3428959,78
NAV2,Neuron Navigator 2,Protein Coding,1.3428959,78
RHOD,Ras Homolog Family Member D,Protein Coding,1.3428959,78
SCFD1,Sec1 Family Domain Containing 1,Protein Coding,1.3428959,78
ST3GAL1,"ST3 Beta-Galactoside Alpha-2,3-Sialyltransferase 1",Protein Coding,1.3428959,78
TTI1,TELO2 Interacting Protein 1,Protein Coding,1.3428959,78
TUBGCP3,Tubulin Gamma Complex Component 3,Protein Coding,1.3428959,78
AKAP8,A-Kinase Anchoring Protein 8,Protein Coding,1.3428959,77
BFSP1,Beaded Filament Structural Protein 1,Protein Coding,1.3428959,77
CES2,Carboxylesterase 2,Protein Coding,1.3428959,77
COPS2,COP9 Signalosome Subunit 2,Protein Coding,1.3428959,77
IDI1,Isopentenyl-Diphosphate Delta Isomerase 1,Protein Coding,1.3428959,77
NAPA,NSF Attachment Protein Alpha,Protein Coding,1.3428959,77
RNF40,Ring Finger Protein 40,Protein Coding,1.3428959,77
TAF9,TATA-Box Binding Protein Associated Factor 9,Protein Coding,1.3428959,77
TNRC6C,Trinucleotide Repeat Containing Adaptor 6C,Protein Coding,1.3428959,77
ZC3H14,Zinc Finger CCCH-Type Containing 14,Protein Coding,1.3428959,77
AK4,Adenylate Kinase 4,Protein Coding,1.3428959,76
ARHGEF40,Rho Guanine Nucleotide Exchange Factor 40,Protein Coding,1.3428959,76
C4BPB,Complement Component 4 Binding Protein Beta,Protein Coding,1.3428959,76
EDC3,Enhancer Of MRNA Decapping 3,Protein Coding,1.3428959,76
ESYT1,Extended Synaptotagmin 1,Protein Coding,1.3428959,76
KLK1,Kallikrein 1,Protein Coding,1.3428959,76
LLGL1,LLGL Scribble Cell Polarity Complex Component 1,Protein Coding,1.3428959,76
LUM,Lumican,Protein Coding,1.3428959,76
MACROH2A2,MacroH2A.2 Histone,Protein Coding,1.3428959,76
MCAT,Malonyl-CoA-Acyl Carrier Protein Transacylase,Protein Coding,1.3428959,76
OGDHL,Oxoglutarate Dehydrogenase L,Protein Coding,1.3428959,76
PAF1,PAF1 Component Of Paf1/RNA Polymerase II Complex,Protein Coding,1.3428959,76
PIGK,Phosphatidylinositol Glycan Anchor Biosynthesis Class K,Protein Coding,1.3428959,76
POLR2K,"RNA Polymerase II, I And III Subunit K",Protein Coding,1.3428959,76
PUM2,Pumilio RNA Binding Family Member 2,Protein Coding,1.3428959,76
RBM22,RNA Binding Motif Protein 22,Protein Coding,1.3428959,76
SEC23IP,SEC23 Interacting Protein,Protein Coding,1.3428959,76
SF3A2,Splicing Factor 3a Subunit 2,Protein Coding,1.3428959,76
TFB1M,"Transcription Factor B1, Mitochondrial",Protein Coding,1.3428959,76
UGGT1,UDP-Glucose Glycoprotein Glucosyltransferase 1,Protein Coding,1.3428959,76
ATP13A1,ATPase 13A1,Protein Coding,1.3428959,75
COXFA4,Cytochrome C Oxidase Associated Subunit FA4,Protein Coding,1.3428959,75
DIDO1,Death Inducer-Obliterator 1,Protein Coding,1.3428959,75
GEMIN2,Gem Nuclear Organelle Associated Protein 2,Protein Coding,1.3428959,75
GUF1,GTP Binding Elongation Factor GUF1,Protein Coding,1.3428959,75
H2BC21,H2B Clustered Histone 21,Protein Coding,1.3428959,75
HNRNPA3,Heterogeneous Nuclear Ribonucleoprotein A3,Protein Coding,1.3428959,75
KDM1B,Lysine Demethylase 1B,Protein Coding,1.3428959,75
MED4,Mediator Complex Subunit 4,Protein Coding,1.3428959,75
PHF3,PHD Finger Protein 3,Protein Coding,1.3428959,75
SFXN4,Sideroflexin 4,Protein Coding,1.3428959,75
SYMPK,Symplekin Scaffold Protein,Protein Coding,1.3428959,75
TIMM44,Translocase Of Inner Mitochondrial Membrane 44,Protein Coding,1.3428959,75
TUT7,Terminal Uridylyl Transferase 7,Protein Coding,1.3428959,75
UPF2,UPF2 Regulator Of Nonsense Mediated MRNA Decay,Protein Coding,1.3428959,75
CHMP3,Charged Multivesicular Body Protein 3,Protein Coding,1.3428959,74
CLTB,Clathrin Light Chain B,Protein Coding,1.3428959,74
DCAF7,DDB1 And CUL4 Associated Factor 7,Protein Coding,1.3428959,74
EEFSEC,"Eukaryotic Elongation Factor, Selenocysteine-TRNA Specific",Protein Coding,1.3428959,74
FSTL1,Follistatin Like 1,Protein Coding,1.3428959,74
GTF3C1,General Transcription Factor IIIC Subunit 1,Protein Coding,1.3428959,74
MRPS2,Mitochondrial Ribosomal Protein S2,Protein Coding,1.3428959,74
MTHFS,Methenyltetrahydrofolate Synthetase,Protein Coding,1.3428959,74
PBX3,PBX Homeobox 3,Protein Coding,1.3428959,74
PPP1R8,Protein Phosphatase 1 Regulatory Subunit 8,Protein Coding,1.3428959,74
PRRC2A,Proline Rich Coiled-Coil 2A,Protein Coding,1.3428959,74
QSOX1,Quiescin Sulfhydryl Oxidase 1,Protein Coding,1.3428959,74
RTN3,Reticulon 3,Protein Coding,1.3428959,74
SCAF4,SR-Related CTD Associated Factor 4,Protein Coding,1.3428959,74
SPNS2,"SPNS Lysolipid Transporter 2, Sphingosine-1-Phosphate",Protein Coding,1.3428959,74
ACTR10,Actin Related Protein 10,Protein Coding,1.3428959,73
AFAP1L2,Actin Filament Associated Protein 1 Like 2,Protein Coding,1.3428959,73
COPZ1,Coat Protein Complex I Subunit Zeta 1,Protein Coding,1.3428959,73
CPSF2,Cleavage And Polyadenylation Specific Factor 2,Protein Coding,1.3428959,73
DCTN3,Dynactin Subunit 3,Protein Coding,1.3428959,73
EPN2,Epsin 2,Protein Coding,1.3428959,73
GCN1,GCN1 Activator Of EIF2AK4,Protein Coding,1.3428959,73
HGFAC,HGF Activator,Protein Coding,1.3428959,73
KATNA1,Katanin Catalytic Subunit A1,Protein Coding,1.3428959,73
LEO1,LEO1 Component Of Paf1/RNA Polymerase II Complex,Protein Coding,1.3428959,73
MMS19,MMS19 Cytosolic Iron-Sulfur Assembly Component,Protein Coding,1.3428959,73
MRPS34,Mitochondrial Ribosomal Protein S34,Protein Coding,1.3428959,73
PCF11,PCF11 Cleavage And Polyadenylation Factor Subunit,Protein Coding,1.3428959,73
RAI14,Retinoic Acid Induced 14,Protein Coding,1.3428959,73
SNRPC,Small Nuclear Ribonucleoprotein Polypeptide C,Protein Coding,1.3428959,73
TFIP11,Tuftelin Interacting Protein 11,Protein Coding,1.3428959,73
TIGAR,TP53 Induced Glycolysis Regulatory Phosphatase,Protein Coding,1.3428959,73
USP3,Ubiquitin Specific Peptidase 3,Protein Coding,1.3428959,73
ARHGAP12,Rho GTPase Activating Protein 12,Protein Coding,1.3428959,72
CLIP2,CAP-Gly Domain Containing Linker Protein 2,Protein Coding,1.3428959,72
DIP2B,DIP2 Acetate--CoA Ligase B (Putative),Protein Coding,1.3428959,72
EVI5,Ecotropic Viral Integration Site 5,Protein Coding,1.3428959,72
PTPN9,Protein Tyrosine Phosphatase Non-Receptor Type 9,Protein Coding,1.3428959,72
PTRH2,Peptidyl-TRNA Hydrolase 2,Protein Coding,1.3428959,72
RUSC1,RUN And SH3 Domain Containing 1,Protein Coding,1.3428959,72
SRA1,Steroid Receptor RNA Activator 1,Protein Coding,1.3428959,72
STXBP3,Syntaxin Binding Protein 3,Protein Coding,1.3428959,72
WDR82,WD Repeat Domain 82,Protein Coding,1.3428959,72
WRNIP1,WRN Helicase Interacting Protein 1,Protein Coding,1.3428959,72
AP1G2,Adaptor Related Protein Complex 1 Subunit Gamma 2,Protein Coding,1.3428959,71
AP3S1,Adaptor Related Protein Complex 3 Subunit Sigma 1,Protein Coding,1.3428959,71
BATF,Basic Leucine Zipper ATF-Like Transcription Factor,Protein Coding,1.3428959,71
BOLA3,BolA Family Member 3,Protein Coding,1.3428959,71
BST2,Bone Marrow Stromal Cell Antigen 2,Protein Coding,1.3428959,71
CCDC50,Coiled-Coil Domain Containing 50,Protein Coding,1.3428959,71
COX20,Cytochrome C Oxidase Assembly Factor COX20,Protein Coding,1.3428959,71
DHX29,DExH-Box Helicase 29,Protein Coding,1.3428959,71
GTF3C5,General Transcription Factor IIIC Subunit 5,Protein Coding,1.3428959,71
IL9,Interleukin 9,Protein Coding,1.3428959,71
JDP2,Jun Dimerization Protein 2,Protein Coding,1.3428959,71
OTUD4,OTU Deubiquitinase 4,Protein Coding,1.3428959,71
RHOU,Ras Homolog Family Member U,Protein Coding,1.3428959,71
SGF29,SAGA Complex Associated Factor 29,Protein Coding,1.3428959,71
STX8,Syntaxin 8,Protein Coding,1.3428959,71
SUMF2,Sulfatase Modifying Factor 2,Protein Coding,1.3428959,71
THAP11,THAP Domain Containing 11,Protein Coding,1.3428959,71
CDC42EP4,CDC42 Effector Protein 4,Protein Coding,1.3428959,70
CNOT12,CCR4-NOT Transcription Complex Subunit 12,Protein Coding,1.3428959,70
DDX49,DEAD-Box Helicase 49,Protein Coding,1.3428959,70
DRAP1,DR1 Associated Protein 1,Protein Coding,1.3428959,70
FABP7,Fatty Acid Binding Protein 7,Protein Coding,1.3428959,70
GAL3ST1,Galactose-3-O-Sulfotransferase 1,Protein Coding,1.3428959,70
HNRNPH3,Heterogeneous Nuclear Ribonucleoprotein H3,Protein Coding,1.3428959,70
ITPKA,Inositol-Trisphosphate 3-Kinase A,Protein Coding,1.3428959,70
NFKBIZ,NFKB Inhibitor Zeta,Protein Coding,1.3428959,70
RBM7,RNA Binding Motif Protein 7,Protein Coding,1.3428959,70
TBC1D5,TBC1 Domain Family Member 5,Protein Coding,1.3428959,70
ACTR1B,Actin Related Protein 1B,Protein Coding,1.3428959,69
AP3M1,Adaptor Related Protein Complex 3 Subunit Mu 1,Protein Coding,1.3428959,69
DCAF4,DDB1 And CUL4 Associated Factor 4,Protein Coding,1.3428959,69
DNAJB9,DnaJ Heat Shock Protein Family (Hsp40) Member B9,Protein Coding,1.3428959,69
EHF,ETS Homologous Factor,Protein Coding,1.3428959,69
H2AC20,H2A Clustered Histone 20,Protein Coding,1.3428959,69
ITIH2,Inter-Alpha-Trypsin Inhibitor Heavy Chain 2,Protein Coding,1.3428959,69
KPNA6,Karyopherin Subunit Alpha 6,Protein Coding,1.3428959,69
MED10,Mediator Complex Subunit 10,Protein Coding,1.3428959,69
MRPL43,Mitochondrial Ribosomal Protein L43,Protein Coding,1.3428959,69
PANK4,Pantothenate Kinase 4 (Inactive),Protein Coding,1.3428959,69
PRCC,Proline Rich Mitotic Checkpoint Control Factor,Protein Coding,1.3428959,69
RPP38,Ribonuclease P/MRP Subunit P38,Protein Coding,1.3428959,69
SHTN1,Shootin 1,Protein Coding,1.3428959,69
SPOUT1,SPOUT Domain Containing Methyltransferase 1,Protein Coding,1.3428959,69
SRGN,Serglycin,Protein Coding,1.3428959,69
TMF1,TATA Element Modulatory Factor 1,Protein Coding,1.3428959,69
VPS25,Vacuolar Protein Sorting 25 Homolog,Protein Coding,1.3428959,69
AVEN,Apoptosis And Caspase Activation Inhibitor,Protein Coding,1.3428959,68
CORO1B,Coronin 1B,Protein Coding,1.3428959,68
CWC15,CWC15 Spliceosome Associated Protein,Protein Coding,1.3428959,68
DNAJC11,DnaJ Heat Shock Protein Family (Hsp40) Member C11,Protein Coding,1.3428959,68
EIF3J,Eukaryotic Translation Initiation Factor 3 Subunit J,Protein Coding,1.3428959,68
GRPEL1,"GrpE Like 1, Mitochondrial",Protein Coding,1.3428959,68
H3C11,H3 Clustered Histone 11,Protein Coding,1.3428959,68
MRPS12,Mitochondrial Ribosomal Protein S12,Protein Coding,1.3428959,68
PEF1,Penta-EF-Hand Domain Containing 1,Protein Coding,1.3428959,68
PFDN6,Prefoldin Subunit 6,Protein Coding,1.3428959,68
PTP4A2,Protein Tyrosine Phosphatase 4A2,Protein Coding,1.3428959,68
CHAC1,ChaC Glutathione Specific Gamma-Glutamylcyclotransferase 1,Protein Coding,1.3428959,67
COIL,Coilin,Protein Coding,1.3428959,67
CPLX2,Complexin 2,Protein Coding,1.3428959,67
CYRIB,CYFIP Related Rac1 Interactor B,Protein Coding,1.3428959,67
DHX57,DExH-Box Helicase 57,Protein Coding,1.3428959,67
MEPCE,Methylphosphate Capping Enzyme,Protein Coding,1.3428959,67
MRPS18B,Mitochondrial Ribosomal Protein S18B,Protein Coding,1.3428959,67
PFDN1,Prefoldin Subunit 1,Protein Coding,1.3428959,67
PSMD5,"Proteasome 26S Subunit, Non-ATPase 5",Protein Coding,1.3428959,67
TMEM147,Transmembrane Protein 147,Protein Coding,1.3428959,67
ZIC4,Zic Family Zinc Finger 4,Protein Coding,1.3428959,67
CCNG2,Cyclin G2,Protein Coding,1.3428959,66
CHPF,Chondroitin Polymerizing Factor,Protein Coding,1.3428959,66
CNPY3,Canopy FGF Signaling Regulator 3,Protein Coding,1.3428959,66
FHL3,Four And A Half LIM Domains 3,Protein Coding,1.3428959,66
GLRX2,Glutaredoxin 2,Protein Coding,1.3428959,66
INTS13,Integrator Complex Subunit 13,Protein Coding,1.3428959,66
KIAA1217,KIAA1217,Protein Coding,1.3428959,66
MRRF,Mitochondrial Ribosome Recycling Factor,Protein Coding,1.3428959,66
NOA1,Nitric Oxide Associated 1,Protein Coding,1.3428959,66
PIN4,"Peptidylprolyl Cis/Trans Isomerase, NIMA-Interacting 4",Protein Coding,1.3428959,66
RBM6,RNA Binding Motif Protein 6,Protein Coding,1.3428959,66
UBE2Z,Ubiquitin Conjugating Enzyme E2 Z,Protein Coding,1.3428959,66
WDFY1,WD Repeat And FYVE Domain Containing 1,Protein Coding,1.3428959,66
ABHD2,"Abhydrolase Domain Containing 2, Acylglycerol Lipase",Protein Coding,1.3428959,65
ARF4-AS1,ARF4 Antisense RNA 1,RNA Gene,1.3428959,65
CENPQ,Centromere Protein Q,Protein Coding,1.3428959,65
ENY2,ENY2 Transcription And Export Complex 2 Subunit,Protein Coding,1.3428959,65
FBXW10,F-Box And WD Repeat Domain Containing 10,Protein Coding,1.3428959,65
FCF1,FCF1 RRNA-Processing Protein,Protein Coding,1.3428959,65
HNRNPLL,Heterogeneous Nuclear Ribonucleoprotein L Like,Protein Coding,1.3428959,65
MND1,Meiotic Nuclear Divisions 1,Protein Coding,1.3428959,65
PDXDC1,Pyridoxal Dependent Decarboxylase Domain Containing 1,Protein Coding,1.3428959,65
PRPSAP2,Phosphoribosyl Pyrophosphate Synthetase Associated Protein 2,Protein Coding,1.3428959,65
SFSWAP,Splicing Factor SWAP,Protein Coding,1.3428959,65
SSX2IP,SSX Family Member 2 Interacting Protein,Protein Coding,1.3428959,65
THOC7,THO Complex Subunit 7,Protein Coding,1.3428959,65
DNPH1,2'-Deoxynucleoside 5'-Phosphate N-Hydrolase 1,Protein Coding,1.3428959,64
GNL1,G Protein Nucleolar 1,Protein Coding,1.3428959,64
ILKAP,ILK Associated Serine/Threonine Phosphatase,Protein Coding,1.3428959,64
METTL17,Methyltransferase Like 17,Protein Coding,1.3428959,64
MPLKIP,M-Phase Specific PLK1 Interacting Protein,Protein Coding,1.3428959,64
MRPS28,Mitochondrial Ribosomal Protein S28,Protein Coding,1.3428959,64
NGRN,"Neugrin, Neurite Outgrowth Associated",Protein Coding,1.3428959,64
POP5,POP5 Ribonuclease P/MRP Subunit,Protein Coding,1.3428959,64
QSOX2,Quiescin Sulfhydryl Oxidase 2,Protein Coding,1.3428959,64
RIOX1,Ribosomal Oxygenase 1,Protein Coding,1.3428959,64
SYF2,SYF2 Pre-MRNA Splicing Factor,Protein Coding,1.3428959,64
TIMM21,Translocase Of Inner Mitochondrial Membrane 21,Protein Coding,1.3428959,64
TM9SF4,Transmembrane 9 Superfamily Member 4,Protein Coding,1.3428959,64
ZNF326,Zinc Finger Protein 326,Protein Coding,1.3428959,64
AIF1L,Allograft Inflammatory Factor 1 Like,Protein Coding,1.3428959,63
DDX19A,DEAD-Box Helicase 19A,Protein Coding,1.3428959,63
DNAJB12,DnaJ Heat Shock Protein Family (Hsp40) Member B12,Protein Coding,1.3428959,63
MRPL45,Mitochondrial Ribosomal Protein L45,Protein Coding,1.3428959,63
MRPS10,Mitochondrial Ribosomal Protein S10,Protein Coding,1.3428959,63
NCBP3,Nuclear Cap Binding Subunit 3,Protein Coding,1.3428959,63
POP7,POP7 Ribonuclease P/MRP Subunit,Protein Coding,1.3428959,63
PPP1R2,Protein Phosphatase 1 Regulatory Inhibitor Subunit 2,Protein Coding,1.3428959,63
S100A16,S100 Calcium Binding Protein A16,Protein Coding,1.3428959,63
SNX33,Sorting Nexin 33,Protein Coding,1.3428959,63
TMEM201,Transmembrane Protein 201,Protein Coding,1.3428959,63
USP35,Ubiquitin Specific Peptidase 35,Protein Coding,1.3428959,63
VSNL1,Visinin Like 1,Protein Coding,1.3428959,63
YIPF3,Yip1 Domain Family Member 3,Protein Coding,1.3428959,63
COMMD10,COMM Domain Containing 10,Protein Coding,1.3428959,62
CWC25,CWC25 Spliceosome Associated Protein,Protein Coding,1.3428959,62
FAM91A1,Family With Sequence Similarity 91 Member A1,Protein Coding,1.3428959,62
GPATCH8,G-Patch Domain Containing 8,Protein Coding,1.3428959,62
LACTB2,Lactamase Beta 2,Protein Coding,1.3428959,62
LARP1B,La Ribonucleoprotein 1B,Protein Coding,1.3428959,62
LSM14B,LSM Family Member 14B,Protein Coding,1.3428959,62
MRPL16,Mitochondrial Ribosomal Protein L16,Protein Coding,1.3428959,62
MRPL32,Mitochondrial Ribosomal Protein L32,Protein Coding,1.3428959,62
NSA2,NSA2 Ribosome Biogenesis Factor,Protein Coding,1.3428959,62
PBLD,Phenazine Biosynthesis Like Protein Domain Containing,Protein Coding,1.3428959,62
TRUB1,TruB Pseudouridine Synthase Family Member 1,Protein Coding,1.3428959,62
UBL5,Ubiquitin Like 5,Protein Coding,1.3428959,62
ZNF574,Zinc Finger Protein 574,Protein Coding,1.3428959,62
ABT1,Activator Of Basal Transcription 1,Protein Coding,1.3428959,61
ANP32E,Acidic Nuclear Phosphoprotein 32 Family Member E,Protein Coding,1.3428959,61
ARID3B,AT-Rich Interaction Domain 3B,Protein Coding,1.3428959,61
ARPP19,CAMP Regulated Phosphoprotein 19,Protein Coding,1.3428959,61
KCTD5,Potassium Channel Tetramerization Domain Containing 5,Protein Coding,1.3428959,61
LRCH3,Leucine Rich Repeats And Calponin Homology Domain Containing 3,Protein Coding,1.3428959,61
NPM3,Nucleophosmin/Nucleoplasmin 3,Protein Coding,1.3428959,61
PAXBP1,PAX3 And PAX7 Binding Protein 1,Protein Coding,1.3428959,61
PRAM1,PML-RARA Regulated Adaptor Molecule 1,Protein Coding,1.3428959,61
RAVER1,"Ribonucleoprotein, PTB Binding 1",Protein Coding,1.3428959,61
USP31,Ubiquitin Specific Peptidase 31,Protein Coding,1.3428959,61
CCDC174,Coiled-Coil Domain Containing 174,Protein Coding,1.3428959,60
COA7,Cytochrome C Oxidase Assembly Factor 7,Protein Coding,1.3428959,60
H3-5,H3.5 Histone,Protein Coding,1.3428959,60
NOM1,Nucleolar Protein With MIF4G Domain 1,Protein Coding,1.3428959,60
QPCTL,Glutaminyl-Peptide Cyclotransferase Like,Protein Coding,1.3428959,60
SCOC,Short Coiled-Coil Protein,Protein Coding,1.3428959,60
SRSF8,Serine And Arginine Rich Splicing Factor 8,Protein Coding,1.3428959,60
TMED4,Transmembrane P24 Trafficking Protein 4,Protein Coding,1.3428959,60
AKAP17A,A-Kinase Anchoring Protein 17A,Protein Coding,1.3428959,59
APMAP,Adipocyte Plasma Membrane Associated Protein,Protein Coding,1.3428959,59
APOOL,Apolipoprotein O Like,Protein Coding,1.3428959,59
DTD1,D-Aminoacyl-TRNA Deacylase 1,Protein Coding,1.3428959,59
MIR29B2,MicroRNA 29b-2,RNA Gene,1.3428959,59
PRKRIP1,PRKR Interacting Protein 1,Protein Coding,1.3428959,59
RDM1,RAD52 Motif Containing 1,Protein Coding,1.3428959,59
RNF181,Ring Finger Protein 181,Protein Coding,1.3428959,59
RSBN1,Round Spermatid Basic Protein 1,Protein Coding,1.3428959,59
SLC4A1AP,Solute Carrier Family 4 Member 1 Adaptor Protein,Protein Coding,1.3428959,59
SNX16,Sorting Nexin 16,Protein Coding,1.3428959,59
CGGBP1,CGG Triplet Repeat Binding Protein 1,Protein Coding,1.3428959,58
NUDCD1,NudC Domain Containing 1,Protein Coding,1.3428959,58
RAMAC,RNA Guanine-7 Methyltransferase Activating Subunit,Protein Coding,1.3428959,58
RARRES1,Retinoic Acid Receptor Responder 1,Protein Coding,1.3428959,58
REEP3,Receptor Accessory Protein 3,Protein Coding,1.3428959,58
SAA4,"Serum Amyloid A4, Constitutive",Protein Coding,1.3428959,58
SNRNP27,Small Nuclear Ribonucleoprotein U4/U6.U5 Subunit 27,Protein Coding,1.3428959,58
SVBP,Small Vasohibin Binding Protein,Protein Coding,1.3428959,58
CSRNP1,Cysteine And Serine Rich Nuclear Protein 1,Protein Coding,1.3428959,57
EMC7,ER Membrane Protein Complex Subunit 7,Protein Coding,1.3428959,57
FNBP4,Formin Binding Protein 4,Protein Coding,1.3428959,57
KCTD2,Potassium Channel Tetramerization Domain Containing 2,Protein Coding,1.3428959,57
LENG8,Leukocyte Receptor Cluster Member 8,Protein Coding,1.3428959,57
MRPL55,Mitochondrial Ribosomal Protein L55,Protein Coding,1.3428959,57
PLBD1-AS1,PLBD1 Antisense RNA 1,RNA Gene,1.3428959,57
RPRD2,Regulation Of Nuclear Pre-MRNA Domain Containing 2,Protein Coding,1.3428959,57
TROAP,Trophinin Associated Protein,Protein Coding,1.3428959,57
ZCCHC3,Zinc Finger CCHC-Type Containing 3,Protein Coding,1.3428959,57
CCDC9,Coiled-Coil Domain Containing 9,Protein Coding,1.3428959,56
MAIP1,Matrix AAA Peptidase Interacting Protein 1,Protein Coding,1.3428959,56
PDCD7,Programmed Cell Death 7,Protein Coding,1.3428959,56
PRPF38B,Pre-MRNA Processing Factor 38B,Protein Coding,1.3428959,56
SACK1G,Scaffolding CK1 Anchoring Protein G,Protein Coding,1.3428959,56
THYN1,Thymocyte Nuclear Protein 1,Protein Coding,1.3428959,56
TMEM209,Transmembrane Protein 209,Protein Coding,1.3428959,56
ZNF766,Zinc Finger Protein 766,Protein Coding,1.3428959,56
IGDCC4,Immunoglobulin Superfamily DCC Subclass Member 4,Protein Coding,1.3428959,55
NUTM2B-AS1,NUTM2B Antisense RNA 1,RNA Gene,1.3428959,55
PPP1R14B,Protein Phosphatase 1 Regulatory Inhibitor Subunit 14B,Protein Coding,1.3428959,55
SBSN,Suprabasin,Protein Coding,1.3428959,55
ZNF629,Zinc Finger Protein 629,Protein Coding,1.3428959,55
CMTM7,CKLF Like MARVEL Transmembrane Domain Containing 7,Protein Coding,1.3428959,54
LSM12,LSM12 Homolog,Protein Coding,1.3428959,54
RGPD3,RANBP2 Like And GRIP Domain Containing 3,Protein Coding,1.3428959,54
LIFR-AS1,LIFR Antisense RNA 1,RNA Gene,1.3428959,53
MIR1287,MicroRNA 1287,RNA Gene,1.3428959,53
MIR325,MicroRNA 325,RNA Gene,1.3428959,53
MIR382,MicroRNA 382,RNA Gene,1.3428959,53
MIR509-3,MicroRNA 509-3,RNA Gene,1.3428959,53
MIR718,MicroRNA 718,RNA Gene,1.3428959,53
NRAD1,Non-Coding RNA In The Aldehyde Dehydrogenase 1A Pathway,RNA Gene,1.3428959,53
PROX1-AS1,PROX1 Antisense RNA 1,RNA Gene,1.3428959,53
SNORA23,"Small Nucleolar RNA, H/ACA Box 23",RNA Gene,1.3428959,52
TMA16,Translation Machinery Associated 16 Homolog,Protein Coding,1.3428959,52
ISOC2,Isochorismatase Domain Containing 2,Protein Coding,1.3428959,51
GOLM2,Golgi Membrane Protein 2,Protein Coding,1.3428959,50
GTPBP8,GTP Binding Protein 8,Protein Coding,1.3428959,50
NKAPD1,NKAP Domain Containing 1,Protein Coding,1.3428959,50
RPL13AP20,Ribosomal Protein L13a Pseudogene 20,Pseudogene,1.3428959,49
RPP25L,Ribonuclease P/MRP Subunit P25 Like,Protein Coding,1.3428959,47
C11orf98,Chromosome 11 Open Reading Frame 98,Protein Coding,1.3428959,46
C1orf174,Chromosome 1 Open Reading Frame 174,Protein Coding,1.3428959,46
PROSER2,Proline And Serine Rich 2,Protein Coding,1.3428959,45
C2orf68,Chromosome 2 Open Reading Frame 68,Protein Coding,1.3428959,44
C8orf82,Chromosome 8 Open Reading Frame 82,Protein Coding,1.3428959,43
HSPE1-MOB4,HSPE1-MOB4 Readthrough,Protein Coding,1.3428959,41
IGKV2D-24,Immunoglobulin Kappa Variable 2D-24 (Non-Functional),Protein Coding,1.3428959,38
NCBP2AS2,NCBP2 Antisense 2 (Head To Head),Protein Coding,1.3428959,38
C2orf72, Chromosome 2 Open Reading Frame 72 ,Protein Coding,1.3428959,33
CR2,Complement C3d Receptor 2,Protein Coding,1.3407296,96
TNFRSF13B,TNF Receptor Superfamily Member 13B,Protein Coding,1.3407296,87
FZD10,Frizzled Class Receptor 10,Protein Coding,1.3248607,76
SP100,SP100 Nuclear Antigen,Protein Coding,1.3194066,82
PDP1,Pyruvate Dehydrogenase Phosphatase Catalytic Subunit 1,Protein Coding,1.3148211,82
TMEM98,Transmembrane Protein 98,Protein Coding,1.3128407,68
ACACB,Acetyl-CoA Carboxylase Beta,Protein Coding,1.2984765,100
CIT,Citron Rho-Interacting Serine/Threonine Kinase,Protein Coding,1.2984765,100
CTSK,Cathepsin K,Protein Coding,1.2984765,100
NEDD4L,NEDD4 Like E3 Ubiquitin Protein Ligase,Protein Coding,1.2984765,100
RYR2,Ryanodine Receptor 2,Protein Coding,1.2984765,100
TH,Tyrosine Hydroxylase,Protein Coding,1.2984765,100
TRAF3,TNF Receptor Associated Factor 3,Protein Coding,1.2984765,100
COL11A1,Collagen Type XI Alpha 1 Chain,Protein Coding,1.2984765,99
MYO5A,Myosin VA,Protein Coding,1.2984765,99
ARID1B,AT-Rich Interaction Domain 1B,Protein Coding,1.2984765,98
KAT6A,Lysine Acetyltransferase 6A,Protein Coding,1.2984765,98
KLKB1,Kallikrein B1,Protein Coding,1.2984765,98
MTRR,5-Methyltetrahydrofolate-Homocysteine Methyltransferase Reductase,Protein Coding,1.2984765,98
TUBB2B,Tubulin Beta 2B Class IIb,Protein Coding,1.2984765,96
MAP1B,Microtubule Associated Protein 1B,Protein Coding,1.2984765,95
TGIF1,TGFB Induced Factor Homeobox 1,Protein Coding,1.2984765,95
DTNA,Dystrobrevin Alpha,Protein Coding,1.2984765,94
FLNC,Filamin C,Protein Coding,1.2984765,93
ACP5,"Acid Phosphatase 5, Tartrate Resistant",Protein Coding,1.2984765,92
PLAT,"Plasminogen Activator, Tissue Type",Protein Coding,1.2984765,92
SLC2A9,Solute Carrier Family 2 Member 9,Protein Coding,1.2984765,92
SMAD1,SMAD Family Member 1,Protein Coding,1.2984765,92
AP2S1,Adaptor Related Protein Complex 2 Subunit Sigma 1,Protein Coding,1.2984765,91
ARHGEF9,Cdc42 Guanine Nucleotide Exchange Factor 9,Protein Coding,1.2984765,91
ASXL1,ASXL Transcriptional Regulator 1,Protein Coding,1.2984765,91
DYNC1I1,Dynein Cytoplasmic 1 Intermediate Chain 1,Protein Coding,1.2984765,91
CLN3,"CLN3 Lysosomal/Endosomal Transmembrane Protein, Battenin",Protein Coding,1.2984765,90
EXT1,Exostosin Glycosyltransferase 1,Protein Coding,1.2984765,90
PHF21A,PHD Finger Protein 21A,Protein Coding,1.2984765,90
APOC3,Apolipoprotein C3,Protein Coding,1.2984765,89
CLCN3,Cl-/H+ Antiporter 3,Protein Coding,1.2984765,89
CORO1A,Coronin 1A,Protein Coding,1.2984765,89
RAD54L,RAD54 Like,Protein Coding,1.2984765,89
RBFOX2,RNA Binding Fox-1 Homolog 2,Protein Coding,1.2984765,89
RRAS2,RAS Related 2,Protein Coding,1.2984765,89
CBFB,Core-Binding Factor Subunit Beta,Protein Coding,1.2984765,88
LRP4,LDL Receptor Related Protein 4,Protein Coding,1.2984765,88
NECTIN2,Nectin Cell Adhesion Molecule 2,Protein Coding,1.2984765,88
ZMYM2,Zinc Finger MYM-Type Containing 2,Protein Coding,1.2984765,88
ABCG1,ATP Binding Cassette Subfamily G Member 1,Protein Coding,1.2984765,87
CABIN1,Calcineurin Binding Protein 1,Protein Coding,1.2984765,87
COL14A1,Collagen Type XIV Alpha 1 Chain,Protein Coding,1.2984765,87
CRK,"CRK Proto-Oncogene, Adaptor Protein",Protein Coding,1.2984765,87
KYNU,Kynureninase,Protein Coding,1.2984765,87
RNF8,Ring Finger Protein 8,Protein Coding,1.2984765,87
TRPM2,Transient Receptor Potential Cation Channel Subfamily M Member 2,Protein Coding,1.2984765,87
ADRA2A,Adrenoceptor Alpha 2A,Protein Coding,1.2984765,86
KDM4C,Lysine Demethylase 4C,Protein Coding,1.2984765,86
PREX1,"Phosphatidylinositol-3,4,5-Trisphosphate Dependent Rac Exchange Factor 1",Protein Coding,1.2984765,86
SEMA3C,Semaphorin 3C,Protein Coding,1.2984765,86
IL16,Interleukin 16,Protein Coding,1.2984765,85
STIL,STIL Centriolar Assembly Protein,Protein Coding,1.2984765,85
DNAJC5,DnaJ Heat Shock Protein Family (Hsp40) Member C5,Protein Coding,1.2984765,84
GCNT2,Glucosaminyl (N-Acetyl) Transferase 2 (I Blood Group),Protein Coding,1.2984765,84
P2RY2,Purinergic Receptor P2Y2,Protein Coding,1.2984765,84
PTAFR,Platelet Activating Factor Receptor,Protein Coding,1.2984765,84
CD70,CD70 Molecule,Protein Coding,1.2984765,83
GRK6,G Protein-Coupled Receptor Kinase 6,Protein Coding,1.2984765,83
HRG,Histidine Rich Glycoprotein,Protein Coding,1.2984765,83
CEP192,Centrosomal Protein 192,Protein Coding,1.2984765,82
LPAR2,Lysophosphatidic Acid Receptor 2,Protein Coding,1.2984765,82
SRI,Sorcin,Protein Coding,1.2984765,82
ADGRE5,Adhesion G Protein-Coupled Receptor E5,Protein Coding,1.2984765,81
NLRX1,NLR Family Member X1,Protein Coding,1.2984765,81
FMN1,Formin 1,Protein Coding,1.2984765,80
LAS1L,LAS1 Like Ribosome Biogenesis Factor,Protein Coding,1.2984765,80
RAD9A,RAD9 Checkpoint Clamp Component A,Protein Coding,1.2984765,80
TAX1BP1,Tax1 Binding Protein 1,Protein Coding,1.2984765,80
DBI,"Diazepam Binding Inhibitor, Acyl-CoA Binding Protein",Protein Coding,1.2984765,79
FCER1G,Fc Epsilon Receptor Ig,Protein Coding,1.2984765,79
PLXNB2,Plexin B2,Protein Coding,1.2984765,79
PRMT2,Protein Arginine Methyltransferase 2,Protein Coding,1.2984765,79
SH3RF1,SH3 Domain Containing Ring Finger 1,Protein Coding,1.2984765,79
STK24,Serine/Threonine Kinase 24,Protein Coding,1.2984765,79
YKT6,YKT6 Vesicular SNARE Protein,Protein Coding,1.2984765,79
ATP6V1C1,ATPase H+ Transporting V1 Subunit C1,Protein Coding,1.2984765,78
FAT3,FAT Atypical Cadherin 3,Protein Coding,1.2984765,78
GTF2H2,General Transcription Factor IIH Subunit 2,Protein Coding,1.2984765,78
PPP2R3A,Protein Phosphatase 2 Regulatory Subunit B''Alpha,Protein Coding,1.2984765,78
STK25,Serine/Threonine Kinase 25,Protein Coding,1.2984765,78
ETV1,ETS Variant Transcription Factor 1,Protein Coding,1.2984765,77
F2RL2,Coagulation Factor II Thrombin Receptor Like 2,Protein Coding,1.2984765,77
FLOT2,Flotillin 2,Protein Coding,1.2984765,77
GPR55,G Protein-Coupled Receptor 55,Protein Coding,1.2984765,77
LTB,Lymphotoxin Beta,Protein Coding,1.2984765,77
NOC2L,NOC2 Like Nucleolar Associated Transcriptional Repressor,Protein Coding,1.2984765,77
POLR2G,RNA Polymerase II Subunit G,Protein Coding,1.2984765,77
NR2F6,Nuclear Receptor Subfamily 2 Group F Member 6,Protein Coding,1.2984765,76
TFAP2C,Transcription Factor AP-2 Gamma,Protein Coding,1.2984765,76
USP44,Ubiquitin Specific Peptidase 44,Protein Coding,1.2984765,76
DGKG,Diacylglycerol Kinase Gamma,Protein Coding,1.2984765,75
KIF13A,Kinesin Family Member 13A,Protein Coding,1.2984765,75
KLK5,Kallikrein Related Peptidase 5,Protein Coding,1.2984765,75
PDGFC,Platelet Derived Growth Factor C,Protein Coding,1.2984765,75
PHLPP2,PH Domain And Leucine Rich Repeat Protein Phosphatase 2,Protein Coding,1.2984765,75
RAD54B,RAD54 Homolog B,Protein Coding,1.2984765,75
SLC7A2,Solute Carrier Family 7 Member 2,Protein Coding,1.2984765,75
SOD3,Superoxide Dismutase 3,Protein Coding,1.2984765,75
TRAPPC6B,Trafficking Protein Particle Complex Subunit 6B,Protein Coding,1.2984765,74
ACAD11,Acyl-CoA Dehydrogenase Family Member 11,Protein Coding,1.2984765,73
CD48,CD48 Molecule,Protein Coding,1.2984765,73
CPM,Carboxypeptidase M,Protein Coding,1.2984765,73
H1-1,"H1.1 Linker Histone, Cluster Member",Protein Coding,1.2984765,73
H2AC4,H2A Clustered Histone 4,Protein Coding,1.2984765,73
LSM7,"LSM7 Homolog, U6 Small Nuclear RNA And MRNA Degradation Associated",Protein Coding,1.2984765,73
MGST2,Microsomal Glutathione S-Transferase 2,Protein Coding,1.2984765,73
MXD1,MAX Dimerization Protein 1,Protein Coding,1.2984765,73
RHOF,"Ras Homolog Family Member F, Filopodia Associated",Protein Coding,1.2984765,73
SEC16B,"SEC16 Homolog B, Endoplasmic Reticulum Export Factor",Protein Coding,1.2984765,73
SPON2,Spondin 2,Protein Coding,1.2984765,73
SPRY4,Sprouty RTK Signaling Antagonist 4,Protein Coding,1.2984765,73
VSIG4,V-Set And Immunoglobulin Domain Containing 4,Protein Coding,1.2984765,73
ZNF746,Zinc Finger Protein 746,Protein Coding,1.2984765,73
KDELR1,KDEL Endoplasmic Reticulum Protein Retention Receptor 1,Protein Coding,1.2984765,72
MGAT4B,"Alpha-1,3-Mannosyl-Glycoprotein 4-Beta-N-Acetylglucosaminyltransferase B",Protein Coding,1.2984765,72
SHPRH,SNF2 Histone Linker PHD RING Helicase,Protein Coding,1.2984765,72
STON2,Stonin 2,Protein Coding,1.2984765,72
SUCO,SUN Domain Containing Ossification Factor,Protein Coding,1.2984765,72
TMOD1,Tropomodulin 1,Protein Coding,1.2984765,72
TMSB4X,Thymosin Beta 4 X-Linked,Protein Coding,1.2984765,72
TRIM55,Tripartite Motif Containing 55,Protein Coding,1.2984765,72
AGTRAP,Angiotensin II Receptor Associated Protein,Protein Coding,1.2984765,71
CBX6,Chromobox 6,Protein Coding,1.2984765,71
ERCC6L,"ERCC Excision Repair 6 Like, Spindle Assembly Checkpoint Helicase",Protein Coding,1.2984765,71
GGT7,Gamma-Glutamyltransferase 7,Protein Coding,1.2984765,71
IDO2,"Indoleamine 2,3-Dioxygenase 2",Protein Coding,1.2984765,71
KDELR2,KDEL Endoplasmic Reticulum Protein Retention Receptor 2,Protein Coding,1.2984765,71
PROCR,Protein C Receptor,Protein Coding,1.2984765,71
SEPTIN6,Septin 6,Protein Coding,1.2984765,71
ST13,ST13 Hsp70 Interacting Protein,Protein Coding,1.2984765,71
CIDEA,Cell Death Inducing DFFA Like Effector A,Protein Coding,1.2984765,70
FBXO3,F-Box Protein 3,Protein Coding,1.2984765,70
KHDRBS3,"KH RNA Binding Domain Containing, Signal Transduction Associated 3",Protein Coding,1.2984765,70
LDHD,Lactate Dehydrogenase D,Protein Coding,1.2984765,70
LOXL1,Lysyl Oxidase Like 1,Protein Coding,1.2984765,70
MED8,Mediator Complex Subunit 8,Protein Coding,1.2984765,70
MITD1,Microtubule Interacting And Trafficking Domain Containing 1,Protein Coding,1.2984765,70
OSBP2,Oxysterol Binding Protein 2,Protein Coding,1.2984765,70
SEC14L2,SEC14 Like Lipid Binding 2,Protein Coding,1.2984765,70
SLC39A6,Solute Carrier Family 39 Member 6,Protein Coding,1.2984765,70
BAIAP2L2,BAR/IMD Domain Containing Adaptor Protein 2 Like 2,Protein Coding,1.2984765,69
CCL23,C-C Motif Chemokine Ligand 23,Protein Coding,1.2984765,69
FOXN3,Forkhead Box N3,Protein Coding,1.2984765,69
NIBAN2,Niban Apoptosis Regulator 2,Protein Coding,1.2984765,69
PDLIM2,PDZ And LIM Domain 2,Protein Coding,1.2984765,69
PLEKHA8,Pleckstrin Homology Domain Containing A8,Protein Coding,1.2984765,69
SIGLEC7,Sialic Acid Binding Ig Like Lectin 7,Protein Coding,1.2984765,69
SVEP1,"Sushi, Von Willebrand Factor Type A, EGF And Pentraxin Domain Containing 1",Protein Coding,1.2984765,69
ZDHHC2,ZDHHC Palmitoyltransferase 2,Protein Coding,1.2984765,69
ACSM5,Acyl-CoA Synthetase Medium Chain Family Member 5,Protein Coding,1.2984765,68
HAO2,Hydroxyacid Oxidase 2,Protein Coding,1.2984765,68
ITIH1,Inter-Alpha-Trypsin Inhibitor Heavy Chain 1,Protein Coding,1.2984765,68
MEOX2,Mesenchyme Homeobox 2,Protein Coding,1.2984765,68
MEP1A,Meprin A Subunit Alpha,Protein Coding,1.2984765,68
MTERF3,Mitochondrial Transcription Termination Factor 3,Protein Coding,1.2984765,68
PLCL1,Phospholipase C Like 1 (Inactive),Protein Coding,1.2984765,68
PYGO2,Pygopus Family PHD Finger 2,Protein Coding,1.2984765,68
TNS4,Tensin 4,Protein Coding,1.2984765,68
TPTE,Transmembrane Phosphatase With Tensin Homology,Protein Coding,1.2984765,68
ALKBH1,"AlkB Homolog 1, Histone H2A Dioxygenase",Protein Coding,1.2984765,67
CXXC5,CXXC Finger Protein 5,Protein Coding,1.2984765,67
HLF,"HLF Transcription Factor, PAR BZIP Family Member",Protein Coding,1.2984765,67
HSPB7,Heat Shock Protein Family B (Small) Member 7,Protein Coding,1.2984765,67
IGHA1,Immunoglobulin Heavy Constant Alpha 1,Protein Coding,1.2984765,67
MFAP4,Microfibril Associated Protein 4,Protein Coding,1.2984765,67
PTPN18,Protein Tyrosine Phosphatase Non-Receptor Type 18,Protein Coding,1.2984765,67
SPCS3,Signal Peptidase Complex Subunit 3,Protein Coding,1.2984765,67
STEAP2,STEAP2 Metalloreductase,Protein Coding,1.2984765,67
TRIM3,Tripartite Motif Containing 3,Protein Coding,1.2984765,67
WDR74,WD Repeat Domain 74,Protein Coding,1.2984765,67
AKR7A3,Aldo-Keto Reductase Family 7 Member A3,Protein Coding,1.2984765,66
FAM111B,FAM111 Trypsin Like Peptidase B,Protein Coding,1.2984765,66
FOXO6,Forkhead Box O6,Protein Coding,1.2984765,66
IRX3,Iroquois Homeobox 3,Protein Coding,1.2984765,66
KLF12,KLF Transcription Factor 12,Protein Coding,1.2984765,66
MT-RNR1,Mitochondrially Encoded 12S RRNA,RNA Gene,1.2984765,66
PGLYRP2,Peptidoglycan Recognition Protein 2,Protein Coding,1.2984765,66
RBM23,RNA Binding Motif Protein 23,Protein Coding,1.2984765,66
BCL2L10,BCL2 Like 10,Protein Coding,1.2984765,65
IWS1,"Interacts With SUPT6H, CTD Assembly Factor 1",Protein Coding,1.2984765,65
LAPTM5,Lysosomal Protein Transmembrane 5,Protein Coding,1.2984765,65
PI3,Peptidase Inhibitor 3,Protein Coding,1.2984765,65
ZFP91,"ZFP91 Zinc Finger Protein, Atypical E3 Ubiquitin Ligase",Protein Coding,1.2984765,65
CENPW,Centromere Protein W,Protein Coding,1.2984765,64
SALL3,Spalt Like Transcription Factor 3,Protein Coding,1.2984765,64
SLC24A3,Solute Carrier Family 24 Member 3,Protein Coding,1.2984765,64
UBE2Q1,Ubiquitin Conjugating Enzyme E2 Q1,Protein Coding,1.2984765,64
FXYD5,FXYD Domain Containing Ion Transport Regulator 5,Protein Coding,1.2984765,63
NT5DC2,5'-Nucleotidase Domain Containing 2,Protein Coding,1.2984765,63
SCPEP1,Serine Carboxypeptidase 1,Protein Coding,1.2984765,63
SIGLEC15,Sialic Acid Binding Ig Like Lectin 15,Protein Coding,1.2984765,63
TMEM9,Transmembrane Protein 9,Protein Coding,1.2984765,63
CDCP1,CUB Domain Containing Protein 1,Protein Coding,1.2984765,62
FOXN2,Forkhead Box N2,Protein Coding,1.2984765,62
GRAMD4,GRAM Domain Containing 4,Protein Coding,1.2984765,62
ZIC5,Zic Family Zinc Finger 5,Protein Coding,1.2984765,62
ZNF165,Zinc Finger Protein 165,Protein Coding,1.2984765,62
H1-6,"H1.6 Linker Histone, Cluster Member",Protein Coding,1.2984765,61
JOSD2,Josephin Domain Containing 2,Protein Coding,1.2984765,61
KRT72,Keratin 72,Protein Coding,1.2984765,61
LAGE3,L Antigen Family Member 3,Protein Coding,1.2984765,61
MIR155HG,MIR155 Host Gene,RNA Gene,1.2984765,61
MIR885,MicroRNA 885,RNA Gene,1.2984765,61
NCR3LG1,Natural Killer Cell Cytotoxicity Receptor 3 Ligand 1,Protein Coding,1.2984765,61
POTEKP,"POTE Ankyrin Domain Family Member K, Pseudogene",Pseudogene,1.2984765,61
ZNF689,Zinc Finger Protein 689,Protein Coding,1.2984765,61
LAYN,Layilin,Protein Coding,1.2984765,60
MAL2,"Mal, T Cell Differentiation Protein 2",Protein Coding,1.2984765,60
SREK1,Splicing Regulatory Glutamic Acid And Lysine Rich Protein 1,Protein Coding,1.2984765,60
ZNF320,Zinc Finger Protein 320,Protein Coding,1.2984765,60
GPR78,G Protein-Coupled Receptor 78,Protein Coding,1.2984765,59
TENT5C,Terminal Nucleotidyltransferase 5C,Protein Coding,1.2984765,59
TNFAIP8,TNF Alpha Induced Protein 8,Protein Coding,1.2984765,59
MIR298,MicroRNA 298,RNA Gene,1.2984765,58
MIR657,MicroRNA 657,RNA Gene,1.2984765,58
MIR99AHG,Mir-99a-Let-7c Cluster Host Gene,RNA Gene,1.2984765,58
MIR520A,MicroRNA 520a,RNA Gene,1.2984765,57
MYADM,Myeloid Associated Differentiation Marker,Protein Coding,1.2984765,57
EIF3CL,Eukaryotic Translation Initiation Factor 3 Subunit C Like,Protein Coding,1.2984765,56
MIR422A,MicroRNA 422a,RNA Gene,1.2984765,56
SLC67A1-AS,SLC67A1 Antisense RNA,RNA Gene,1.2984765,56
SNHG32,Small Nucleolar RNA Host Gene 32,RNA Gene,1.2984765,56
TMC5,Transmembrane Channel Like 5,Protein Coding,1.2984765,55
ZNF616,Zinc Finger Protein 616,Protein Coding,1.2984765,55
MIR1301,MicroRNA 1301,RNA Gene,1.2984765,54
MIR135A2,MicroRNA 135a-2,RNA Gene,1.2984765,54
MIR18B,MicroRNA 18b,RNA Gene,1.2984765,54
MIR636,MicroRNA 636,RNA Gene,1.2984765,54
TCP10L3,T-Complex 10 Like 3 (Pseudogene),Pseudogene,1.2984765,54
GHET1,Gastric Carcinoma Proliferation Enhancing Transcript 1,RNA Gene,1.2984765,53
HISLA,HIF1A Stabilizing Long Noncoding RNA,RNA Gene,1.2984765,53
LINC01287,Long Intergenic Non-Protein Coding RNA 1287,RNA Gene,1.2984765,53
MIR1197,MicroRNA 1197,RNA Gene,1.2984765,53
MIR561,MicroRNA 561,RNA Gene,1.2984765,53
TM4SF4,Transmembrane 4 L Six Family Member 4,Protein Coding,1.2984765,53
VTRNA2-1,Vault RNA 2-1,RNA Gene,1.2984765,53
CMTM3,CKLF Like MARVEL Transmembrane Domain Containing 3,Protein Coding,1.2984765,52
CYB5D2,Cytochrome B5 Domain Containing 2,Protein Coding,1.2984765,52
MIR1260B,MicroRNA 1260b,RNA Gene,1.2984765,52
MIR3196,MicroRNA 3196,RNA Gene,1.2984765,52
MIR548L,MicroRNA 548l,RNA Gene,1.2984765,52
NALT1,NOTCH1 Associated LncRNA In T Cell Acute Lymphoblastic Leukemia 1,RNA Gene,1.2984765,52
ARAP1-AS1,ARAP1 Antisense RNA 1,RNA Gene,1.2984765,51
FAM120C,Family With Sequence Similarity 120 Member C,Protein Coding,1.2984765,51
MIR1285-2,MicroRNA 1285-2,RNA Gene,1.2984765,51
MIR2392,MicroRNA 2392,RNA Gene,1.2984765,51
MIR568,MicroRNA 568,RNA Gene,1.2984765,51
PKD1P6,"Polycystin 1, Transient Receptor Potential Channel Interacting Pseudogene 6",Pseudogene,1.2984765,51
POTEJ,POTE Ankyrin Domain Family Member J,Protein Coding,1.2984765,51
KLF14,KLF Transcription Factor 14,Protein Coding,1.2984765,50
LINC00869,Long Intergenic Non-Protein Coding RNA 869,RNA Gene,1.2984765,50
MIR6728,MicroRNA 6728,RNA Gene,1.2984765,50
PLGLA,Plasminogen Like A (Pseudogene),Pseudogene,1.2984765,50
SNAI3,Snail Family Transcriptional Repressor 3,Protein Coding,1.2984765,49
LOC105372441,Uncharacterized LOC105372441,RNA Gene,1.2984765,47
EGLN3-AS1,EGLN3 Antisense RNA 1,RNA Gene,1.2984765,45
UGT1A,UDP Glucuronosyltransferase Family 1 Member A Complex Locus,Protein Coding,1.2984765,42
BAGE,B Melanoma Antigen,Protein Coding,1.2984765,33
GCGR,Glucagon Receptor,Protein Coding,1.2917913,94
NDUFS7,NADH:Ubiquinone Oxidoreductase Core Subunit S7,Protein Coding,1.2917913,94
DOCK3,Dedicator Of Cytokinesis 3,Protein Coding,1.2917913,92
MYOD1,Myogenic Differentiation 1,Protein Coding,1.2917913,84
UGT1A5,UDP Glucuronosyltransferase Family 1 Member A5,Protein Coding,1.2917913,83
SLC13A3,Solute Carrier Family 13 Member 3,Protein Coding,1.2917913,81
S1PR5,Sphingosine-1-Phosphate Receptor 5,Protein Coding,1.2917913,80
NQO2,N-Ribosyldihydronicotinamide:Quinone Dehydrogenase 2,Protein Coding,1.2917913,76
MAN1A1,Mannosidase Alpha Class 1A Member 1,Protein Coding,1.2917913,73
SLC28A3,Solute Carrier Family 28 Member 3,Protein Coding,1.2917913,73
AMY2A,Amylase Alpha 2A,Protein Coding,1.2917913,71
AMY1B,Amylase Alpha 1B,Protein Coding,1.2917913,65
STK17A,Serine/Threonine Kinase 17a,Protein Coding,1.2917913,65
AMY1C,Amylase Alpha 1C,Protein Coding,1.2917913,63
TMEM131L,Transmembrane 131 Like,Protein Coding,1.2917913,59
HLA-DQB2,"Major Histocompatibility Complex, Class II, DQ Beta 2",Protein Coding,1.2902051,76
TRIM39,Tripartite Motif Containing 39,Protein Coding,1.2902051,72
SLC19A2,Solute Carrier Family 19 Member 2,Protein Coding,1.2824826,91
FZD9,Frizzled Class Receptor 9,Protein Coding,1.2804413,79
KLF1,KLF Transcription Factor 1,Protein Coding,1.2507402,86
PHKA1,Phosphorylase Kinase Regulatory Subunit Alpha 1,Protein Coding,1.2507402,80
CALM2,Calmodulin 2,Protein Coding,1.2457869,100
NCF2,Neutrophil Cytosolic Factor 2,Protein Coding,1.2457869,100
PAFAH1B1,Platelet Activating Factor Acetylhydrolase 1b Regulatory Subunit 1,Protein Coding,1.2457869,100
CD3D,CD3 Delta Subunit Of T-Cell Receptor Complex,Protein Coding,1.2457869,99
ITGB6,Integrin Subunit Beta 6,Protein Coding,1.2457869,99
LAMA2,Laminin Subunit Alpha 2,Protein Coding,1.2457869,98
REST,RE1 Silencing Transcription Factor,Protein Coding,1.2457869,97
TUBA8,Tubulin Alpha 8,Protein Coding,1.2457869,97
ACAN,Aggrecan,Protein Coding,1.2457869,96
EPOR,Erythropoietin Receptor,Protein Coding,1.2457869,96
GNAI1,G Protein Subunit Alpha I1,Protein Coding,1.2457869,96
NLRP1,NLR Family Pyrin Domain Containing 1,Protein Coding,1.2457869,96
NRP2,Neuropilin 2,Protein Coding,1.2457869,96
TCF12,Transcription Factor 12,Protein Coding,1.2457869,96
GNB4,G Protein Subunit Beta 4,Protein Coding,1.2457869,94
NEFL,Neurofilament Light Chain,Protein Coding,1.2457869,94
PIAS1,Protein Inhibitor Of Activated STAT 1,Protein Coding,1.2457869,94
SCN4A,Sodium Voltage-Gated Channel Alpha Subunit 4,Protein Coding,1.2457869,94
SPG7,"SPG7 Matrix AAA Peptidase Subunit, Paraplegin",Protein Coding,1.2457869,94
PDE6A,Phosphodiesterase 6A,Protein Coding,1.2457869,93
TNFRSF4,TNF Receptor Superfamily Member 4,Protein Coding,1.2457869,93
IKBKE,Inhibitor Of Nuclear Factor Kappa B Kinase Subunit Epsilon,Protein Coding,1.2457869,92
MST1R,Macrophage Stimulating 1 Receptor,Protein Coding,1.2457869,92
POLE2,"DNA Polymerase Epsilon 2, Accessory Subunit",Protein Coding,1.2457869,92
TNIK,TRAF2 And NCK Interacting Kinase,Protein Coding,1.2457869,92
EP400,E1A Binding Protein P400,Protein Coding,1.2457869,91
EXT2,Exostosin Glycosyltransferase 2,Protein Coding,1.2457869,91
IL21R,Interleukin 21 Receptor,Protein Coding,1.2457869,91
NR0B1,Nuclear Receptor Subfamily 0 Group B Member 1,Protein Coding,1.2457869,91
ORAI1,ORAI Calcium Release-Activated Calcium Modulator 1,Protein Coding,1.2457869,91
VAMP2,Vesicle Associated Membrane Protein 2,Protein Coding,1.2457869,91
AP1G1,Adaptor Related Protein Complex 1 Subunit Gamma 1,Protein Coding,1.2457869,90
KISS1R,KISS1 Receptor,Protein Coding,1.2457869,90
KMT5B,Lysine Methyltransferase 5B,Protein Coding,1.2457869,90
SMARCAL1,SNF2 Related Chromatin Remodeling Annealing Helicase 1,Protein Coding,1.2457869,90
EIF4A2,Eukaryotic Translation Initiation Factor 4A2,Protein Coding,1.2457869,89
PTPN4,Protein Tyrosine Phosphatase Non-Receptor Type 4,Protein Coding,1.2457869,89
ALOX12,"Arachidonate 12-Lipoxygenase, 12S Type",Protein Coding,1.2457869,88
CTNND2,Catenin Delta 2,Protein Coding,1.2457869,88
SETD1B,"SET Domain Containing 1B, Histone Lysine Methyltransferase",Protein Coding,1.2457869,88
SLC8A1,Solute Carrier Family 8 Member A1,Protein Coding,1.2457869,88
EFNB1,Ephrin B1,Protein Coding,1.2457869,87
GPAA1,Glycosylphosphatidylinositol Anchor Attachment 1,Protein Coding,1.2457869,87
HERC1,HECT And RLD Domain Containing E3 Ubiquitin Protein Ligase Family Member 1,Protein Coding,1.2457869,87
LIMS2,LIM Zinc Finger Domain Containing 2,Protein Coding,1.2457869,87
C3AR1,Complement C3a Receptor 1,Protein Coding,1.2457869,86
CORIN,"Corin, Serine Peptidase",Protein Coding,1.2457869,86
WNK2,WNK Lysine Deficient Protein Kinase 2,Protein Coding,1.2457869,86
CANT1,Calcium Activated Nucleotidase 1,Protein Coding,1.2457869,85
DOK1,Docking Protein 1,Protein Coding,1.2457869,85
FASTKD2,FAST Kinase Domains 2,Protein Coding,1.2457869,85
NCOA6,Nuclear Receptor Coactivator 6,Protein Coding,1.2457869,85
CELSR2,Cadherin EGF LAG Seven-Pass G-Type Receptor 2,Protein Coding,1.2457869,84
EZH1,Enhancer Of Zeste 1 Polycomb Repressive Complex 2 Subunit,Protein Coding,1.2457869,84
GABRA3,Gamma-Aminobutyric Acid Type A Receptor Subunit Alpha3,Protein Coding,1.2457869,84
IL18R1,Interleukin 18 Receptor 1,Protein Coding,1.2457869,84
LPAR3,Lysophosphatidic Acid Receptor 3,Protein Coding,1.2457869,84
TLE1,"TLE Family Member 1, Transcriptional Corepressor",Protein Coding,1.2457869,84
TNKS2,Tankyrase 2,Protein Coding,1.2457869,84
UBE2D3,Ubiquitin Conjugating Enzyme E2 D3,Protein Coding,1.2457869,84
ACTN3,Actinin Alpha 3,Protein Coding,1.2457869,83
GLMN,"Glomulin, FKBP Associated Protein",Protein Coding,1.2457869,83
LOXL3,Lysyl Oxidase Like 3,Protein Coding,1.2457869,83
MT-CO3,Mitochondrially Encoded Cytochrome C Oxidase III,Protein Coding,1.2457869,83
NTF3,Neurotrophin 3,Protein Coding,1.2457869,83
PITPNM3,PITPNM Family Member 3,Protein Coding,1.2457869,83
PRIM1,DNA Primase Subunit 1,Protein Coding,1.2457869,83
STAG3,STAG3 Cohesin Complex Component,Protein Coding,1.2457869,83
TIRAP,TIR Domain Containing Adaptor Protein,Protein Coding,1.2457869,83
ZNF143,Zinc Finger Protein 143,Protein Coding,1.2457869,83
AP2A2,Adaptor Related Protein Complex 2 Subunit Alpha 2,Protein Coding,1.2457869,82
CA12,Carbonic Anhydrase 12,Protein Coding,1.2457869,82
NAXE,NAD(P)HX Epimerase,Protein Coding,1.2457869,82
NPY1R,Neuropeptide Y Receptor Y1,Protein Coding,1.2457869,82
PAPOLA,Poly(A) Polymerase Alpha,Protein Coding,1.2457869,82
SLIT1,Slit Guidance Ligand 1,Protein Coding,1.2457869,82
TNIP2,TNFAIP3 Interacting Protein 2,Protein Coding,1.2457869,82
CIZ1,CDKN1A Interacting Zinc Finger Protein 1,Protein Coding,1.2457869,81
HIF3A,Hypoxia Inducible Factor 3 Subunit Alpha,Protein Coding,1.2457869,81
MPDU1,Mannose-P-Dolichol Utilization Defect 1,Protein Coding,1.2457869,81
MYO18B,Myosin XVIIIB,Protein Coding,1.2457869,81
RHOT1,Ras Homolog Family Member T1,Protein Coding,1.2457869,81
BAG5,BAG Cochaperone 5,Protein Coding,1.2457869,80
IL27RA,Interleukin 27 Receptor Subunit Alpha,Protein Coding,1.2457869,80
KDM2A,Lysine Demethylase 2A,Protein Coding,1.2457869,80
PPP1R13B,Protein Phosphatase 1 Regulatory Subunit 13B,Protein Coding,1.2457869,80
TONSL,"Tonsoku Like, DNA Repair Protein",Protein Coding,1.2457869,80
TRAF5,TNF Receptor Associated Factor 5,Protein Coding,1.2457869,80
TRPM8,Transient Receptor Potential Cation Channel Subfamily M Member 8,Protein Coding,1.2457869,80
ACADL,Acyl-CoA Dehydrogenase Long Chain,Protein Coding,1.2457869,79
CAMSAP1,Calmodulin Regulated Spectrin Associated Protein 1,Protein Coding,1.2457869,79
LZTFL1,Leucine Zipper Transcription Factor Like 1,Protein Coding,1.2457869,79
NUP54,Nucleoporin 54,Protein Coding,1.2457869,79
AQP5,Aquaporin 5,Protein Coding,1.2457869,78
BCORL1,BCL6 Corepressor Like 1,Protein Coding,1.2457869,78
GABRR1,Gamma-Aminobutyric Acid Type A Receptor Subunit Rho1,Protein Coding,1.2457869,78
HIVEP2,HIVEP Zinc Finger 2,Protein Coding,1.2457869,78
PCDH19,Protocadherin 19,Protein Coding,1.2457869,78
PPM1F,"Protein Phosphatase, Mg2+/Mn2+ Dependent 1F",Protein Coding,1.2457869,78
SACK1H,Scaffolding CK1 Anchoring Protein H,Protein Coding,1.2457869,78
EFNA5,Ephrin A5,Protein Coding,1.2457869,77
H2BC5,H2B Clustered Histone 5,Protein Coding,1.2457869,77
CLDN5,Claudin 5,Protein Coding,1.2457869,76
IL17RB,Interleukin 17 Receptor B,Protein Coding,1.2457869,76
ITGB3BP,Integrin Subunit Beta 3 Binding Protein,Protein Coding,1.2457869,76
TBL3,Transducin Beta Like 3,Protein Coding,1.2457869,76
GAS7,Growth Arrest Specific 7,Protein Coding,1.2457869,75
GOLGB1,Golgin B1,Protein Coding,1.2457869,75
GSC,Goosecoid Homeobox,Protein Coding,1.2457869,75
RNF6,Ring Finger Protein 6,Protein Coding,1.2457869,75
RUBCN,Rubicon Autophagy Regulator,Protein Coding,1.2457869,75
BTLA,B And T Lymphocyte Associated,Protein Coding,1.2457869,74
CAMP,Cathelicidin Antimicrobial Peptide,Protein Coding,1.2457869,74
H2BC10,H2B Clustered Histone 10,Protein Coding,1.2457869,74
H2BC15,H2B Clustered Histone 15,Protein Coding,1.2457869,74
MTF1,Metal Regulatory Transcription Factor 1,Protein Coding,1.2457869,74
NPNT,Nephronectin,Protein Coding,1.2457869,74
NTN4,Netrin 4,Protein Coding,1.2457869,74
RND1,Rho Family GTPase 1,Protein Coding,1.2457869,74
ATG4D,Autophagy Related 4D Cysteine Peptidase,Protein Coding,1.2457869,73
CDK3,Cyclin Dependent Kinase 3,Protein Coding,1.2457869,73
GOLGA3,Golgin A3,Protein Coding,1.2457869,73
PLXNC1,Plexin C1,Protein Coding,1.2457869,73
POPDC1,Popeye Domain CAMP Effector 1,Protein Coding,1.2457869,73
SPRY1,Sprouty RTK Signaling Antagonist 1,Protein Coding,1.2457869,73
TWF1,Twinfilin Actin Binding Protein 1,Protein Coding,1.2457869,73
CCL17,C-C Motif Chemokine Ligand 17,Protein Coding,1.2457869,72
CRNKL1,Crooked Neck Pre-MRNA Splicing Factor 1,Protein Coding,1.2457869,72
GORAB,"Golgin, RAB6 Interacting",Protein Coding,1.2457869,72
H2BC1,H2B Clustered Histone 1,Protein Coding,1.2457869,72
H2BC17,H2B Clustered Histone 17,Protein Coding,1.2457869,72
H2BC9,H2B Clustered Histone 9,Protein Coding,1.2457869,72
LAIR1,Leukocyte Associated Immunoglobulin Like Receptor 1,Protein Coding,1.2457869,72
PPP1R9B,Protein Phosphatase 1 Regulatory Subunit 9B,Protein Coding,1.2457869,72
RGS1,Regulator Of G Protein Signaling 1,Protein Coding,1.2457869,72
TRIM65,Tripartite Motif Containing 65,Protein Coding,1.2457869,72
ABCB10,ATP Binding Cassette Subfamily B Member 10,Protein Coding,1.2457869,71
B4GALT5,"Beta-1,4-Galactosyltransferase 5",Protein Coding,1.2457869,71
FBXL3,F-Box And Leucine Rich Repeat Protein 3,Protein Coding,1.2457869,71
H2BC14,H2B Clustered Histone 14,Protein Coding,1.2457869,71
MYBL1,MYB Proto-Oncogene Like 1,Protein Coding,1.2457869,71
SLFN11,Schlafen Family Member 11,Protein Coding,1.2457869,71
TGIF2,TGFB Induced Factor Homeobox 2,Protein Coding,1.2457869,71
USP37,Ubiquitin Specific Peptidase 37,Protein Coding,1.2457869,71
ABCA8,ATP Binding Cassette Subfamily A Member 8,Protein Coding,1.2457869,70
ARL8B,ARF Like GTPase 8B,Protein Coding,1.2457869,70
CAMSAP2,Calmodulin Regulated Spectrin Associated Protein Family Member 2,Protein Coding,1.2457869,70
ICMT,Isoprenylcysteine Carboxyl Methyltransferase,Protein Coding,1.2457869,70
KRT6C,Keratin 6C,Protein Coding,1.2457869,70
NOSTRIN,Nitric Oxide Synthase Trafficking,Protein Coding,1.2457869,70
PARD6B,Par-6 Family Cell Polarity Regulator Beta,Protein Coding,1.2457869,70
PTPRE,Protein Tyrosine Phosphatase Receptor Type E,Protein Coding,1.2457869,70
TFPT,TCF3 Fusion Partner,Protein Coding,1.2457869,70
CYTH3,Cytohesin 3,Protein Coding,1.2457869,69
NOL6,Nucleolar Protein 6,Protein Coding,1.2457869,69
CA3,Carbonic Anhydrase 3,Protein Coding,1.2457869,68
HAS2,Hyaluronan Synthase 2,Protein Coding,1.2457869,68
PSG9,Pregnancy Specific Beta-1-Glycoprotein 9,Protein Coding,1.2457869,68
SOCS7,Suppressor Of Cytokine Signaling 7,Protein Coding,1.2457869,68
TADA2B,Transcriptional Adaptor 2B,Protein Coding,1.2457869,68
TRIM66,Tripartite Motif Containing 66,Protein Coding,1.2457869,68
ECM2,Extracellular Matrix Protein 2,Protein Coding,1.2457869,67
HPR,Haptoglobin-Related Protein,Protein Coding,1.2457869,67
IL25,Interleukin 25,Protein Coding,1.2457869,67
IRGM,Immunity Related GTPase M,Protein Coding,1.2457869,67
KRT81,Keratin 81,Protein Coding,1.2457869,67
MTCH1,Mitochondrial Carrier 1,Protein Coding,1.2457869,67
PRMT9,Protein Arginine Methyltransferase 9,Protein Coding,1.2457869,67
RAB22A,"RAB22A, Member RAS Oncogene Family",Protein Coding,1.2457869,67
TICRR,TOPBP1 Interacting Checkpoint And Replication Regulator,Protein Coding,1.2457869,67
TMEM97,Transmembrane Protein 97,Protein Coding,1.2457869,67
ANXA2P2,Annexin A2 Pseudogene 2,Pseudogene,1.2457869,66
CDKL2,Cyclin Dependent Kinase Like 2,Protein Coding,1.2457869,66
FBXO45,F-Box Protein 45,Protein Coding,1.2457869,66
FOXD1,Forkhead Box D1,Protein Coding,1.2457869,66
HBZ,Hemoglobin Subunit Zeta,Protein Coding,1.2457869,66
TGFBRAP1,Transforming Growth Factor Beta Receptor Associated Protein 1,Protein Coding,1.2457869,66
WIPF2,WAS/WASL Interacting Protein Family Member 2,Protein Coding,1.2457869,66
ADPGK,ADP Dependent Glucokinase,Protein Coding,1.2457869,65
BIK,BCL2 Interacting Killer,Protein Coding,1.2457869,65
GINS3,GINS Complex Subunit 3,Protein Coding,1.2457869,65
GULP1,GULP PTB Domain Containing Engulfment Adaptor 1,Protein Coding,1.2457869,65
LRIG3,Leucine Rich Repeats And Immunoglobulin Like Domains 3,Protein Coding,1.2457869,65
ZBTB35,Zinc Finger And BTB Domain Containing 35,Protein Coding,1.2457869,65
ASB3,Ankyrin Repeat And SOCS Box Containing 3,Protein Coding,1.2457869,64
C1GALT1C1,C1GALT1 Specific Chaperone 1,Protein Coding,1.2457869,64
EEF1A1P5,Eukaryotic Translation Elongation Factor 1 Alpha 1 Pseudogene 5,Pseudogene,1.2457869,64
KBTBD8,Kelch Repeat And BTB Domain Containing 8,Protein Coding,1.2457869,64
NFE2L3,NFE2 Like BZIP Transcription Factor 3,Protein Coding,1.2457869,64
RBM38,RNA Binding Motif Protein 38,Protein Coding,1.2457869,64
RGS22,Regulator Of G Protein Signaling 22,Protein Coding,1.2457869,64
SMYD4,SET And MYND Domain Containing 4,Protein Coding,1.2457869,64
TCFL5,Transcription Factor Like 5,Protein Coding,1.2457869,64
ASPRV1,Aspartic Peptidase Retroviral Like 1,Protein Coding,1.2457869,63
B3GALT5,"Beta-1,3-Galactosyltransferase 5",Protein Coding,1.2457869,63
L3MBTL4,L3MBTL Histone Methyl-Lysine Binding Protein 4,Protein Coding,1.2457869,63
SLC9D1,Solute Carrier Family 9 Member D1,Protein Coding,1.2457869,63
ARRDC1,Arrestin Domain Containing 1,Protein Coding,1.2457869,62
RBMS2,RNA Binding Motif Single Stranded Interacting Protein 2,Protein Coding,1.2457869,62
SLC31A2,Solute Carrier Family 31 Member 2,Protein Coding,1.2457869,62
ZKSCAN4,Zinc Finger With KRAB And SCAN Domains 4,Protein Coding,1.2457869,62
BCL2L12,BCL2 Like 12,Protein Coding,1.2457869,61
LOC107982234,WT1/WT1-AS Bi-Directional Promoter Region,Functional Element,1.2457869,61
LYPD3,LY6/PLAUR Domain Containing 3,Protein Coding,1.2457869,61
S100A14,S100 Calcium Binding Protein A14,Protein Coding,1.2457869,61
ST18,ST18 C2H2C-Type Zinc Finger Transcription Factor,Protein Coding,1.2457869,61
SYPL1,Synaptophysin Like 1,Protein Coding,1.2457869,61
ZNF717,Zinc Finger Protein 717,Protein Coding,1.2457869,61
FBXO17,F-Box Protein 17,Protein Coding,1.2457869,60
OBI1,ORC Ubiquitin Ligase 1,Protein Coding,1.2457869,60
TRIM7,Tripartite Motif Containing 7,Protein Coding,1.2457869,60
FIGN,"Fidgetin, Microtubule Severing Factor",Protein Coding,1.2457869,59
MIR2355,MicroRNA 2355,RNA Gene,1.2457869,59
PUSL1,Pseudouridine Synthase Like 1,Protein Coding,1.2457869,59
RAB19,"RAB19, Member RAS Oncogene Family",Protein Coding,1.2457869,59
USP17L2,Ubiquitin Specific Peptidase 17 Like Family Member 2,Protein Coding,1.2457869,59
LINC00240,Long Intergenic Non-Protein Coding RNA 240,RNA Gene,1.2457869,58
MIR1296,MicroRNA 1296,RNA Gene,1.2457869,58
MIR572,MicroRNA 572,RNA Gene,1.2457869,58
PLCE1-AS1,PLCE1 Antisense RNA 1,RNA Gene,1.2457869,58
ANGPTL2,Angiopoietin Like 2,Protein Coding,1.2457869,57
ASNSD1,Asparagine Synthetase Domain Containing 1,Protein Coding,1.2457869,57
C1QTNF1,C1q And TNF Related 1,Protein Coding,1.2457869,57
DUSP28,Dual Specificity Phosphatase 28,Protein Coding,1.2457869,57
KRI1,KRI1 Homolog,Protein Coding,1.2457869,57
LINC00052,Long Intergenic Non-Protein Coding RNA 52,RNA Gene,1.2457869,57
MIR548C,MicroRNA 548c,RNA Gene,1.2457869,57
COXFA4L2,Cytochrome C Oxidase Hypoxia Associated Subunit FA4L2,Protein Coding,1.2457869,56
MIR520H,MicroRNA 520h,RNA Gene,1.2457869,56
RITA1,RBPJ Interacting And Tubulin Associated 1,Protein Coding,1.2457869,56
RN7SL1,RNA Component Of Signal Recognition Particle 7SL1,RNA Gene,1.2457869,56
CCNJL,Cyclin J Like,Protein Coding,1.2457869,55
MIR450A1,MicroRNA 450a-1,RNA Gene,1.2457869,55
MIR516B1,MicroRNA 516b-1,RNA Gene,1.2457869,55
MIR518A2,MicroRNA 518a-2,RNA Gene,1.2457869,55
MIR519B,MicroRNA 519b,RNA Gene,1.2457869,55
MIR525,MicroRNA 525,RNA Gene,1.2457869,55
MIR597,MicroRNA 597,RNA Gene,1.2457869,55
MIR605,MicroRNA 605,RNA Gene,1.2457869,55
MIR632,MicroRNA 632,RNA Gene,1.2457869,55
MIR652,MicroRNA 652,RNA Gene,1.2457869,55
MIR920,MicroRNA 920,RNA Gene,1.2457869,55
PRPF39,Pre-MRNA Processing Factor 39,Protein Coding,1.2457869,55
PWRN1,Prader-Willi Region Non-Protein Coding RNA 1,RNA Gene,1.2457869,55
APOC1P1,Apolipoprotein C1 Pseudogene 1,Pseudogene,1.2457869,54
MIR1306,MicroRNA 1306,RNA Gene,1.2457869,54
MIR651,MicroRNA 651,RNA Gene,1.2457869,54
MIR670,MicroRNA 670,RNA Gene,1.2457869,54
PTTG2,Pituitary Tumor-Transforming 2,Protein Coding,1.2457869,54
ATAD3C,ATPase Family AAA Domain Containing 3C,Protein Coding,1.2457869,53
CLRN1-AS1,CLRN1 Antisense RNA 1,RNA Gene,1.2457869,53
CPS1-IT1,CPS1 Intronic Transcript 1,RNA Gene,1.2457869,53
LINC00899,Long Intergenic Non-Protein Coding RNA 899,RNA Gene,1.2457869,53
LINC01060,Long Intergenic Non-Protein Coding RNA 1060,RNA Gene,1.2457869,53
LINC01605,Long Intergenic Non-Protein Coding RNA 1605,RNA Gene,1.2457869,53
LMCD1-AS1,LMCD1 Antisense RNA 1,RNA Gene,1.2457869,53
MIR3129,MicroRNA 3129,RNA Gene,1.2457869,53
MIR3613,MicroRNA 3613,RNA Gene,1.2457869,53
MIR380,MicroRNA 380,RNA Gene,1.2457869,53
MIR4497,MicroRNA 4497,RNA Gene,1.2457869,53
MIR627,MicroRNA 627,RNA Gene,1.2457869,53
MIR644A,MicroRNA 644a,RNA Gene,1.2457869,53
MIR646,MicroRNA 646,RNA Gene,1.2457869,53
MIR9-3HG,MIR9-3 Host Gene,RNA Gene,1.2457869,53
NRSN2,Neurensin 2,Protein Coding,1.2457869,53
PPP1R13B-DT,PPP1R13B Divergent Transcript,RNA Gene,1.2457869,53
TEX41,Testis Expressed 41,RNA Gene,1.2457869,53
AOC4P,"Amine Oxidase Copper Containing 4, Pseudogene",Pseudogene,1.2457869,52
LINC00671,Long Intergenic Non-Protein Coding RNA 671,RNA Gene,1.2457869,52
MIR3188,MicroRNA 3188,RNA Gene,1.2457869,52
MIR4465,MicroRNA 4465,RNA Gene,1.2457869,52
MIR4782,MicroRNA 4782,RNA Gene,1.2457869,52
MIR527,MicroRNA 527,RNA Gene,1.2457869,52
MIR761,MicroRNA 761,RNA Gene,1.2457869,52
MIR7706,MicroRNA 7706,RNA Gene,1.2457869,52
MUC20-OT1,MUC20 Overlapping Transcript,RNA Gene,1.2457869,52
RASSF10,Ras Association Domain Family Member 10,Protein Coding,1.2457869,52
SSTR5-AS1,SSTR5 Antisense RNA 1,RNA Gene,1.2457869,52
TM4SF1-AS1,TM4SF1 Antisense RNA 1,RNA Gene,1.2457869,52
LINC01224,Long Intergenic Non-Protein Coding RNA 1224,RNA Gene,1.2457869,51
MIR1260A,MicroRNA 1260a,RNA Gene,1.2457869,51
MIR1305,MicroRNA 1305,RNA Gene,1.2457869,51
MIR3064,MicroRNA 3064,RNA Gene,1.2457869,51
MIR3127,MicroRNA 3127,RNA Gene,1.2457869,51
MIR3187,MicroRNA 3187,RNA Gene,1.2457869,51
MIR3614,MicroRNA 3614,RNA Gene,1.2457869,51
MIR3928,MicroRNA 3928,RNA Gene,1.2457869,51
PCAT2,Prostate Cancer Associated Transcript 2,RNA Gene,1.2457869,51
PLAC1,Placenta Enriched 1,Protein Coding,1.2457869,51
LINC01508,Long Intergenic Non-Protein Coding RNA 1508,RNA Gene,1.2457869,50
LNCTAM34A,Long Non Coding Transcriptional Activator Of MiR34a,RNA Gene,1.2457869,50
MIR1181,MicroRNA 1181,RNA Gene,1.2457869,50
MIR1268A,MicroRNA 1268a,RNA Gene,1.2457869,50
MIR3154,MicroRNA 3154,RNA Gene,1.2457869,50
MIR4698,MicroRNA 4698,RNA Gene,1.2457869,50
MIR621,MicroRNA 621,RNA Gene,1.2457869,50
SNORD76,"Small Nucleolar RNA, C/D Box 76",RNA Gene,1.2457869,50
MIR374C,MicroRNA 374c,RNA Gene,1.2457869,49
MIR4306,MicroRNA 4306,RNA Gene,1.2457869,49
MIR4669,MicroRNA 4669,RNA Gene,1.2457869,49
MIR6715A,MicroRNA 6715a,RNA Gene,1.2457869,49
SNORD138,"Small Nucleolar RNA, C/D Box 138",RNA Gene,1.2457869,49
MAGEA9,MAGE Family Member A9,Protein Coding,1.2457869,48
MIR3658,MicroRNA 3658,RNA Gene,1.2457869,48
CMTM2,CKLF Like MARVEL Transmembrane Domain Containing 2,Protein Coding,1.2457869,47
FAM138C,Family With Sequence Similarity 138 Member C,RNA Gene,1.2457869,47
PCNA-AS1,PCNA Antisense RNA 1,RNA Gene,1.2457869,47
TRBV11-2,T Cell Receptor Beta Variable 11-2,Protein Coding,1.2457869,40
ENSG00000293035,Long Intergenic Non-Protein Coding RNA 1667,RNA Gene,1.2457869,39
SPANXC,SPANX Family Member C,Protein Coding,1.2457869,39
FAM133A,Family With Sequence Similarity 133 Member A,Protein Coding,1.2457869,37
ANO1,Anoctamin 1,Protein Coding,1.2313896,82
FZD1,Frizzled Class Receptor 1,Protein Coding,1.2277517,81
TNFSF13B,TNF Superfamily Member 13b,Protein Coding,1.2267385,83
LIPG,"Lipase G, Endothelial Type",Protein Coding,1.2215387,87
ALG9,"ALG9 Alpha-1,2-Mannosyltransferase",Protein Coding,1.2215387,84
ATF6B,Activating Transcription Factor 6 Beta,Protein Coding,1.2215387,79
MAU2,MAU2 Sister Chromatid Cohesion Factor,Protein Coding,1.2215387,67
GPSM3,G Protein Signaling Modulator 3,Protein Coding,1.2215387,64
VWA7,Von Willebrand Factor A Domain Containing 7,Protein Coding,1.2215387,50
POMC,Proopiomelanocortin,Protein Coding,1.2130275,100
ALOX15,Arachidonate 15-Lipoxygenase,Protein Coding,1.2124553,88
RANGAP1,Ran GTPase Activating Protein 1,Protein Coding,1.2124553,87
ARHGAP35,Rho GTPase Activating Protein 35,Protein Coding,1.2124553,85
ARFIP2,ARF Interacting Protein 2,Protein Coding,1.2124553,72
FBXO8,F-Box Protein 8,Protein Coding,1.2124553,61
TXK,TXK Tyrosine Kinase,Protein Coding,1.1970484,82
SLC6A8,Solute Carrier Family 6 Member 8,Protein Coding,1.1840127,91
EPHA7,EPH Receptor A7,Protein Coding,1.1840127,89
GPSM2,G Protein Signaling Modulator 2,Protein Coding,1.1840127,88
MMP21,Matrix Metallopeptidase 21,Protein Coding,1.1840127,76
SGK2,Serum/Glucocorticoid Regulated Kinase 2,Protein Coding,1.1840127,76
IGFBP6,Insulin Like Growth Factor Binding Protein 6,Protein Coding,1.1840127,73
ADI1,Acireductone Dioxygenase 1,Protein Coding,1.1840127,69
TCF19,Transcription Factor 19,Protein Coding,1.1840127,68
NIPSNAP1,Nipsnap Homolog 1,Protein Coding,1.1840127,61
POFUT4,Protein O-Fucosyltransferase 4,Protein Coding,1.1840127,61
TMEM8B,Transmembrane Protein 8B,Protein Coding,1.1840127,59
PRKCG,Protein Kinase C Gamma,Protein Coding,1.1771204,100
COL11A2,Collagen Type XI Alpha 2 Chain,Protein Coding,1.1771204,98
POT1,Protection Of Telomeres 1,Protein Coding,1.1771204,97
EGLN2,Egl-9 Family Hypoxia Inducible Factor 2,Protein Coding,1.1771204,94
CARD9,Caspase Recruitment Domain Family Member 9,Protein Coding,1.1771204,90
MLST8,MTOR Associated Protein MLST8,Protein Coding,1.1771204,87
CNR2,Cannabinoid Receptor 2,Protein Coding,1.1771204,82
LILRB1,Leukocyte Immunoglobulin Like Receptor B1,Protein Coding,1.1771204,82
GRAP2,GRB2 Related Adaptor Protein 2,Protein Coding,1.1771204,81
NEK7,NIMA Related Kinase 7,Protein Coding,1.1771204,81
SMARCD3,SWI/SNF Related BAF Chromatin Remodeling Complex Subunit D3,Protein Coding,1.1771204,80
RAB27B,"RAB27B, Member RAS Oncogene Family",Protein Coding,1.1771204,76
SDC3,Syndecan 3,Protein Coding,1.1771204,76
LILRB4,Leukocyte Immunoglobulin Like Receptor B4,Protein Coding,1.1771204,75
CARD10,Caspase Recruitment Domain Family Member 10,Protein Coding,1.1771204,72
TTC5,Tetratricopeptide Repeat Domain 5,Protein Coding,1.1771204,71
CHFR,Checkpoint With Forkhead And Ring Finger Domains,Protein Coding,1.1771204,69
HOXA7,Homeobox A7,Protein Coding,1.1771204,69
ATXN7L3,Ataxin 7 Like 3,Protein Coding,1.1771204,68
RALGAPA2,Ral GTPase Activating Protein Catalytic Subunit Alpha 2,Protein Coding,1.1771204,67
FOXF2,Forkhead Box F2,Protein Coding,1.1771204,66
MCUR1,Mitochondrial Calcium Uniporter Regulator 1,Protein Coding,1.1771204,62
MYCL,"MYCL Proto-Oncogene, BHLH Transcription Factor",Protein Coding,1.1771204,62
RFTN1,"Raftlin, Lipid Raft Linker 1",Protein Coding,1.1771204,62
BNIPL,BCL2 Interacting Protein Like,Protein Coding,1.1771204,60
NXF3,Nuclear RNA Export Factor 3,Protein Coding,1.1771204,59
MIR656,MicroRNA 656,RNA Gene,1.1771204,57
CDKN2A-AS1,CDKN2A Antisense RNA 1,RNA Gene,1.1771204,54
MIR329-2,MicroRNA 329-2,RNA Gene,1.1771204,53
MIR4746,MicroRNA 4746,RNA Gene,1.1771204,53
MIR486-2,MicroRNA 486-2,RNA Gene,1.1771204,53
MIR603,MicroRNA 603,RNA Gene,1.1771204,53
MIR639,MicroRNA 639,RNA Gene,1.1771204,52
ZNF407-AS1,ZNF407 Antisense RNA 1,RNA Gene,1.1771204,51
MIR4518,MicroRNA 4518,RNA Gene,1.1771204,50
SNORD71,"Small Nucleolar RNA, C/D Box 71",RNA Gene,1.1771204,50
ZNF529-AS1,ZNF529 Antisense RNA 1,RNA Gene,1.1771204,48
TMEM220,Transmembrane Protein 220,Protein Coding,1.1771204,44
INTS6P1,Integrator Complex Subunit 6 Pseudogene 1,Pseudogene,1.1771204,43
FNTA,"Farnesyltransferase, CAAX Box, Subunit Alpha",Protein Coding,1.1612453,84
CPEB1,Cytoplasmic Polyadenylation Element Binding Protein 1,Protein Coding,1.160138,75
IL11RA,Interleukin 11 Receptor Subunit Alpha,Protein Coding,1.1590853,91
SOST,Sclerostin,Protein Coding,1.1590853,82
FZD8,Frizzled Class Receptor 8,Protein Coding,1.1590853,76
WNT6,Wnt Family Member 6,Protein Coding,1.1590853,73
FRAT2,FRAT Regulator Of Wnt Signaling Pathway 2,Protein Coding,1.1590853,58
PRDM16,PR/SET Domain 16,Protein Coding,1.1537294,95
S100B,S100 Calcium Binding Protein B,Protein Coding,1.1537294,88
SLC12A4,Solute Carrier Family 12 Member 4,Protein Coding,1.1537294,87
PROZ,"Protein Z, Vitamin K Dependent Plasma Glycoprotein",Protein Coding,1.1537294,79
PLIN3,Perilipin 3,Protein Coding,1.1537294,77
UBQLN4,Ubiquilin 4,Protein Coding,1.1537294,75
KIR2DL3,"Killer Cell Immunoglobulin Like Receptor, Two Ig Domains And Long Cytoplasmic Tail 3",Protein Coding,1.1537294,74
WDHD1,WD Repeat And HMG-Box DNA Binding Protein 1,Protein Coding,1.1537294,73
CLCA1,Chloride Channel Accessory 1,Protein Coding,1.1537294,72
GFUS,GDP-L-Fucose Synthase,Protein Coding,1.1537294,72
PDE7B,Phosphodiesterase 7B,Protein Coding,1.1537294,72
TXNL1,Thioredoxin Like 1,Protein Coding,1.1537294,71
RAB25,"RAB25, Member RAS Oncogene Family",Protein Coding,1.1537294,70
CARHSP1,Calcium Regulated Heat Stable Protein 1,Protein Coding,1.1537294,65
CIAO2A,Cytosolic Iron-Sulfur Assembly Component 2A,Protein Coding,1.1537294,63
ZC3H15,Zinc Finger CCCH-Type Containing 15,Protein Coding,1.1537294,62
BMPR1B,Bone Morphogenetic Protein Receptor Type 1B,Protein Coding,1.1260159,97
SLC18A2,Solute Carrier Family 18 Member A2,Protein Coding,1.1260159,96
ABCC9,ATP Binding Cassette Subfamily C Member 9,Protein Coding,1.1260159,95
REV3L,"REV3 Like, DNA Directed Polymerase Zeta Catalytic Subunit",Protein Coding,1.1260159,93
ABCA2,ATP Binding Cassette Subfamily A Member 2,Protein Coding,1.1260159,92
FGR,"FGR Proto-Oncogene, Src Family Tyrosine Kinase",Protein Coding,1.1260159,90
PHC1,Polyhomeotic Homolog 1,Protein Coding,1.1260159,90
CLCN6,Cl-/H+ Antiporter 6,Protein Coding,1.1260159,89
ADCY2,Adenylate Cyclase 2,Protein Coding,1.1260159,88
ACVR1B,Activin A Receptor Type 1B,Protein Coding,1.1260159,87
PIK3C2G,Phosphatidylinositol-4-Phosphate 3-Kinase Catalytic Subunit Type 2 Gamma,Protein Coding,1.1260159,86
S1PR3,Sphingosine-1-Phosphate Receptor 3,Protein Coding,1.1260159,84
POLI,DNA Polymerase Iota,Protein Coding,1.1260159,81
RGS4,Regulator Of G Protein Signaling 4,Protein Coding,1.1260159,81
KCNJ4,Potassium Inwardly Rectifying Channel Subfamily J Member 4,Protein Coding,1.1260159,80
NPSR1,Neuropeptide S Receptor 1,Protein Coding,1.1260159,80
FCER1A,Fc Epsilon Receptor Ia,Protein Coding,1.1260159,79
L3MBTL1,L3MBTL Histone Methyl-Lysine Binding Protein 1,Protein Coding,1.1260159,79
SLC18A1,Solute Carrier Family 18 Member A1,Protein Coding,1.1260159,79
KLC3,Kinesin Light Chain 3,Protein Coding,1.1260159,78
S1PR4,Sphingosine-1-Phosphate Receptor 4,Protein Coding,1.1260159,77
MS4A2,Membrane Spanning 4-Domains A2,Protein Coding,1.1260159,73
RAB40B,"RAB40B, Member RAS Oncogene Family",Protein Coding,1.1260159,72
SLC22A16,Solute Carrier Family 22 Member 16,Protein Coding,1.1260159,72
SRMS,Src-Related Kinase Lacking C-Terminal Regulatory Tyrosine And N-Terminal Myristylation Sites,Protein Coding,1.1260159,71
SETD4,SET Domain Containing 4,Protein Coding,1.1260159,68
ENOSF1,Enolase Superfamily Member 1,Protein Coding,1.1260159,67
IPO13,Importin 13,Protein Coding,1.1260159,64
ADGRG7,Adhesion G Protein-Coupled Receptor G7,Protein Coding,1.1260159,60
TYMSOS,TYMS Opposite Strand RNA,RNA Gene,1.1260159,57
CES1P1,Carboxylesterase 1 Pseudogene 1,Pseudogene,1.1260159,54
LMNTD1,Lamin Tail Domain Containing 1,Protein Coding,1.1260159,53
C10orf67,Chromosome 10 Open Reading Frame 67,Protein Coding,1.1260159,51
MIR2054,MicroRNA 2054,RNA Gene,1.1260159,51
LINC00251,Long Intergenic Non-Protein Coding RNA 251,RNA Gene,1.1260159,49
CCDC70,Coiled-Coil Domain Containing 70,Protein Coding,1.1260159,40
PSMB8,Proteasome 20S Subunit Beta 8,Protein Coding,1.1211941,99
VLDLR,Very Low Density Lipoprotein Receptor,Protein Coding,1.1211941,97
LONP1,"Lon Peptidase 1, Mitochondrial",Protein Coding,1.1211941,96
LAMA4,Laminin Subunit Alpha 4,Protein Coding,1.1211941,95
IL1R1,Interleukin 1 Receptor Type 1,Protein Coding,1.1211941,93
NCK1,NCK Adaptor Protein 1,Protein Coding,1.1211941,89
OSMR,Oncostatin M Receptor,Protein Coding,1.1211941,89
RPA2,Replication Protein A2,Protein Coding,1.1211941,86
CHRM1,Cholinergic Receptor Muscarinic 1,Protein Coding,1.1211941,85
ZBTB17,Zinc Finger And BTB Domain Containing 17,Protein Coding,1.1211941,84
SLC2A5,Solute Carrier Family 2 Member 5,Protein Coding,1.1211941,83
EXOSC3,Exosome Component 3,Protein Coding,1.1211941,82
PCYT2,"Phosphate Cytidylyltransferase 2, Ethanolamine",Protein Coding,1.1211941,82
ELMO1,Engulfment And Cell Motility 1,Protein Coding,1.1211941,81
CALU,Calumenin,Protein Coding,1.1211941,80
GPAM,"Glycerol-3-Phosphate Acyltransferase, Mitochondrial",Protein Coding,1.1211941,80
MBD1,Methyl-CpG Binding Domain Protein 1,Protein Coding,1.1211941,80
PSMD8,"Proteasome 26S Subunit, Non-ATPase 8",Protein Coding,1.1211941,80
MYL9,Myosin Light Chain 9,Protein Coding,1.1211941,79
MARVELD2,MARVEL Domain Containing 2,Protein Coding,1.1211941,78
RNF7,Ring Finger Protein 7,Protein Coding,1.1211941,78
VAMP8,Vesicle Associated Membrane Protein 8,Protein Coding,1.1211941,78
CLEC7A,C-Type Lectin Domain Containing 7A,Protein Coding,1.1211941,77
MPG,N-Methylpurine DNA Glycosylase,Protein Coding,1.1211941,77
NDUFB10,NADH:Ubiquinone Oxidoreductase Subunit B10,Protein Coding,1.1211941,77
RBM4,RNA Binding Motif Protein 4,Protein Coding,1.1211941,76
ARHGEF10L,Rho Guanine Nucleotide Exchange Factor 10 Like,Protein Coding,1.1211941,75
DDX54,DEAD-Box Helicase 54,Protein Coding,1.1211941,75
EIF3M,Eukaryotic Translation Initiation Factor 3 Subunit M,Protein Coding,1.1211941,75
BNIP3L,BCL2 Interacting Protein 3 Like,Protein Coding,1.1211941,74
H2AZ2,H2A.Z Variant Histone 2,Protein Coding,1.1211941,74
STX17,Syntaxin 17,Protein Coding,1.1211941,74
EBI3,Epstein-Barr Virus Induced 3,Protein Coding,1.1211941,73
GAS2,Growth Arrest Specific 2,Protein Coding,1.1211941,73
NRBP1,Nuclear Receptor Binding Protein 1,Protein Coding,1.1211941,73
PARG,Poly(ADP-Ribose) Glycohydrolase,Protein Coding,1.1211941,72
EXOSC4,Exosome Component 4,Protein Coding,1.1211941,71
CARMIL1,Capping Protein Regulator And Myosin 1 Linker 1,Protein Coding,1.1211941,69
ELOVL6,ELOVL Fatty Acid Elongase 6,Protein Coding,1.1211941,69
VBP1,VHL Binding Protein 1,Protein Coding,1.1211941,69
APOBEC3C,Apolipoprotein B MRNA Editing Enzyme Catalytic Subunit 3C,Protein Coding,1.1211941,68
ARHGAP39,Rho GTPase Activating Protein 39,Protein Coding,1.1211941,68
CRELD2,CRELD Disulfide Isomerase 2,Protein Coding,1.1211941,67
RPL26L1,Ribosomal Protein L26 Like 1,Protein Coding,1.1211941,67
MRPL21,Mitochondrial Ribosomal Protein L21,Protein Coding,1.1211941,64
RPAP3,RNA Polymerase II Associated Protein 3,Protein Coding,1.1211941,63
CNN3,Calponin 3,Protein Coding,1.1211941,62
FCGBP,Fc Gamma Binding Protein,Protein Coding,1.1211941,62
KIR2DS2,"Killer Cell Immunoglobulin Like Receptor, Two Ig Domains And Short Cytoplasmic Tail 2",Protein Coding,1.1211941,58
FHIP2B,FHF Complex Subunit HOOK Interacting Protein 2B,Protein Coding,1.1211941,50
LINC02003,Long Intergenic Non-Protein Coding RNA 2003,RNA Gene,1.1211941,48
LINC00856,Long Intergenic Non-Protein Coding RNA 856,RNA Gene,1.1211941,47
LINC02716,Long Intergenic Non-Protein Coding RNA 2716,RNA Gene,1.1211941,45
GTF2IRD1,GTF2I Repeat Domain Containing 1,Protein Coding,1.1161718,78
TNK1,Tyrosine Kinase Non Receptor 1,Protein Coding,1.1161718,77
NABP2,Nucleic Acid Binding Protein 2,Protein Coding,1.1161718,66
URAHP,"Urate (Hydroxyiso-) Hydrolase, Pseudogene",Pseudogene,1.1161718,49
FLVCR2,FLVCR Choline And Putative Heme Transporter 2,Protein Coding,1.1053824,78
HAO1,Hydroxyacid Oxidase 1,Protein Coding,1.1053824,69
SERPINA7,Serpin Family A Member 7,Protein Coding,1.1053824,64
CDH5,Cadherin 5,Protein Coding,1.0987368,88
MIR4741,MicroRNA 4741,RNA Gene,1.0914717,49
GLUD1,Glutamate Dehydrogenase 1,Protein Coding,1.0858141,100
PKLR,Pyruvate Kinase L/R,Protein Coding,1.0858141,100
NDUFS1,NADH:Ubiquinone Oxidoreductase Core Subunit S1,Protein Coding,1.0858141,97
FDFT1,Farnesyl-Diphosphate Farnesyltransferase 1,Protein Coding,1.0858141,96
PDHB,Pyruvate Dehydrogenase E1 Subunit Beta,Protein Coding,1.0858141,96
SLC25A4,Solute Carrier Family 25 Member 4,Protein Coding,1.0858141,96
SNRNP200,Small Nuclear Ribonucleoprotein U5 Subunit 200,Protein Coding,1.0858141,95
ATP6V1B2,ATPase H+ Transporting V1 Subunit B2,Protein Coding,1.0858141,94
GATAD2B,GATA Zinc Finger Domain Containing 2B,Protein Coding,1.0858141,94
ZFHX3,Zinc Finger Homeobox 3,Protein Coding,1.0858141,94
COASY,Coenzyme A Synthase,Protein Coding,1.0858141,92
ERAP1,Endoplasmic Reticulum Aminopeptidase 1,Protein Coding,1.0858141,92
SAR1B,Secretion Associated Ras Related GTPase 1B,Protein Coding,1.0858141,92
UBTF,Upstream Binding Transcription Factor,Protein Coding,1.0858141,92
CD2AP,CD2 Associated Protein,Protein Coding,1.0858141,91
ELOVL5,ELOVL Fatty Acid Elongase 5,Protein Coding,1.0858141,91
MRAS,Muscle RAS Oncogene Homolog,Protein Coding,1.0858141,91
SNAP29,Synaptosome Associated Protein 29,Protein Coding,1.0858141,91
EXOC7,Exocyst Complex Component 7,Protein Coding,1.0858141,90
NSF,"N-Ethylmaleimide Sensitive Factor, Vesicle Fusing ATPase",Protein Coding,1.0858141,89
CYFIP1,Cytoplasmic FMR1 Interacting Protein 1,Protein Coding,1.0858141,88
QDPR,Quinoid Dihydropteridine Reductase,Protein Coding,1.0858141,88
TPR,"Translocated Promoter Region, Nuclear Basket Protein",Protein Coding,1.0858141,87
GALE,UDP-Galactose-4-Epimerase,Protein Coding,1.0858141,86
SEC31A,"SEC31 Homolog A, COPII Component",Protein Coding,1.0858141,86
MAOB,Monoamine Oxidase B,Protein Coding,1.0858141,85
PIP5K1A,Phosphatidylinositol-4-Phosphate 5-Kinase Type 1 Alpha,Protein Coding,1.0858141,84
SMARCAD1,SNF2 Related Chromatin Remodeling ATPase With DExD Box 1,Protein Coding,1.0858141,84
IARS2,"Isoleucyl-TRNA Synthetase 2, Mitochondrial",Protein Coding,1.0858141,83
ACAT2,Acetyl-CoA Acetyltransferase 2,Protein Coding,1.0858141,82
RPL37A,Ribosomal Protein L37a,Protein Coding,1.0858141,82
SDC2,Syndecan 2,Protein Coding,1.0858141,81
EIF3G,Eukaryotic Translation Initiation Factor 3 Subunit G,Protein Coding,1.0858141,80
NDUFB8,NADH:Ubiquinone Oxidoreductase Subunit B8,Protein Coding,1.0858141,80
TFDP2,Transcription Factor Dp-2,Protein Coding,1.0858141,80
GTF2F1,General Transcription Factor IIF Subunit 1,Protein Coding,1.0858141,79
NADK2,"NAD Kinase 2, Mitochondrial",Protein Coding,1.0858141,79
BTAF1,B-TFIID TATA-Box Binding Protein Associated Factor 1,Protein Coding,1.0858141,78
CLCC1,Chloride Channel CLIC Like 1,Protein Coding,1.0858141,78
PACSIN2,Protein Kinase C And Casein Kinase Substrate In Neurons 2,Protein Coding,1.0858141,78
CADPS2,Calcium Dependent Secretion Activator 2,Protein Coding,1.0858141,77
CHP1,Calcineurin Like EF-Hand Protein 1,Protein Coding,1.0858141,77
DNAJC21,DnaJ Heat Shock Protein Family (Hsp40) Member C21,Protein Coding,1.0858141,77
HSD17B12,Hydroxysteroid 17-Beta Dehydrogenase 12,Protein Coding,1.0858141,77
PITX1,Paired Like Homeodomain 1,Protein Coding,1.0858141,77
RNMT,RNA Guanine-7 Methyltransferase,Protein Coding,1.0858141,77
SLC38A3,Solute Carrier Family 38 Member 3,Protein Coding,1.0858141,77
PPIF,Peptidylprolyl Isomerase F,Protein Coding,1.0858141,76
SAT1,Spermidine/Spermine N1-Acetyltransferase 1,Protein Coding,1.0858141,75
CSTF3,Cleavage Stimulation Factor Subunit 3,Protein Coding,1.0858141,74
RPS4Y1,Ribosomal Protein S4 Y-Linked 1,Protein Coding,1.0858141,74
UBXN1,UBX Domain Protein 1,Protein Coding,1.0858141,74
DPY30,Dpy-30 Histone Methyltransferase Complex Regulatory Subunit,Protein Coding,1.0858141,73
EDIL3,EGF Like And Discoidin Domains 3,Protein Coding,1.0858141,73
LMAN2,"Lectin, Mannose Binding 2",Protein Coding,1.0858141,73
RNPEP,Arginyl Aminopeptidase,Protein Coding,1.0858141,73
IK,IK Cytokine,Protein Coding,1.0858141,72
MYL12B,Myosin Light Chain 12B,Protein Coding,1.0858141,72
SURF4,Surfeit 4,Protein Coding,1.0858141,72
ABCF2,ATP Binding Cassette Subfamily F Member 2,Protein Coding,1.0858141,71
KIR3DL1,"Killer Cell Immunoglobulin Like Receptor, Three Ig Domains And Long Cytoplasmic Tail 1",Protein Coding,1.0858141,71
NUBP2,"NUBP Iron-Sulfur Cluster Assembly Factor 2, Cytosolic",Protein Coding,1.0858141,71
EDC4,Enhancer Of MRNA Decapping 4,Protein Coding,1.0858141,70
RRP7A,Ribosomal RNA Processing 7 Homolog A,Protein Coding,1.0858141,70
RTKN,Rhotekin,Protein Coding,1.0858141,70
USP47,Ubiquitin Specific Peptidase 47,Protein Coding,1.0858141,70
ARMC8,Armadillo Repeat Containing 8,Protein Coding,1.0858141,69
ATP5MF,ATP Synthase Membrane Subunit F,Protein Coding,1.0858141,69
CSTF1,Cleavage Stimulation Factor Subunit 1,Protein Coding,1.0858141,69
HOXC8,Homeobox C8,Protein Coding,1.0858141,69
LSM8,"LSM8 Homolog, U6 Small Nuclear RNA Associated",Protein Coding,1.0858141,69
DCAF11,DDB1 And CUL4 Associated Factor 11,Protein Coding,1.0858141,68
DNAJB4,DnaJ Heat Shock Protein Family (Hsp40) Member B4,Protein Coding,1.0858141,68
HAUS5,HAUS Augmin Like Complex Subunit 5,Protein Coding,1.0858141,68
METTL8,"Methyltransferase 8, TRNA N3-Cytidine",Protein Coding,1.0858141,68
PBXIP1,PBX Homeobox Interacting Protein 1,Protein Coding,1.0858141,68
GRWD1,Glutamate Rich WD Repeat Containing 1,Protein Coding,1.0858141,67
HSPA4L,Heat Shock Protein Family A (Hsp70) Member 4 Like,Protein Coding,1.0858141,67
STX18,Syntaxin 18,Protein Coding,1.0858141,67
TMT1A,Thiol Methyltransferase 1A,Protein Coding,1.0858141,67
PPP1R3C,Protein Phosphatase 1 Regulatory Subunit 3C,Protein Coding,1.0858141,66
TBCB,Tubulin Folding Cofactor B,Protein Coding,1.0858141,66
THUMPD1,THUMP Domain 1 NAT10 Acetyltransferase Adaptor ,Protein Coding,1.0858141,66
UTS2,Urotensin 2,Protein Coding,1.0858141,66
CISD1,CDGSH Iron Sulfur Domain 1,Protein Coding,1.0858141,63
NINJ1,Ninjurin 1,Protein Coding,1.0858141,63
FILIP1L,Filamin A Interacting Protein 1 Like,Protein Coding,1.0858141,62
RTCA,RNA 3'-Terminal Phosphate Cyclase,Protein Coding,1.0858141,62
ORMDL1,ORMDL Sphingolipid Biosynthesis Regulator 1,Protein Coding,1.0858141,61
REEP4,Receptor Accessory Protein 4,Protein Coding,1.0858141,60
AGFG2,ArfGAP With FG Repeats 2,Protein Coding,1.0858141,59
FN3K,Fructosamine 3 Kinase,Protein Coding,1.0858141,59
MRPL34,Mitochondrial Ribosomal Protein L34,Protein Coding,1.0858141,59
ZCCHC4,Zinc Finger CCHC-Type Containing 4,Protein Coding,1.0858141,59
PHLDA3,Pleckstrin Homology Like Domain Family A Member 3,Protein Coding,1.0858141,58
EIF1AY,Eukaryotic Translation Initiation Factor 1A Y-Linked,Protein Coding,1.0858141,56
MIR520B,MicroRNA 520b,RNA Gene,1.0858141,56
PDAP1,PDGFA Associated Protein 1,Protein Coding,1.0858141,56
MIR449C,MicroRNA 449c,RNA Gene,1.0858141,55
RPL39P5,Ribosomal Protein L39 Pseudogene 5,Pseudogene,1.0858141,55
KIR3DS1,"Killer Cell Immunoglobulin Like Receptor, Three Ig Domains And Short Cytoplasmic Tail 1",Protein Coding,1.0858141,53
LINC01615,Long Intergenic Non-Protein Coding RNA 1615,RNA Gene,1.0858141,53
NHSL1,NHS Like 1,Protein Coding,1.0858141,53
RBIS,Ribosomal Biogenesis Factor,Protein Coding,1.0858141,46
MIX23,Mitochondrial Matrix Import Factor 23,Protein Coding,1.0858141,44
CYP21A2,Cytochrome P450 Family 21 Subfamily A Member 2,Protein Coding,1.0849648,96
BCL11A,BCL11 Transcription Factor A,Protein Coding,1.0849648,95
DNAL1,Dynein Axonemal Light Chain 1,Protein Coding,1.0849648,78
PHKG1,Phosphorylase Kinase Catalytic Subunit Gamma 1,Protein Coding,1.0849648,75
HBG1,Hemoglobin Subunit Gamma 1,Protein Coding,1.0849648,73
HBE1,Hemoglobin Subunit Epsilon 1,Protein Coding,1.0849648,67
AHSP,Alpha Hemoglobin Stabilizing Protein,Protein Coding,1.0849648,61
DYSF,Dysferlin,Protein Coding,1.0557632,88
STN1,STN1 Subunit Of CST Complex,Protein Coding,1.0557632,87
HLA-DRB5,"Major Histocompatibility Complex, Class II, DR Beta 5",Protein Coding,1.0557632,85
HLA-DQA2,"Major Histocompatibility Complex, Class II, DQ Alpha 2",Protein Coding,1.0557632,75
PRSS23,Serine Protease 23,Protein Coding,1.0557632,75
PARVB,Parvin Beta,Protein Coding,1.0557632,74
ABHD16A,"Abhydrolase Domain Containing 16A, Phospholipase",Protein Coding,1.0557632,73
DPEP2,Dipeptidase 2,Protein Coding,1.0557632,71
NAB1,NGFI-A Binding Protein 1,Protein Coding,1.0557632,70
PPT2,Palmitoyl-Protein Thioesterase 2,Protein Coding,1.0557632,70
PBX2,PBX Homeobox 2,Protein Coding,1.0557632,69
SLURP1,Secreted LY6/PLAUR Domain Containing 1,Protein Coding,1.0557632,68
JRK,Jrk Helix-Turn-Helix Protein,Protein Coding,1.0557632,67
TRIM46,Tripartite Motif Containing 46,Protein Coding,1.0557632,67
DXO,Decapping Exoribonuclease,Protein Coding,1.0557632,65
ETV3,ETS Variant Transcription Factor 3,Protein Coding,1.0557632,65
KCNQ1-AS1,KCNQ1 Antisense RNA 1,RNA Gene,1.0557632,65
RNF39,Ring Finger Protein 39,Protein Coding,1.0557632,64
KLHL8,Kelch Like Family Member 8,Protein Coding,1.0557632,63
OBSCN-AS1,OBSCN Antisense RNA 1,RNA Gene,1.0557632,63
DET1,DET1 Partner Of COP1 E3 Ubiquitin Ligase,Protein Coding,1.0557632,61
LY6K,Lymphocyte Antigen 6 Family Member K,Protein Coding,1.0557632,61
CFAP100,Cilia And Flagella Associated Protein 100,Protein Coding,1.0557632,59
EVA1C,Eva-1 Homolog C,Protein Coding,1.0557632,59
RCCD1,RCC1 Domain Containing 1,Protein Coding,1.0557632,59
RCCD1-AS1,RCCD1 And UNC45A Antisense RNA 1,RNA Gene,1.0557632,59
COLCA1,Colorectal Cancer Associated 1,RNA Gene,1.0557632,58
TNXA,Tenascin XA (Pseudogene),Pseudogene,1.0557632,58
CTIF,Cap Binding Complex Dependent Translation Initiation Factor,Protein Coding,1.0557632,57
PRC1-AS1,PRC1 Antisense RNA 1,RNA Gene,1.0557632,56
CCDC170,Coiled-Coil Domain Containing 170,Protein Coding,1.0557632,55
MIR609,MicroRNA 609,RNA Gene,1.0557632,55
SLC7A6OS,Solute Carrier Family 7 Member 6 Opposite Strand,Protein Coding,1.0557632,55
C5orf67,Chromosome 5 Putative Open Reading Frame 67,RNA Gene,1.0557632,54
GPANK1,G-Patch Domain And Ankyrin Repeats 1,Protein Coding,1.0557632,54
CASC17,Cancer Susceptibility 17,RNA Gene,1.0557632,53
CYP21A1P,"Cytochrome P450 Family 21 Subfamily A Member 1, Pseudogene",Pseudogene,1.0557632,53
LNCOC1,LncRNA Associated With Ovarian Cancer 1,RNA Gene,1.0557632,53
PRNCR1,Prostate Cancer Associated Non-Coding RNA 1,RNA Gene,1.0557632,53
HLA-J,"Major Histocompatibility Complex, Class I, J (Pseudogene)",Pseudogene,1.0557632,52
MIR5705,MicroRNA 5705,RNA Gene,1.0557632,52
HCG4,HLA Complex Group 4,RNA Gene,1.0557632,51
LY6S-AS1,LY6S Antisense RNA 1,RNA Gene,1.0557632,51
POU2AF3,POU Class 2 Homeobox Associating Factor 3,Protein Coding,1.0557632,51
VPS33B-DT,VPS33B Divergent Transcript,RNA Gene,1.0557632,51
ZNF623,Zinc Finger Protein 623,Protein Coding,1.0557632,51
GBA1LP,"Glucosylceramidase Beta 1 Like, Pseudogene",Pseudogene,1.0557632,50
HLA-DRB6,"Major Histocompatibility Complex, Class II, DR Beta 6 (Pseudogene)",Pseudogene,1.0557632,50
HLA-W,"Major Histocompatibility Complex, Class I, W (Pseudogene)",Pseudogene,1.0557632,50
LINC03086,Long Intergenic Non-Protein Coding RNA 3086,RNA Gene,1.0557632,50
LY6G5B,Lymphocyte Antigen 6 Family Member G5B,Protein Coding,1.0557632,50
MICD,MHC Class I Polypeptide-Related Sequence D (Pseudogene),Pseudogene,1.0557632,50
POU2AF2,POU Class 2 Homeobox Associating Factor 2,Protein Coding,1.0557632,50
HLA-K,"Major Histocompatibility Complex, Class I, K (Pseudogene)",Pseudogene,1.0557632,49
LINC01101,Long Intergenic Non-Protein Coding RNA 1101,RNA Gene,1.0557632,49
TSSC2,Tumor Suppressing Subtransferable Candidate 2 (Pseudogene),Pseudogene,1.0557632,49
C18orf32,Chromosome 18 Open Reading Frame 32,Protein Coding,1.0557632,48
CFAP100-DT,CFAP100 Divergent Transcript,RNA Gene,1.0557632,48
HCG17,HLA Complex Group 17,RNA Gene,1.0557632,48
LINC02270,Long Intergenic Non-Protein Coding RNA 2270,RNA Gene,1.0557632,48
RPL23AP1,Ribosomal Protein L23a Pseudogene 1,Pseudogene,1.0557632,48
TESHL,Testicular Germ Cell Expressed HSF2 Interacting LncRNA,RNA Gene,1.0557632,48
HLA-DPA2,"Major Histocompatibility Complex, Class II, DP Alpha 2 (Pseudogene)",Pseudogene,1.0557632,47
AGA-DT,AGA Divergent Transcript,RNA Gene,1.0557632,46
CFAP298-TCP10L,CFAP298-TCP10L Readthrough,Protein Coding,1.0557632,46
LINC01661,Long Intergenic Non-Protein Coding RNA 1661,RNA Gene,1.0557632,46
LINC02360,Long Intergenic Non-Protein Coding RNA 2360,RNA Gene,1.0557632,46
PELO-AS1,PELO Antisense RNA 1,RNA Gene,1.0557632,46
PNCRNA-D,Promoter Associated NcRNA Regulator Of CCND1,RNA Gene,1.0557632,46
RPL3P2,Ribosomal Protein L3 Pseudogene 2,Pseudogene,1.0557632,46
HNRNPA1L3,Heterogeneous Nuclear Ribonucleoprotein A1 Like 3,Protein Coding,1.0557632,45
SAPCD1,Suppressor APC Domain Containing 1,Protein Coding,1.0557632,45
TRIM31-AS1,TRIM31 Antisense RNA 1,RNA Gene,1.0557632,45
ENSG00000255050,Novel Transcript,RNA Gene,1.0557632,43
ENSG00000272501,"Novel Transcript, Antisense To HCG27",RNA Gene,1.0557632,43
ENSG00000285800,Novel Transcript,RNA Gene,1.0557632,43
ENSG00000307699,Novel Transcript,RNA Gene,1.0557632,43
IGFBP-AS1,IGFBP5 Antisense RNA 1,RNA Gene,1.0557632,43
LINC02772,Long Intergenic Non-Protein Coding RNA 2772,RNA Gene,1.0557632,43
TRIM39-RPP21,TRIM39-RPP21 Readthrough,Protein Coding,1.0557632,43
MTCO3P1,MT-CO3 Pseudogene 1,Pseudogene,1.0557632,42
PRSS23-AS1,PRSS23 Antisense RNA 1,RNA Gene,1.0557632,42
ENSG00000273333,Novel Transcript,RNA Gene,1.0557632,41
ENSG00000289744,Novel Transcript,RNA Gene,1.0557632,41
C6orf47,Chromosome 6 Open Reading Frame 47,Protein Coding,1.0557632,40
RPL36P14,Ribosomal Protein L36 Pseudogene 14,Pseudogene,1.0557632,39
ENSG00000303029,Novel Transcript,RNA Gene,1.0557632,38
ENSG00000307532,"Novel Transcript, Antisense To TOX3",RNA Gene,1.0557632,38
MTND5P42,MT-ND5 Pseudogene 42,Pseudogene,1.0557632,37
LOC105376214,Uncharacterized LOC105376214,RNA Gene,1.0557632,35
CHCHD4P2,Coiled-Coil-Helix-Coiled-Coil-Helix Domain Containing 4 Pseudogene 2,Pseudogene,1.0557632,34
ENSG00000294673,Novel Transcript,RNA Gene,1.0557632,34
ENSG00000298289,Novel Transcript,RNA Gene,1.0557632,34
HLA-DQB3,"Major Histocompatibility Complex, Class II, DQ Beta 3",Protein Coding,1.0557632,34
RNU4-30P,"RNA, U4 Small Nuclear 30, Pseudogene",Pseudogene,1.0557632,34
RNU6-959P,"RNA, U6 Small Nuclear 959, Pseudogene",Pseudogene,1.0557632,34
ENSG00000199332,Y RNA,RNA Gene,1.0557632,33
ENSG00000305139,"Novel Transcript, Antisense To GPSM3",RNA Gene,1.0557632,33
ENSG00000308700,Novel Transcript,RNA Gene,1.0557632,33
NDUFA3P4,NADH:Ubiquinone Oxidoreductase Subunit A3 Pseudogene 4,Pseudogene,1.0557632,33
RPL23AP61,Ribosomal Protein L23a Pseudogene 61,Pseudogene,1.0557632,33
RPS6P16,Ribosomal Protein S6 Pseudogene 16,Pseudogene,1.0557632,33
SEPTIN14P17,Septin 14 Pseudogene 17,Pseudogene,1.0557632,33
lnc-TM6SF2-1,,RNA Gene,1.0557632,33
WHR1B,Winged Helix Repair Factor 1B (Pseudogene),Pseudogene,1.0557632,32
lnc-ZNF296-6,,RNA Gene,1.0557632,32
RNU6-850P,"RNA, U6 Small Nuclear 850, Pseudogene",Pseudogene,1.0557632,31
lnc-FAM84B-83,,RNA Gene,1.0557632,31
IFNL3P1,Interferon Lambda 3 Pseudogene 1,Pseudogene,1.0557632,29
RPS20P10,Ribosomal Protein S20 Pseudogene 10,Pseudogene,1.0557632,29
lnc-JRK-1,,RNA Gene,1.0557632,29
AB458446,,RNA Gene,1.0557632,28
ENSG00000299449,"Novel Transcript, Antisense To SMAD7",RNA Gene,1.0557632,28
NONHSAG007430.2,,RNA Gene,1.0557632,28
NONHSAG043568.2,,RNA Gene,1.0557632,28
lnc-HLA-DOA-1,,RNA Gene,1.0557632,28
lnc-RNF39-8,,RNA Gene,1.0557632,28
lnc-SLC22A18-3,,RNA Gene,1.0557632,28
lnc-TRIM31-1,,RNA Gene,1.0557632,28
lnc-FAM84B-14,,RNA Gene,1.0557632,27
lnc-HLA-DRB1-6,,RNA Gene,1.0557632,27
lnc-MARC2-2,,RNA Gene,1.0557632,27
lnc-NOTCH4-1,,RNA Gene,1.0557632,27
CM034958-394,,RNA Gene,1.0557632,24
CM034961-194,,RNA Gene,1.0557632,24
CM034961-281,,RNA Gene,1.0557632,24
CM034965-279,,RNA Gene,1.0557632,24
HSALNG0049384,,RNA Gene,1.0557632,24
HSALNG0054375,,RNA Gene,1.0557632,24
HSALNG0069184,,RNA Gene,1.0557632,24
HSALNG0085360,,RNA Gene,1.0557632,24
CM034955-170,,RNA Gene,1.0557632,23
CM034956-127,,RNA Gene,1.0557632,23
CM034958-397,,RNA Gene,1.0557632,23
CM034961-027,,RNA Gene,1.0557632,23
ENSG00000300654,"Novel Transcript, Antisense To STAT4",RNA Gene,1.0557632,23
HSALNG0049386,,RNA Gene,1.0557632,23
HSALNG0116126,,RNA Gene,1.0557632,23
JX003864,,RNA Gene,1.0557632,23
NONHSAG026010.2,,RNA Gene,1.0557632,23
lnc-GPSM3-1,,RNA Gene,1.0557632,23
piR-33614-243,,RNA Gene,1.0557632,23
piR-60314,,RNA Gene,1.0557632,23
HSALNG0085355,,RNA Gene,1.0557632,22
KR153194-152,,RNA Gene,1.0557632,22
piR-53131,,RNA Gene,1.0557632,22
HSALNG0011186,,RNA Gene,1.0557632,21
HSALNG0135821,,RNA Gene,1.0557632,21
LOC124901435,Uncharacterized LOC124901435,RNA Gene,1.0557632,21
LOC124902032,Uncharacterized LOC124902032,RNA Gene,1.0557632,21
NONHSAG046509.2,,RNA Gene,1.0557632,21
OA985982,,RNA Gene,1.0557632,21
RF00015-034,,RNA Gene,1.0557632,21
piR-37045,,RNA Gene,1.0557632,21
ENSG00000235286,Keratin 8 (KRT8) Pseudogene,Pseudogene,1.0557632,20
LOC107986044,Uncharacterized LOC107986044,RNA Gene,1.0557632,20
NONHSAG045678.2-002,,RNA Gene,1.0557632,19
lnc-DYM-3,,RNA Gene,1.0557632,19
lnc-HNF1B-3,,RNA Gene,1.0557632,19
HSALNG0041747,,RNA Gene,1.0557632,18
NONHSAG009279.2,,RNA Gene,1.0557632,18
piR-61240-151,,RNA Gene,1.0557632,18
HSALNG0015893,,RNA Gene,1.0557632,17
L13708-003,,RNA Gene,1.0557632,17
LOC100420680,Coiled-Coil Domain Containing 90B Pseudogene,Pseudogene,1.0557632,17
HSALNG0028683,,RNA Gene,1.0557632,16
piR-37170-027,,RNA Gene,1.0557632,16
ENSG00000237669,HLA Complex Group 4 Pseudogene 3,Pseudogene,1.0557632,15
LOC107985211,Uncharacterized LOC107985211,RNA Gene,1.0557632,15
LOC124904532,"Nascent Polypeptide-Associated Complex Subunit Alpha, Muscle-Specific Form-Like",Protein Coding,1.0557632,7
IHH,Indian Hedgehog Signaling Molecule,Protein Coding,1.0543175,96
NEURL3,Neuralized E3 Ubiquitin Protein Ligase 3,Protein Coding,1.0501935,55
AGT,Angiotensinogen,Protein Coding,1.0466799,100
APP,Amyloid Beta Precursor Protein,Protein Coding,1.0466799,100
DIAPH1,Diaphanous Related Formin 1,Protein Coding,1.0466799,100
F12,Coagulation Factor XII,Protein Coding,1.0466799,100
ATP2B1,ATPase Plasma Membrane Ca2+ Transporting 1,Protein Coding,1.0466799,99
DHFR,Dihydrofolate Reductase,Protein Coding,1.0466799,99
NR3C2,Nuclear Receptor Subfamily 3 Group C Member 2,Protein Coding,1.0466799,99
PCCB,Propionyl-CoA Carboxylase Subunit Beta,Protein Coding,1.0466799,99
POLR1C,RNA Polymerase I And III Subunit C,Protein Coding,1.0466799,99
SIN3A,SIN3 Transcription Regulator Family Member A,Protein Coding,1.0466799,99
DGKZ,Diacylglycerol Kinase Zeta,Protein Coding,1.0466799,98
POLR1A,RNA Polymerase I Subunit A,Protein Coding,1.0466799,97
TRRAP,Transformation/Transcription Domain Associated Protein,Protein Coding,1.0466799,97
BCKDHA,Branched Chain Keto Acid Dehydrogenase E1 Subunit Alpha,Protein Coding,1.0466799,96
MIB1,MIB E3 Ubiquitin Protein Ligase 1,Protein Coding,1.0466799,96
PIP5K1C,Phosphatidylinositol-4-Phosphate 5-Kinase Type 1 Gamma,Protein Coding,1.0466799,96
ALDH5A1,Aldehyde Dehydrogenase 5 Family Member A1,Protein Coding,1.0466799,95
CFI,Complement Factor I,Protein Coding,1.0466799,95
KIF22,Kinesin Family Member 22,Protein Coding,1.0466799,95
ABCD1,ATP Binding Cassette Subfamily D Member 1,Protein Coding,1.0466799,94
GCH1,GTP Cyclohydrolase 1,Protein Coding,1.0466799,94
PPP2R5D,Protein Phosphatase 2 Regulatory Subunit B'Delta,Protein Coding,1.0466799,94
STAG2,STAG2 Cohesin Complex Component,Protein Coding,1.0466799,93
TAF2,TATA-Box Binding Protein Associated Factor 2,Protein Coding,1.0466799,93
ACAD9,Acyl-CoA Dehydrogenase Family Member 9,Protein Coding,1.0466799,92
EIF2B5,Eukaryotic Translation Initiation Factor 2B Subunit Epsilon,Protein Coding,1.0466799,92
HGS,Hepatocyte Growth Factor-Regulated Tyrosine Kinase Substrate,Protein Coding,1.0466799,92
MCCC2,Methylcrotonyl-CoA Carboxylase Subunit 2,Protein Coding,1.0466799,92
BCL6,BCL6 Transcription Repressor,Protein Coding,1.0466799,91
LETM1,Leucine Zipper And EF-Hand Containing Transmembrane Protein 1,Protein Coding,1.0466799,91
NIPBL,NIPBL Cohesin Loading Factor,Protein Coding,1.0466799,91
POLR1D,RNA Polymerase I And III Subunit D,Protein Coding,1.0466799,91
TRPM4,Transient Receptor Potential Cation Channel Subfamily M Member 4,Protein Coding,1.0466799,91
CPE,Carboxypeptidase E,Protein Coding,1.0466799,90
DAXX,Death Domain Associated Protein,Protein Coding,1.0466799,90
EIF2B2,Eukaryotic Translation Initiation Factor 2B Subunit Beta,Protein Coding,1.0466799,90
FHL1,Four And A Half LIM Domains 1,Protein Coding,1.0466799,90
GAMT,Guanidinoacetate N-Methyltransferase,Protein Coding,1.0466799,90
KANK1,KN Motif And Ankyrin Repeat Domains 1,Protein Coding,1.0466799,90
RNF168,Ring Finger Protein 168,Protein Coding,1.0466799,90
SORL1,Sortilin Related Receptor 1,Protein Coding,1.0466799,90
YME1L1,YME1 Like 1 ATPase,Protein Coding,1.0466799,90
ADAMTS9,ADAM Metallopeptidase With Thrombospondin Type 1 Motif 9,Protein Coding,1.0466799,89
PAPSS2,3'-Phosphoadenosine 5'-Phosphosulfate Synthase 2,Protein Coding,1.0466799,89
PMP22,Peripheral Myelin Protein 22,Protein Coding,1.0466799,89
RPS6KB2,Ribosomal Protein S6 Kinase B2,Protein Coding,1.0466799,89
MMAB,Metabolism Of Cobalamin Associated B,Protein Coding,1.0466799,88
PKP4,Plakophilin 4,Protein Coding,1.0466799,88
TTC8,Tetratricopeptide Repeat Domain 8,Protein Coding,1.0466799,88
DOCK4,Dedicator Of Cytokinesis 4,Protein Coding,1.0466799,87
EIF2B3,Eukaryotic Translation Initiation Factor 2B Subunit Gamma,Protein Coding,1.0466799,87
MVD,Mevalonate Diphosphate Decarboxylase,Protein Coding,1.0466799,87
SLC5A6,Solute Carrier Family 5 Member 6,Protein Coding,1.0466799,87
DNAJC3,DnaJ Heat Shock Protein Family (Hsp40) Member C3,Protein Coding,1.0466799,86
LPIN2,Lipin 2,Protein Coding,1.0466799,86
LRP8,LDL Receptor Related Protein 8,Protein Coding,1.0466799,86
RPS15,Ribosomal Protein S15,Protein Coding,1.0466799,86
TNS2,Tensin 2,Protein Coding,1.0466799,86
UBA5,Ubiquitin Like Modifier Activating Enzyme 5,Protein Coding,1.0466799,86
AFDN,"Afadin, Adherens Junction Formation Factor",Protein Coding,1.0466799,85
AK1,Adenylate Kinase 1,Protein Coding,1.0466799,85
CASP4,Caspase 4,Protein Coding,1.0466799,85
FARP2,"FERM, ARH/RhoGEF And Pleckstrin Domain Protein 2",Protein Coding,1.0466799,85
GPD1,Glycerol-3-Phosphate Dehydrogenase 1,Protein Coding,1.0466799,85
INO80,INO80 Complex ATPase Subunit,Protein Coding,1.0466799,85
KLC1,Kinesin Light Chain 1,Protein Coding,1.0466799,85
NANS,N-Acetylneuraminate Synthase,Protein Coding,1.0466799,85
PMPCB,"Peptidase, Mitochondrial Processing Subunit Beta",Protein Coding,1.0466799,85
TRAF1,TNF Receptor Associated Factor 1,Protein Coding,1.0466799,85
ANKFY1,Ankyrin Repeat And FYVE Domain Containing 1,Protein Coding,1.0466799,84
NCAPD3,Non-SMC Condensin II Complex Subunit D3,Protein Coding,1.0466799,84
RFC5,Replication Factor C Subunit 5,Protein Coding,1.0466799,84
SLC12A7,Solute Carrier Family 12 Member 7,Protein Coding,1.0466799,84
SLC13A5,Solute Carrier Family 13 Member 5,Protein Coding,1.0466799,84
UFD1,Ubiquitin Recognition Factor In ER Associated Degradation 1,Protein Coding,1.0466799,84
CYC1,Cytochrome C1,Protein Coding,1.0466799,83
DNAJC13,DnaJ Heat Shock Protein Family (Hsp40) Member C13,Protein Coding,1.0466799,83
FYCO1,FYVE And Coiled-Coil Domain Autophagy Adaptor 1,Protein Coding,1.0466799,83
PPFIBP1,PPFIB Scaffold Protein 1,Protein Coding,1.0466799,83
RPL35A,Ribosomal Protein L35a,Protein Coding,1.0466799,83
ALG2,"ALG2 Alpha-1,3/1,6-Mannosyltransferase",Protein Coding,1.0466799,82
ATG13,Autophagy Related 13,Protein Coding,1.0466799,82
CBR4,Carbonyl Reductase 4,Protein Coding,1.0466799,82
ELP2,Elongator Acetyltransferase Complex Subunit 2,Protein Coding,1.0466799,82
NPY,Neuropeptide Y,Protein Coding,1.0466799,82
P2RX4,Purinergic Receptor P2X 4,Protein Coding,1.0466799,82
PTPRK,Protein Tyrosine Phosphatase Receptor Type K,Protein Coding,1.0466799,82
SLC25A10,Solute Carrier Family 25 Member 10,Protein Coding,1.0466799,82
ATP6V1H,ATPase H+ Transporting V1 Subunit H,Protein Coding,1.0466799,81
BRK1,BRICK1 Subunit Of SCAR/WAVE Actin Nucleating Complex,Protein Coding,1.0466799,81
DCTN2,Dynactin Subunit 2,Protein Coding,1.0466799,81
DYRK2,Dual Specificity Tyrosine Phosphorylation Regulated Kinase 2,Protein Coding,1.0466799,81
HPN,Hepsin,Protein Coding,1.0466799,81
OPLAH,"5-Oxoprolinase, ATP-Hydrolysing",Protein Coding,1.0466799,81
PMVK,Phosphomevalonate Kinase,Protein Coding,1.0466799,81
PTDSS1,Phosphatidylserine Synthase 1,Protein Coding,1.0466799,81
RCOR1,REST Corepressor 1,Protein Coding,1.0466799,81
COX6B1,Cytochrome C Oxidase Subunit 6B1,Protein Coding,1.0466799,80
CTSV,Cathepsin V,Protein Coding,1.0466799,80
ELF1,E74 Like ETS Transcription Factor 1,Protein Coding,1.0466799,80
RPS21,Ribosomal Protein S21,Protein Coding,1.0466799,80
TCEA1,Transcription Elongation Factor A1,Protein Coding,1.0466799,80
TOP1MT,DNA Topoisomerase I Mitochondrial,Protein Coding,1.0466799,80
ARPC1A,Actin Related Protein 2/3 Complex Subunit 1A,Protein Coding,1.0466799,79
PLEKHA1,Pleckstrin Homology Domain Containing A1,Protein Coding,1.0466799,79
PPIL2,Peptidylprolyl Isomerase Like 2,Protein Coding,1.0466799,79
WAPL,WAPL Cohesin Release Factor,Protein Coding,1.0466799,79
COX5B,Cytochrome C Oxidase Subunit 5B,Protein Coding,1.0466799,78
FABP3,Fatty Acid Binding Protein 3,Protein Coding,1.0466799,78
HSD17B7,Hydroxysteroid 17-Beta Dehydrogenase 7,Protein Coding,1.0466799,78
KLK6,Kallikrein Related Peptidase 6,Protein Coding,1.0466799,78
LPP,LIM Domain Containing Preferred Translocation Partner In Lipoma,Protein Coding,1.0466799,78
MAS1,"MAS1 Proto-Oncogene, G Protein-Coupled Receptor",Protein Coding,1.0466799,78
MOCS3,Molybdenum Cofactor Synthesis 3,Protein Coding,1.0466799,78
MPP7,MAGUK P55 Scaffold Protein 7,Protein Coding,1.0466799,78
PDS5B,PDS5 Cohesin Associated Factor B,Protein Coding,1.0466799,78
VTI1B,Vesicle Transport Through Interaction With T-SNAREs 1B,Protein Coding,1.0466799,78
WASHC5,WASH Complex Subunit 5,Protein Coding,1.0466799,78
AADAT,Aminoadipate Aminotransferase,Protein Coding,1.0466799,77
ARHGEF5,Rho Guanine Nucleotide Exchange Factor 5,Protein Coding,1.0466799,77
CREM,CAMP Responsive Element Modulator,Protein Coding,1.0466799,77
DNAJC7,DnaJ Heat Shock Protein Family (Hsp40) Member C7,Protein Coding,1.0466799,77
EIF3K,Eukaryotic Translation Initiation Factor 3 Subunit K,Protein Coding,1.0466799,77
EIF4H,Eukaryotic Translation Initiation Factor 4H,Protein Coding,1.0466799,77
GCC2,GRIP And Coiled-Coil Domain Containing 2,Protein Coding,1.0466799,77
PAM16,Presequence Translocase Associated Motor 16,Protein Coding,1.0466799,77
PIP4K2C,Phosphatidylinositol-5-Phosphate 4-Kinase Type 2 Gamma,Protein Coding,1.0466799,77
POLE3,"DNA Polymerase Epsilon 3, Accessory Subunit",Protein Coding,1.0466799,77
PPP2R5E,Protein Phosphatase 2 Regulatory Subunit B'Epsilon,Protein Coding,1.0466799,77
PRCP,Prolylcarboxypeptidase,Protein Coding,1.0466799,77
RIOK3,RIO Kinase 3,Protein Coding,1.0466799,77
SLC38A2,Solute Carrier Family 38 Member 2,Protein Coding,1.0466799,77
SS18,SS18 Subunit Of BAF Chromatin Remodeling Complex,Protein Coding,1.0466799,77
TNNI2,"Troponin I2, Fast Skeletal Type",Protein Coding,1.0466799,77
ZNF638,Zinc Finger Protein 638,Protein Coding,1.0466799,77
ALDH1B1,Aldehyde Dehydrogenase 1 Family Member B1,Protein Coding,1.0466799,76
APEH,Acylaminoacyl-Peptide Hydrolase,Protein Coding,1.0466799,76
CASZ1,Castor Zinc Finger 1,Protein Coding,1.0466799,76
CCDC22,CCC Complex Scaffolding Subunit CCDC22,Protein Coding,1.0466799,76
GPR37,G Protein-Coupled Receptor 37,Protein Coding,1.0466799,76
LIMS1,LIM Zinc Finger Domain Containing 1,Protein Coding,1.0466799,76
NDUFAF3,NADH:Ubiquinone Oxidoreductase Complex Assembly Factor 3,Protein Coding,1.0466799,76
PLEKHA5,Pleckstrin Homology Domain Containing A5,Protein Coding,1.0466799,76
SOAT2,Sterol O-Acyltransferase 2,Protein Coding,1.0466799,76
TAF7,TATA-Box Binding Protein Associated Factor 7,Protein Coding,1.0466799,76
UTS2R,Urotensin 2 Receptor,Protein Coding,1.0466799,76
AAMP,Angio Associated Migratory Cell Protein,Protein Coding,1.0466799,75
ARHGEF16,Rho Guanine Nucleotide Exchange Factor 16,Protein Coding,1.0466799,75
GORASP2,Golgi Reassembly Stacking Protein 2,Protein Coding,1.0466799,75
GTF2E1,General Transcription Factor IIE Subunit 1,Protein Coding,1.0466799,75
MRPL23,Mitochondrial Ribosomal Protein L23,Protein Coding,1.0466799,75
NDUFV3,NADH:Ubiquinone Oxidoreductase Subunit V3,Protein Coding,1.0466799,75
SAR1A,Secretion Associated Ras Related GTPase 1A,Protein Coding,1.0466799,75
TMCO1,Transmembrane And Coiled-Coil Domains 1,Protein Coding,1.0466799,75
TRPV2,Transient Receptor Potential Cation Channel Subfamily V Member 2,Protein Coding,1.0466799,75
UBE2G2,Ubiquitin Conjugating Enzyme E2 G2,Protein Coding,1.0466799,75
CLK1,CDC Like Kinase 1,Protein Coding,1.0466799,74
DERL2,Derlin 2,Protein Coding,1.0466799,74
EXOSC8,Exosome Component 8,Protein Coding,1.0466799,74
GPC5,Glypican 5,Protein Coding,1.0466799,74
NHLRC2,NHL Repeat Containing 2,Protein Coding,1.0466799,74
NUCB2,Nucleobindin 2,Protein Coding,1.0466799,74
PPP4C,Protein Phosphatase 4 Catalytic Subunit,Protein Coding,1.0466799,74
PREB,Prolactin Regulatory Element Binding,Protein Coding,1.0466799,74
TRMT10A,TRNA Methyltransferase 10A,Protein Coding,1.0466799,74
UXS1,UDP-Glucuronate Decarboxylase 1,Protein Coding,1.0466799,74
EIF1AX,Eukaryotic Translation Initiation Factor 1A X-Linked,Protein Coding,1.0466799,73
GATAD1,GATA Zinc Finger Domain Containing 1,Protein Coding,1.0466799,73
HAUS6,HAUS Augmin Like Complex Subunit 6,Protein Coding,1.0466799,73
IFRD1,Interferon Related Developmental Regulator 1,Protein Coding,1.0466799,73
KLC4,Kinesin Light Chain 4,Protein Coding,1.0466799,73
POLR2D,RNA Polymerase II Subunit D,Protein Coding,1.0466799,73
SLBP,Stem-Loop Histone MRNA Binding Protein,Protein Coding,1.0466799,73
SNX3,Sorting Nexin 3,Protein Coding,1.0466799,73
TWF2,Twinfilin Actin Binding Protein 2,Protein Coding,1.0466799,73
ZNF598,"Zinc Finger Protein 598, E3 Ubiquitin Ligase",Protein Coding,1.0466799,73
ZZZ3,Zinc Finger ZZ-Type Containing 3,Protein Coding,1.0466799,73
CAMSAP3,Calmodulin Regulated Spectrin Associated Protein Family Member 3,Protein Coding,1.0466799,72
DPP3,Dipeptidyl Peptidase 3,Protein Coding,1.0466799,72
FNDC3A,Fibronectin Type III Domain Containing 3A,Protein Coding,1.0466799,72
H1-0,H1.0 Linker Histone,Protein Coding,1.0466799,72
HOOK2,Hook Microtubule Tethering Protein 2,Protein Coding,1.0466799,72
NMT2,N-Myristoyltransferase 2,Protein Coding,1.0466799,72
NUBP1,"NUBP Iron-Sulfur Cluster Assembly Factor 1, Cytosolic",Protein Coding,1.0466799,72
POLR1E,RNA Polymerase I Subunit E,Protein Coding,1.0466799,72
QPRT,Quinolinate Phosphoribosyltransferase,Protein Coding,1.0466799,72
RAB11FIP5,RAB11 Family Interacting Protein 5,Protein Coding,1.0466799,72
SELENBP1,Selenium Binding Protein 1,Protein Coding,1.0466799,72
SERPINB8,Serpin Family B Member 8,Protein Coding,1.0466799,72
SHB,SH2 Domain Containing Adaptor Protein B,Protein Coding,1.0466799,72
TRMT112,TRNA Methyltransferase Activator Subunit 11-2,Protein Coding,1.0466799,72
UAP1,UDP-N-Acetylglucosamine Pyrophosphorylase 1,Protein Coding,1.0466799,72
UBE2F,Ubiquitin Conjugating Enzyme E2 F (Putative),Protein Coding,1.0466799,72
ADIPOR2,Adiponectin Receptor 2,Protein Coding,1.0466799,71
AK3,Adenylate Kinase 3,Protein Coding,1.0466799,71
ATE1,Arginyltransferase 1,Protein Coding,1.0466799,71
CFAP298,Cilia And Flagella Associated Protein 298,Protein Coding,1.0466799,71
COG3,Component Of Oligomeric Golgi Complex 3,Protein Coding,1.0466799,71
DNAJC17,DnaJ Heat Shock Protein Family (Hsp40) Member C17,Protein Coding,1.0466799,71
FIGNL1,Fidgetin Like 1,Protein Coding,1.0466799,71
HMG20B,High Mobility Group 20B,Protein Coding,1.0466799,71
NDUFS5,NADH:Ubiquinone Oxidoreductase Subunit S5,Protein Coding,1.0466799,71
QPCT,Glutaminyl-Peptide Cyclotransferase,Protein Coding,1.0466799,71
RABGGTB,Rab Geranylgeranyltransferase Subunit Beta,Protein Coding,1.0466799,71
RNF114,Ring Finger Protein 114,Protein Coding,1.0466799,71
TRIM23,Tripartite Motif Containing 23,Protein Coding,1.0466799,71
UQCC2,Ubiquinol-Cytochrome C Reductase Complex Assembly Factor 2,Protein Coding,1.0466799,71
ZC3H12A,Zinc Finger CCCH-Type Containing 12A,Protein Coding,1.0466799,71
ATP5PB,ATP Synthase Peripheral Stalk-Membrane Subunit B,Protein Coding,1.0466799,70
ATP5PD,ATP Synthase Peripheral Stalk Subunit D,Protein Coding,1.0466799,70
CCL28,C-C Motif Chemokine Ligand 28,Protein Coding,1.0466799,70
CRTC3,CREB Regulated Transcription Coactivator 3,Protein Coding,1.0466799,70
DIMT1,DIM1 RRNA Methyltransferase And Ribosome Maturation Factor,Protein Coding,1.0466799,70
DNAJC2,DnaJ Heat Shock Protein Family (Hsp40) Member C2,Protein Coding,1.0466799,70
ELOVL2,ELOVL Fatty Acid Elongase 2,Protein Coding,1.0466799,70
H3C3,H3 Clustered Histone 3,Protein Coding,1.0466799,70
HSD17B11,Hydroxysteroid 17-Beta Dehydrogenase 11,Protein Coding,1.0466799,70
LSM3,"LSM3 Homolog, U6 Small Nuclear RNA And MRNA Degradation Associated",Protein Coding,1.0466799,70
LSM6,"LSM6 Homolog, U6 Small Nuclear RNA And MRNA Degradation Associated",Protein Coding,1.0466799,70
LYPLA1,Lysophospholipase 1,Protein Coding,1.0466799,70
MESD,Mesoderm Development LRP Chaperone,Protein Coding,1.0466799,70
SACM1L,SAC1 Like Phosphatidylinositide Phosphatase,Protein Coding,1.0466799,70
SEPHS1,Selenophosphate Synthetase 1,Protein Coding,1.0466799,70
TCF21,Transcription Factor 21,Protein Coding,1.0466799,70
TST,Thiosulfate Sulfurtransferase,Protein Coding,1.0466799,70
CALML5,Calmodulin Like 5,Protein Coding,1.0466799,69
CCNL1,Cyclin L1,Protein Coding,1.0466799,69
CMAS,Cytidine Monophosphate N-Acetylneuraminic Acid Synthetase,Protein Coding,1.0466799,69
CYP4F11,Cytochrome P450 Family 4 Subfamily F Member 11,Protein Coding,1.0466799,69
MICU2,Mitochondrial Calcium Uptake 2,Protein Coding,1.0466799,69
MTCH2,Mitochondrial Carrier 2,Protein Coding,1.0466799,69
PMEPA1,"Prostate Transmembrane Protein, Androgen Induced 1",Protein Coding,1.0466799,69
RCN1,Reticulocalbin 1,Protein Coding,1.0466799,69
TRAM1,Translocation Associated Membrane Protein 1,Protein Coding,1.0466799,69
UBAC1,UBA Domain Containing 1,Protein Coding,1.0466799,69
USP6NL,USP6 N-Terminal Like,Protein Coding,1.0466799,69
UTP20,UTP20 Small Subunit Processome Component,Protein Coding,1.0466799,69
ACBD3,Acyl-CoA Binding Domain Containing 3,Protein Coding,1.0466799,68
ACSF2,Acyl-CoA Synthetase Family Member 2,Protein Coding,1.0466799,68
AMOTL1,Angiomotin Like 1,Protein Coding,1.0466799,68
CLIC4,Chloride Intracellular Channel 4,Protein Coding,1.0466799,68
DERA,Deoxyribose-Phosphate Aldolase,Protein Coding,1.0466799,68
DHRS7B,Dehydrogenase/Reductase 7B,Protein Coding,1.0466799,68
DHX40,DEAH-Box Helicase 40,Protein Coding,1.0466799,68
DSTN,"Destrin, Actin Depolymerizing Factor",Protein Coding,1.0466799,68
MARCHF5,Membrane Associated Ring-CH-Type Finger 5,Protein Coding,1.0466799,68
MRPS9,Mitochondrial Ribosomal Protein S9,Protein Coding,1.0466799,68
ORMDL3,ORMDL Sphingolipid Biosynthesis Regulator 3,Protein Coding,1.0466799,68
PIPOX,Pipecolic Acid And Sarcosine Oxidase,Protein Coding,1.0466799,68
POLR1F,RNA Polymerase I Subunit F,Protein Coding,1.0466799,68
RANBP3,RAN Binding Protein 3,Protein Coding,1.0466799,68
RMDN3,Regulator Of Microtubule Dynamics 3,Protein Coding,1.0466799,68
RPRD1B,Regulation Of Nuclear Pre-MRNA Domain Containing 1B,Protein Coding,1.0466799,68
STARD10,StAR Related Lipid Transfer Domain Containing 10,Protein Coding,1.0466799,68
TASOR,Transcription Activation Suppressor,Protein Coding,1.0466799,68
WDR46,WD Repeat Domain 46,Protein Coding,1.0466799,68
ALKBH2,"AlkB Homolog 2, Alpha-Ketoglutarate Dependent Dioxygenase",Protein Coding,1.0466799,67
BLOC1S5,Biogenesis Of Lysosomal Organelles Complex 1 Subunit 5,Protein Coding,1.0466799,67
CHDH,Choline Dehydrogenase,Protein Coding,1.0466799,67
CREG1,Cellular Repressor Of E1A Stimulated Genes 1,Protein Coding,1.0466799,67
CWF19L1,CWF19 Like Cell Cycle Control Factor 1,Protein Coding,1.0466799,67
ELL2,Elongation Factor For RNA Polymerase II 2,Protein Coding,1.0466799,67
EXOSC1,Exosome Component 1,Protein Coding,1.0466799,67
GOLGA1,Golgin A1,Protein Coding,1.0466799,67
HAUS8,HAUS Augmin Like Complex Subunit 8,Protein Coding,1.0466799,67
HSPBP1,HSPA (Hsp70) Binding Protein 1,Protein Coding,1.0466799,67
MRPL4,Mitochondrial Ribosomal Protein L4,Protein Coding,1.0466799,67
NCS1,Neuronal Calcium Sensor 1,Protein Coding,1.0466799,67
PSMG1,Proteasome Assembly Chaperone 1,Protein Coding,1.0466799,67
RPL22L1,Ribosomal Protein L22 Like 1,Protein Coding,1.0466799,67
S100A13,S100 Calcium Binding Protein A13,Protein Coding,1.0466799,67
SCAF8,SR-Related CTD Associated Factor 8,Protein Coding,1.0466799,67
SPCS2,Signal Peptidase Complex Subunit 2,Protein Coding,1.0466799,67
TADA3,Transcriptional Adaptor 3,Protein Coding,1.0466799,67
TRMT61B,TRNA Methyltransferase 61B,Protein Coding,1.0466799,67
GCAT,Glycine C-Acetyltransferase,Protein Coding,1.0466799,66
HAUS3,HAUS Augmin Like Complex Subunit 3,Protein Coding,1.0466799,66
HEXIM1,HEXIM P-TEFb Complex Subunit 1,Protein Coding,1.0466799,66
KCTD12,Potassium Channel Tetramerization Domain Containing 12,Protein Coding,1.0466799,66
MRPS14,Mitochondrial Ribosomal Protein S14,Protein Coding,1.0466799,66
MRPS6,Mitochondrial Ribosomal Protein S6,Protein Coding,1.0466799,66
MTPN,Myotrophin,Protein Coding,1.0466799,66
OSTC,Oligosaccharyltransferase Complex Non-Catalytic Subunit,Protein Coding,1.0466799,66
POGLUT3,Protein O-Glucosyltransferase 3,Protein Coding,1.0466799,66
QTRT1,Queuine TRNA-Ribosyltransferase Catalytic Subunit 1,Protein Coding,1.0466799,66
SEPTIN10,Septin 10,Protein Coding,1.0466799,66
TTLL12,Tubulin Tyrosine Ligase Like 12,Protein Coding,1.0466799,66
XYLB,Xylulokinase,Protein Coding,1.0466799,66
YIPF5,Yip1 Domain Family Member 5,Protein Coding,1.0466799,66
AGMAT,Agmatinase (Putative),Protein Coding,1.0466799,65
BPHL,Biphenyl Hydrolase Like,Protein Coding,1.0466799,65
ECHDC1,Ethylmalonyl-CoA Decarboxylase 1,Protein Coding,1.0466799,65
INAVA,Innate Immunity Activator,Protein Coding,1.0466799,65
LRWD1,Leucine Rich Repeats And WD Repeat Domain Containing 1,Protein Coding,1.0466799,65
MORF4L2,Mortality Factor 4 Like 2,Protein Coding,1.0466799,65
RPP40,Ribonuclease P/MRP Subunit P40,Protein Coding,1.0466799,65
STEEP1,STING1 ER Exit Protein 1,Protein Coding,1.0466799,65
TIMM10,Translocase Of Inner Mitochondrial Membrane 10,Protein Coding,1.0466799,65
CHCHD6,Coiled-Coil-Helix-Coiled-Coil-Helix Domain Containing 6,Protein Coding,1.0466799,64
ELOVL7,ELOVL Fatty Acid Elongase 7,Protein Coding,1.0466799,64
GPN1,GPN-Loop GTPase 1,Protein Coding,1.0466799,64
HIGD1A,HIG1 Hypoxia Inducible Domain Family Member 1A,Protein Coding,1.0466799,64
MCTS1,MCTS1 Re-Initiation And Release Factor,Protein Coding,1.0466799,64
MRPL33,Mitochondrial Ribosomal Protein L33,Protein Coding,1.0466799,64
MRPS18A,Mitochondrial Ribosomal Protein S18A,Protein Coding,1.0466799,64
NOMO1,NODAL Modulator 1,Protein Coding,1.0466799,64
NTMT1,N-Terminal Xaa-Pro-Lys N-Methyltransferase 1,Protein Coding,1.0466799,64
NUDCD2,NudC Domain Containing 2,Protein Coding,1.0466799,64
PHF23,PHD Finger Protein 23,Protein Coding,1.0466799,64
RCAN2,Regulator Of Calcineurin 2,Protein Coding,1.0466799,64
TASOR2,Transcription Activation Suppressor Family Member 2,Protein Coding,1.0466799,64
THUMPD3,THUMP Domain 3 TRNA Guanosine Methyltransferase,Protein Coding,1.0466799,64
UBL4A,Ubiquitin Like 4A,Protein Coding,1.0466799,64
UBXN4,UBX Domain Protein 4,Protein Coding,1.0466799,64
UGT2A3,UDP Glucuronosyltransferase Family 2 Member A3,Protein Coding,1.0466799,64
AFTPH,Aftiphilin,Protein Coding,1.0466799,63
CIAO2B,Cytosolic Iron-Sulfur Assembly Component 2B,Protein Coding,1.0466799,63
EXOSC6,Exosome Component 6,Protein Coding,1.0466799,63
FKBP2,FKBP Prolyl Isomerase 2,Protein Coding,1.0466799,63
LRIF1,Ligand Dependent Nuclear Receptor Interacting Factor 1,Protein Coding,1.0466799,63
METTL15,"Methyltransferase 15, Mitochondrial 12S RRNA N4-Cytidine",Protein Coding,1.0466799,63
MRNIP,MRN Complex Interacting Protein,Protein Coding,1.0466799,63
MRPL37,Mitochondrial Ribosomal Protein L37,Protein Coding,1.0466799,63
MRPS35,Mitochondrial Ribosomal Protein S35,Protein Coding,1.0466799,63
NAA25,"N-Alpha-Acetyltransferase 25, NatB Auxiliary Subunit",Protein Coding,1.0466799,63
NXT1,Nuclear Transport Factor 2 Like Export Factor 1,Protein Coding,1.0466799,63
PGP,Phosphoglycolate Phosphatase,Protein Coding,1.0466799,63
PHACTR4,Phosphatase And Actin Regulator 4,Protein Coding,1.0466799,63
TIMP4,TIMP Metallopeptidase Inhibitor 4,Protein Coding,1.0466799,63
CAB39L,Calcium Binding Protein 39 Like,Protein Coding,1.0466799,62
CCDC134,Coiled-Coil Domain Containing 134,Protein Coding,1.0466799,62
CDC42SE2,CDC42 Small Effector 2,Protein Coding,1.0466799,62
CISD3,CDGSH Iron Sulfur Domain 3,Protein Coding,1.0466799,62
DCTPP1,DCTP Pyrophosphatase 1,Protein Coding,1.0466799,62
HPCAL1,Hippocalcin Like 1,Protein Coding,1.0466799,62
MPC2,Mitochondrial Pyruvate Carrier 2,Protein Coding,1.0466799,62
MRPL13,Mitochondrial Ribosomal Protein L13,Protein Coding,1.0466799,62
SFXN2,Sideroflexin 2,Protein Coding,1.0466799,62
SOX21,SRY-Box Transcription Factor 21,Protein Coding,1.0466799,62
SRBD1,S1 RNA Binding Domain 1,Protein Coding,1.0466799,62
ZMAT2,Zinc Finger Matrin-Type 2,Protein Coding,1.0466799,62
ZNHIT6,Zinc Finger HIT-Type Containing 6,Protein Coding,1.0466799,62
ARGLU1,Arginine And Glutamate Rich 1,Protein Coding,1.0466799,61
DCUN1D4,Defective In Cullin Neddylation 1 Domain Containing 4,Protein Coding,1.0466799,61
DNAJC24,DnaJ Heat Shock Protein Family (Hsp40) Member C24,Protein Coding,1.0466799,61
MAD2L1BP,MAD2L1 Binding Protein,Protein Coding,1.0466799,61
MRPL14,Mitochondrial Ribosomal Protein L14,Protein Coding,1.0466799,61
NFXL1,"Nuclear Transcription Factor, X-Box Binding Like 1",Protein Coding,1.0466799,61
NUDT4,Nudix Hydrolase 4,Protein Coding,1.0466799,61
PLEKHF2,Pleckstrin Homology And FYVE Domain Containing 2,Protein Coding,1.0466799,61
SLC25A33,Solute Carrier Family 25 Member 33,Protein Coding,1.0466799,61
COA3,Cytochrome C Oxidase Assembly Factor 3,Protein Coding,1.0466799,60
CWF19L2,CWF19 Like Cell Cycle Control Factor 2,Protein Coding,1.0466799,60
ELOF1,Elongation Factor 1,Protein Coding,1.0466799,60
MOB2,MOB Kinase Activator 2,Protein Coding,1.0466799,60
OARD1,O-Acyl-ADP-Ribose Deacylase 1,Protein Coding,1.0466799,60
OGFR,Opioid Growth Factor Receptor,Protein Coding,1.0466799,60
TM9SF2,Transmembrane 9 Superfamily Member 2,Protein Coding,1.0466799,60
TMEM214,Transmembrane Protein 214,Protein Coding,1.0466799,60
ZFYVE21,Zinc Finger FYVE-Type Containing 21,Protein Coding,1.0466799,60
AGAP11,"ArfGAP With GTPase Domain, Ankyrin Repeat And PH Domain 11",RNA Gene,1.0466799,59
KATNBL1,Katanin Regulatory Subunit B1 Like 1,Protein Coding,1.0466799,59
MCMBP,Minichromosome Maintenance Complex Binding Protein,Protein Coding,1.0466799,59
SLAIN2,SLAIN Motif Family Member 2,Protein Coding,1.0466799,59
SURF6,Surfeit 6,Protein Coding,1.0466799,59
COMTD1,Catechol-O-Methyltransferase Domain Containing 1,Protein Coding,1.0466799,58
COPRS,Coordinator Of PRMT5 And Differentiation Stimulator,Protein Coding,1.0466799,58
CPPED1,Calcineurin Like Phosphoesterase Domain Containing 1,Protein Coding,1.0466799,58
ENTREP3,Endosomal Transmembrane Epsin Interactor 3,Protein Coding,1.0466799,58
FUNDC1,FUN14 Domain Containing 1,Protein Coding,1.0466799,58
PGPEP1,Pyroglutamyl-Peptidase I,Protein Coding,1.0466799,58
ROMO1,Reactive Oxygen Species Modulator 1,Protein Coding,1.0466799,58
SDF2,Stromal Cell Derived Factor 2,Protein Coding,1.0466799,58
CCDC25,Coiled-Coil Domain Containing 25,Protein Coding,1.0466799,57
COQ10B,Coenzyme Q10B,Protein Coding,1.0466799,57
FBLL1,Fibrillarin Like RRNA 2'-O-Methyltransferase 1,Protein Coding,1.0466799,57
HPF1,Histone PARylation Factor 1,Protein Coding,1.0466799,57
PDZK1IP1,PDZK1 Interacting Protein 1,Protein Coding,1.0466799,57
PRXL2A,Peroxiredoxin Like 2A,Protein Coding,1.0466799,57
ZCCHC9,Zinc Finger CCHC-Type Containing 9,Protein Coding,1.0466799,57
CDC42SE1,CDC42 Small Effector 1,Protein Coding,1.0466799,56
IRGQ,Immunity Related GTPase Q,Protein Coding,1.0466799,56
PSME3IP1,Proteasome Activator Subunit 3 Interacting Protein 1,Protein Coding,1.0466799,56
RBFA,Ribosome Binding Factor A,Protein Coding,1.0466799,56
BEX1,Brain Expressed X-Linked 1,Protein Coding,1.0466799,55
NAT14,N-Acetyltransferase 14 (Putative),Protein Coding,1.0466799,54
PTMS,Parathymosin,Protein Coding,1.0466799,54
CLEC14A,C-Type Lectin Domain Containing 14A,Protein Coding,1.0466799,53
HEATR5A,HEAT Repeat Containing 5A,Protein Coding,1.0466799,52
HIGD2A,HIG1 Hypoxia Inducible Domain Family Member 2A,Protein Coding,1.0466799,52
LONRF3,LON Peptidase N-Terminal Domain And Ring Finger 3,Protein Coding,1.0466799,52
LZTS3,Leucine Zipper Tumor Suppressor Family Member 3,Protein Coding,1.0466799,52
LZIC,Leucine Zipper And CTNNBIP1 Domain Containing,Protein Coding,1.0466799,51
MIR891A,MicroRNA 891a,RNA Gene,1.0466799,51
RELL1,RELT Like 1,Protein Coding,1.0466799,51
CDV3,CDV3 Homolog,Protein Coding,1.0466799,50
FAM107B,Family With Sequence Similarity 107 Member B,Protein Coding,1.0466799,50
MRFAP1,Morf4 Family Associated Protein 1,Protein Coding,1.0466799,50
SP5,Sp5 Transcription Factor,Protein Coding,1.0466799,50
SREK1IP1,SREK1 Interacting Protein 1,Protein Coding,1.0466799,50
TTC38,Tetratricopeptide Repeat Domain 38,Protein Coding,1.0466799,50
MIR3150B,MicroRNA 3150b,RNA Gene,1.0466799,49
SPIN4,Spindlin Family Member 4,Protein Coding,1.0466799,49
THEM6,Thioesterase Superfamily Member 6,Protein Coding,1.0466799,49
UBFD1,Ubiquitin Family Domain Containing 1,Protein Coding,1.0466799,49
C19orf53,Chromosome 19 Open Reading Frame 53,Protein Coding,1.0466799,47
C1orf198,Chromosome 1 Open Reading Frame 198,Protein Coding,1.0466799,47
TTC27,Tetratricopeptide Repeat Domain 27,Protein Coding,1.0466799,47
FAM133B,Family With Sequence Similarity 133 Member B,Protein Coding,1.0466799,46
KRCC1,Lysine Rich Coiled-Coil 1,Protein Coding,1.0466799,43
TMA7,Translation Machinery Associated 7 Homolog,Protein Coding,1.0466799,43
NR2F2,Nuclear Receptor Subfamily 2 Group F Member 2,Protein Coding,1.0455551,95
HERC4,HECT And RLD Domain Containing E3 Ubiquitin Protein Ligase 4,Protein Coding,1.011345,69
ERCC6,"ERCC Excision Repair 6, Chromatin Remodeling Factor",Protein Coding,1.0022604,100
ITPR1,"Inositol 1,4,5-Trisphosphate Receptor Type 1",Protein Coding,1.0022604,100
KCNH2,Potassium Voltage-Gated Channel Subfamily H Member 2,Protein Coding,1.0022604,100
LAMB2,Laminin Subunit Beta 2,Protein Coding,1.0022604,100
POLR2A,RNA Polymerase II Subunit A,Protein Coding,1.0022604,100
PTH1R,Parathyroid Hormone 1 Receptor,Protein Coding,1.0022604,99
TGFB3,Transforming Growth Factor Beta 3,Protein Coding,1.0022604,99
COL6A3,Collagen Type VI Alpha 3 Chain,Protein Coding,1.0022604,98
SH3KBP1,SH3 Domain Containing Kinase Binding Protein 1,Protein Coding,1.0022604,98
STXBP1,Syntaxin Binding Protein 1,Protein Coding,1.0022604,98
ADK,Adenosine Kinase,Protein Coding,1.0022604,97
ARHGEF1,Rho Guanine Nucleotide Exchange Factor 1,Protein Coding,1.0022604,97
TAF6,TATA-Box Binding Protein Associated Factor 6,Protein Coding,1.0022604,97
NDE1,NudE Neurodevelopment Protein 1,Protein Coding,1.0022604,96
NDUFV1,NADH:Ubiquinone Oxidoreductase Core Subunit V1,Protein Coding,1.0022604,96
CAMK2D,Calcium/Calmodulin Dependent Protein Kinase II Delta,Protein Coding,1.0022604,95
DLG1,Discs Large MAGUK Scaffold Protein 1,Protein Coding,1.0022604,95
HPGD,15-Hydroxyprostaglandin Dehydrogenase,Protein Coding,1.0022604,95
LMAN1,"Lectin, Mannose Binding 1",Protein Coding,1.0022604,95
MYO9B,Myosin IXB,Protein Coding,1.0022604,95
SYNJ1,Synaptojanin 1,Protein Coding,1.0022604,95
SYT1,Synaptotagmin 1,Protein Coding,1.0022604,95
ACADS,Acyl-CoA Dehydrogenase Short Chain,Protein Coding,1.0022604,94
APPL1,"Adaptor Protein, Phosphotyrosine Interacting With PH Domain And Leucine Zipper 1",Protein Coding,1.0022604,94
CYFIP2,Cytoplasmic FMR1 Interacting Protein 2,Protein Coding,1.0022604,94
MTTP,Microsomal Triglyceride Transfer Protein,Protein Coding,1.0022604,94
PCYT1A,"Phosphate Cytidylyltransferase 1A, Choline",Protein Coding,1.0022604,94
POLR3B,RNA Polymerase III Subunit B,Protein Coding,1.0022604,94
EPM2A,"EPM2A Glucan Phosphatase, Laforin",Protein Coding,1.0022604,93
KALRN,Kalirin RhoGEF Kinase,Protein Coding,1.0022604,93
NCOA2,Nuclear Receptor Coactivator 2,Protein Coding,1.0022604,93
NECTIN1,Nectin Cell Adhesion Molecule 1,Protein Coding,1.0022604,93
PCGF2,Polycomb Group Ring Finger 2,Protein Coding,1.0022604,93
TCIRG1,"T Cell Immune Regulator 1, ATPase H+ Transporting V0 Subunit A3",Protein Coding,1.0022604,93
THBD,Thrombomodulin,Protein Coding,1.0022604,93
ACD,ACD Shelterin Complex Subunit And Telomerase Recruitment Factor,Protein Coding,1.0022604,92
AFG3L2,AFG3 Like Matrix AAA Peptidase Subunit 2,Protein Coding,1.0022604,92
AGO1,Argonaute RISC Component 1,Protein Coding,1.0022604,92
ALDH1A3,Aldehyde Dehydrogenase 1 Family Member A3,Protein Coding,1.0022604,92
CACNA1I,Calcium Voltage-Gated Channel Subunit Alpha1 I,Protein Coding,1.0022604,92
DHX38,DEAH-Box Helicase 38,Protein Coding,1.0022604,92
EPHX2,Epoxide Hydrolase 2,Protein Coding,1.0022604,92
IDH3A,Isocitrate Dehydrogenase (NAD(+)) 3 Catalytic Subunit Alpha,Protein Coding,1.0022604,92
LEMD3,LEM Domain Containing 3,Protein Coding,1.0022604,92
MAGI2,"Membrane Associated Guanylate Kinase, WW And PDZ Domain Containing 2",Protein Coding,1.0022604,92
NDUFV2,NADH:Ubiquinone Oxidoreductase Core Subunit V2,Protein Coding,1.0022604,92
PMM2,Phosphomannomutase 2,Protein Coding,1.0022604,92
SBF1,SET Binding Factor 1,Protein Coding,1.0022604,92
ARHGEF18,Rho/Rac Guanine Nucleotide Exchange Factor 18,Protein Coding,1.0022604,91
ITSN2,Intersectin 2,Protein Coding,1.0022604,91
MACF1,Microtubule Actin Crosslinking Factor 1,Protein Coding,1.0022604,91
MED23,Mediator Complex Subunit 23,Protein Coding,1.0022604,91
NRCAM,Neuronal Cell Adhesion Molecule,Protein Coding,1.0022604,91
VPS11,VPS11 Core Subunit Of CORVET And HOPS Complexes,Protein Coding,1.0022604,91
ARFGEF2,ARF Guanine Nucleotide Exchange Factor 2,Protein Coding,1.0022604,90
BRF1,BRF1 General Transcription Factor IIIB Subunit,Protein Coding,1.0022604,90
CNOT3,CCR4-NOT Transcription Complex Subunit 3,Protein Coding,1.0022604,90
KDM2B,Lysine Demethylase 2B,Protein Coding,1.0022604,90
KIF1C,Kinesin Family Member 1C,Protein Coding,1.0022604,90
LTA4H,Leukotriene A4 Hydrolase,Protein Coding,1.0022604,90
LTBP3,Latent Transforming Growth Factor Beta Binding Protein 3,Protein Coding,1.0022604,90
NDUFS4,NADH:Ubiquinone Oxidoreductase Subunit S4,Protein Coding,1.0022604,90
NDUFS6,NADH:Ubiquinone Oxidoreductase Subunit S6,Protein Coding,1.0022604,90
PARN,Poly(A)-Specific Ribonuclease,Protein Coding,1.0022604,90
ST3GAL5,"ST3 Beta-Galactoside Alpha-2,3-Sialyltransferase 5",Protein Coding,1.0022604,90
ANO6,Anoctamin 6,Protein Coding,1.0022604,89
ARHGEF28,Rho Guanine Nucleotide Exchange Factor 28,Protein Coding,1.0022604,89
BDKRB2,Bradykinin Receptor B2,Protein Coding,1.0022604,89
CRAT,Carnitine O-Acetyltransferase,Protein Coding,1.0022604,89
EPS15,Epidermal Growth Factor Receptor Pathway Substrate 15,Protein Coding,1.0022604,89
GRID2,Glutamate Ionotropic Receptor Delta Type Subunit 2,Protein Coding,1.0022604,89
HARS1,Histidyl-TRNA Synthetase 1,Protein Coding,1.0022604,89
LIMK2,LIM Domain Kinase 2,Protein Coding,1.0022604,89
LPAR1,Lysophosphatidic Acid Receptor 1,Protein Coding,1.0022604,89
NDUFS8,NADH:Ubiquinone Oxidoreductase Core Subunit S8,Protein Coding,1.0022604,89
PKN2,Protein Kinase N2,Protein Coding,1.0022604,89
POLR1B,RNA Polymerase I Subunit B,Protein Coding,1.0022604,89
RAP1A,"RAP1A, Member Of RAS Oncogene Family",Protein Coding,1.0022604,89
ZBTB16,Zinc Finger And BTB Domain Containing 16,Protein Coding,1.0022604,89
ADGRV1,Adhesion G Protein-Coupled Receptor V1,Protein Coding,1.0022604,88
ARIH1,Ariadne RBR E3 Ubiquitin Protein Ligase 1,Protein Coding,1.0022604,88
CDKL5,Cyclin Dependent Kinase Like 5,Protein Coding,1.0022604,88
GEMIN5,Gem Nuclear Organelle Associated Protein 5,Protein Coding,1.0022604,88
PRKD2,Protein Kinase D2,Protein Coding,1.0022604,88
RAB3GAP1,RAB3 GTPase Activating Protein Catalytic Subunit 1,Protein Coding,1.0022604,88
SUPT5H,"SPT5 Homolog, DSIF Elongation Factor Subunit",Protein Coding,1.0022604,88
TARS2,"Threonyl-TRNA Synthetase 2, Mitochondrial",Protein Coding,1.0022604,88
ALG1,ALG1 Chitobiosyldiphosphodolichol Beta-Mannosyltransferase,Protein Coding,1.0022604,87
ANKLE2,Ankyrin Repeat And LEM Domain Containing 2,Protein Coding,1.0022604,87
ARHGAP21,Rho GTPase Activating Protein 21,Protein Coding,1.0022604,87
COQ6,"Coenzyme Q6, Monooxygenase",Protein Coding,1.0022604,87
EPS8L2,EPS8 Signaling Adaptor L2,Protein Coding,1.0022604,87
FARS2,"Phenylalanyl-TRNA Synthetase 2, Mitochondrial",Protein Coding,1.0022604,87
GIGYF2,GRB10 Interacting GYF Protein 2,Protein Coding,1.0022604,87
ISCU,Iron-Sulfur Cluster Assembly Enzyme,Protein Coding,1.0022604,87
NFATC3,Nuclear Factor Of Activated T Cells 3,Protein Coding,1.0022604,87
PISD,Phosphatidylserine Decarboxylase,Protein Coding,1.0022604,87
RAI1,Retinoic Acid Induced 1,Protein Coding,1.0022604,87
RARS2,"Arginyl-TRNA Synthetase 2, Mitochondrial",Protein Coding,1.0022604,87
TOPORS,"TOP1 Binding Arginine/Serine Rich Protein, E3 Ubiquitin Ligase",Protein Coding,1.0022604,87
CWC27,CWC27 Spliceosome Associated Cyclophilin,Protein Coding,1.0022604,86
DISC1,DISC1 Scaffold Protein,Protein Coding,1.0022604,86
FPR2,Formyl Peptide Receptor 2,Protein Coding,1.0022604,86
NCAPH2,Non-SMC Condensin II Complex Subunit H2,Protein Coding,1.0022604,86
PNPLA6,"Patatin Like Domain 6, Lysophospholipase ",Protein Coding,1.0022604,86
RAB3GAP2,RAB3 GTPase Activating Non-Catalytic Protein Subunit 2,Protein Coding,1.0022604,86
SV2A,Synaptic Vesicle Glycoprotein 2A,Protein Coding,1.0022604,86
ACAA1,Acetyl-CoA Acyltransferase 1,Protein Coding,1.0022604,85
ARAP1,"ArfGAP With RhoGAP Domain, Ankyrin Repeat And PH Domain 1",Protein Coding,1.0022604,85
ATP5F1D,ATP Synthase F1 Subunit Delta,Protein Coding,1.0022604,85
CCDC88C,Coiled-Coil And HOOK Domain Protein 88C,Protein Coding,1.0022604,85
CCNT1,Cyclin T1,Protein Coding,1.0022604,85
DYNC2I1,Dynein 2 Intermediate Chain 1,Protein Coding,1.0022604,85
GTPBP3,"GTP Binding Protein 3, Mitochondrial",Protein Coding,1.0022604,85
KATNB1,Katanin Regulatory Subunit B1,Protein Coding,1.0022604,85
OS9,OS9 Endoplasmic Reticulum Lectin,Protein Coding,1.0022604,85
PLAA,Phospholipase A2 Activating Protein,Protein Coding,1.0022604,85
RECQL5,RecQ Like Helicase 5,Protein Coding,1.0022604,85
TOR1AIP1,Torsin 1A Interacting Protein 1,Protein Coding,1.0022604,85
WDR11,WD Repeat Domain 11,Protein Coding,1.0022604,85
WDR26,WD Repeat Domain 26,Protein Coding,1.0022604,85
ANAPC7,Anaphase Promoting Complex Subunit 7,Protein Coding,1.0022604,84
CENPT,Centromere Protein T,Protein Coding,1.0022604,84
ELMO2,Engulfment And Cell Motility 2,Protein Coding,1.0022604,84
GPC6,Glypican 6,Protein Coding,1.0022604,84
LITAF,Lipopolysaccharide Induced TNF Factor,Protein Coding,1.0022604,84
LNPEP,Leucyl And Cystinyl Aminopeptidase,Protein Coding,1.0022604,84
POLR3F,RNA Polymerase III Subunit F,Protein Coding,1.0022604,84
PPA2,Inorganic Pyrophosphatase 2,Protein Coding,1.0022604,84
PPP2CB,Protein Phosphatase 2 Catalytic Subunit Beta,Protein Coding,1.0022604,84
PPP3CB,Protein Phosphatase 3 Catalytic Subunit Beta,Protein Coding,1.0022604,84
PTPRB,Protein Tyrosine Phosphatase Receptor Type B,Protein Coding,1.0022604,84
RBBP6,"RB Binding Protein 6, Ubiquitin Ligase",Protein Coding,1.0022604,84
ATAD1,ATPase Family AAA Domain Containing 1,Protein Coding,1.0022604,83
COG7,Component Of Oligomeric Golgi Complex 7,Protein Coding,1.0022604,83
FRS2,Fibroblast Growth Factor Receptor Substrate 2,Protein Coding,1.0022604,83
GAPVD1,GTPase Activating Protein And VPS9 Domains 1,Protein Coding,1.0022604,83
MAP3K6,Mitogen-Activated Protein Kinase Kinase Kinase 6,Protein Coding,1.0022604,83
MNX1,Motor Neuron And Pancreas Homeobox 1,Protein Coding,1.0022604,83
NBAS,NBAS Subunit Of NRZ Tethering Complex,Protein Coding,1.0022604,83
RREB1,Ras Responsive Element Binding Protein 1,Protein Coding,1.0022604,83
WAC,WW Domain Containing Adaptor With Coiled-Coil,Protein Coding,1.0022604,83
ZCCHC8,Zinc Finger CCHC-Type Containing 8,Protein Coding,1.0022604,83
AP1M1,Adaptor Related Protein Complex 1 Subunit Mu 1,Protein Coding,1.0022604,82
BICD2,BICD Cargo Adaptor 2,Protein Coding,1.0022604,82
BRD3,Bromodomain Containing 3,Protein Coding,1.0022604,82
COG2,Component Of Oligomeric Golgi Complex 2,Protein Coding,1.0022604,82
DAPK3,Death Associated Protein Kinase 3,Protein Coding,1.0022604,82
DDRGK1,DDRGK Domain Containing 1,Protein Coding,1.0022604,82
DUSP16,Dual Specificity Phosphatase 16,Protein Coding,1.0022604,82
EARS2,"Glutamyl-TRNA Synthetase 2, Mitochondrial",Protein Coding,1.0022604,82
GEN1,GEN1 Structure-Specific Endonuclease,Protein Coding,1.0022604,82
GIT2,GIT ArfGAP 2,Protein Coding,1.0022604,82
MFGE8,Milk Fat Globule EGF And Factor V/VIII Domain Containing,Protein Coding,1.0022604,82
NAE1,NEDD8 Activating Enzyme E1 Subunit 1,Protein Coding,1.0022604,82
NDUFAF2,NADH:Ubiquinone Oxidoreductase Complex Assembly Factor 2,Protein Coding,1.0022604,82
NDUFB9,NADH:Ubiquinone Oxidoreductase Subunit B9,Protein Coding,1.0022604,82
NR1D1,Nuclear Receptor Subfamily 1 Group D Member 1,Protein Coding,1.0022604,82
PLEKHA7,Pleckstrin Homology Domain Containing A7,Protein Coding,1.0022604,82
SCAPER,S-Phase Cyclin A Associated Protein In The ER,Protein Coding,1.0022604,82
TAF8,TATA-Box Binding Protein Associated Factor 8,Protein Coding,1.0022604,82
TCF20,Transcription Factor 20,Protein Coding,1.0022604,82
TNS3,Tensin 3,Protein Coding,1.0022604,82
TP53RK,TP53 Regulating Kinase,Protein Coding,1.0022604,82
AMBRA1,Autophagy And Beclin 1 Regulator 1,Protein Coding,1.0022604,81
CLK2,CDC Like Kinase 2,Protein Coding,1.0022604,81
CTSZ,Cathepsin Z,Protein Coding,1.0022604,81
ELL,Elongation Factor For RNA Polymerase II,Protein Coding,1.0022604,81
EMC1,ER Membrane Protein Complex Subunit 1,Protein Coding,1.0022604,81
ERC1,ELKS/RAB6-Interacting/CAST Family Member 1,Protein Coding,1.0022604,81
EXOC2,Exocyst Complex Component 2,Protein Coding,1.0022604,81
GGPS1,Geranylgeranyl Diphosphate Synthase 1,Protein Coding,1.0022604,81
MPZ,Myelin Protein Zero,Protein Coding,1.0022604,81
NDUFA2,NADH:Ubiquinone Oxidoreductase Subunit A2,Protein Coding,1.0022604,81
RALGAPA1,Ral GTPase Activating Protein Catalytic Subunit Alpha 1,Protein Coding,1.0022604,81
RHOT2,Ras Homolog Family Member T2,Protein Coding,1.0022604,81
RXFP2,Relaxin Family Peptide Receptor 2,Protein Coding,1.0022604,81
TOM1,Target Of Myb1 Membrane Trafficking Protein,Protein Coding,1.0022604,81
TRAPPC4,Trafficking Protein Particle Complex Subunit 4,Protein Coding,1.0022604,81
UIMC1,Ubiquitin Interaction Motif Containing 1,Protein Coding,1.0022604,81
ANKRD11,Ankyrin Repeat Domain 11,Protein Coding,1.0022604,80
BAG1,BAG Cochaperone 1,Protein Coding,1.0022604,80
COX5A,Cytochrome C Oxidase Subunit 5A,Protein Coding,1.0022604,80
DGKA,Diacylglycerol Kinase Alpha,Protein Coding,1.0022604,80
ENPEP,Glutamyl Aminopeptidase,Protein Coding,1.0022604,80
LEMD2,LEM Domain Nuclear Envelope Protein 2,Protein Coding,1.0022604,80
LRPAP1,LDL Receptor Related Protein Associated Protein 1,Protein Coding,1.0022604,80
MED15,Mediator Complex Subunit 15,Protein Coding,1.0022604,80
MRPL44,Mitochondrial Ribosomal Protein L44,Protein Coding,1.0022604,80
OXA1L,OXA1L Mitochondrial Inner Membrane Insertase,Protein Coding,1.0022604,80
PDLIM7,PDZ And LIM Domain 7,Protein Coding,1.0022604,80
PPID,Peptidylprolyl Isomerase D,Protein Coding,1.0022604,80
SEC24A,"SEC24 Homolog A, COPII Component",Protein Coding,1.0022604,80
STX5,Syntaxin 5,Protein Coding,1.0022604,80
TRAPPC2L,Trafficking Protein Particle Complex Subunit 2L,Protein Coding,1.0022604,80
VPS13B,Vacuolar Protein Sorting 13 Homolog B,Protein Coding,1.0022604,80
XRN1,5'-3' Exoribonuclease 1,Protein Coding,1.0022604,80
BRDT,Bromodomain Testis Associated,Protein Coding,1.0022604,79
CDK11A,Cyclin Dependent Kinase 11A,Protein Coding,1.0022604,79
CXXC1,CXXC Finger Protein 1,Protein Coding,1.0022604,79
DFFA,DNA Fragmentation Factor Subunit Alpha,Protein Coding,1.0022604,79
DHPS,Deoxyhypusine Synthase,Protein Coding,1.0022604,79
EXOC4,Exocyst Complex Component 4,Protein Coding,1.0022604,79
FOXRED1,FAD Dependent Oxidoreductase Domain Containing 1,Protein Coding,1.0022604,79
PAFAH1B2,Platelet Activating Factor Acetylhydrolase 1b Catalytic Subunit 2,Protein Coding,1.0022604,79
POLA2,"DNA Polymerase Alpha 2, Accessory Subunit",Protein Coding,1.0022604,79
PPP2R2B,Protein Phosphatase 2 Regulatory Subunit Bbeta,Protein Coding,1.0022604,79
STAB1,Stabilin 1,Protein Coding,1.0022604,79
TOMM40,Translocase Of Outer Mitochondrial Membrane 40,Protein Coding,1.0022604,79
VAMP3,Vesicle Associated Membrane Protein 3,Protein Coding,1.0022604,79
AHRR,Aryl Hydrocarbon Receptor Repressor,Protein Coding,1.0022604,78
ALDH9A1,Aldehyde Dehydrogenase 9 Family Member A1,Protein Coding,1.0022604,78
AQR,Aquarius Intron-Binding Spliceosomal Factor,Protein Coding,1.0022604,78
CLK3,CDC Like Kinase 3,Protein Coding,1.0022604,78
CMKLR1,Chemerin Chemokine-Like Receptor 1,Protein Coding,1.0022604,78
DHX8,DEAH-Box Helicase 8,Protein Coding,1.0022604,78
IL4I1,Interleukin 4 Induced 1,Protein Coding,1.0022604,78
KIF13B,Kinesin Family Member 13B,Protein Coding,1.0022604,78
KIF16B,Kinesin Family Member 16B,Protein Coding,1.0022604,78
KIF21B,Kinesin Family Member 21B,Protein Coding,1.0022604,78
L3MBTL2,L3MBTL Histone Methyl-Lysine Binding Protein 2,Protein Coding,1.0022604,78
MORF4L1,Mortality Factor 4 Like 1,Protein Coding,1.0022604,78
MTRFR,Mitochondrial Translation Release Factor In Rescue,Protein Coding,1.0022604,78
NDUFA6,NADH:Ubiquinone Oxidoreductase Subunit A6,Protein Coding,1.0022604,78
NUCB1,Nucleobindin 1,Protein Coding,1.0022604,78
ORC3,Origin Recognition Complex Subunit 3,Protein Coding,1.0022604,78
PPP1R9A,Protein Phosphatase 1 Regulatory Subunit 9A,Protein Coding,1.0022604,78
PSME2,Proteasome Activator Subunit 2,Protein Coding,1.0022604,78
TPRN,Taperin,Protein Coding,1.0022604,78
TRAPPC11,Trafficking Protein Particle Complex Subunit 11,Protein Coding,1.0022604,78
VPS13C,Vacuolar Protein Sorting 13 Homolog C,Protein Coding,1.0022604,78
ADAMTS12,ADAM Metallopeptidase With Thrombospondin Type 1 Motif 12,Protein Coding,1.0022604,77
ANAPC10,Anaphase Promoting Complex Subunit 10,Protein Coding,1.0022604,77
CCP110,Centriolar Coiled-Coil Protein 110,Protein Coding,1.0022604,77
CENPC,Centromere Protein C,Protein Coding,1.0022604,77
CNOT9,CCR4-NOT Transcription Complex Subunit 9,Protein Coding,1.0022604,77
COPS4,COP9 Signalosome Subunit 4,Protein Coding,1.0022604,77
DHX36,DEAH-Box Helicase 36,Protein Coding,1.0022604,77
EMG1,EMG1 N1-Specific Pseudouridine Methyltransferase,Protein Coding,1.0022604,77
FBXW4,F-Box And WD Repeat Domain Containing 4,Protein Coding,1.0022604,77
METAP1,Methionyl Aminopeptidase 1,Protein Coding,1.0022604,77
MINPP1,Multiple Inositol-Polyphosphate Phosphatase 1,Protein Coding,1.0022604,77
NDN,"Necdin, MAGE Family Member",Protein Coding,1.0022604,77
PLCZ1,Phospholipase C Zeta 1,Protein Coding,1.0022604,77
POLR3C,RNA Polymerase III Subunit C,Protein Coding,1.0022604,77
RABEP1,"Rabaptin, RAB GTPase Binding Effector Protein 1",Protein Coding,1.0022604,77
RGS2,Regulator Of G Protein Signaling 2,Protein Coding,1.0022604,77
RIN1,Ras And Rab Interactor 1,Protein Coding,1.0022604,77
RUFY1,RUN And FYVE Domain Containing 1,Protein Coding,1.0022604,77
SAFB,Scaffold Attachment Factor B,Protein Coding,1.0022604,77
SMOC2,SPARC Related Modular Calcium Binding 2,Protein Coding,1.0022604,77
UGT2B15,UDP Glucuronosyltransferase Family 2 Member B15,Protein Coding,1.0022604,77
UQCRQ,Ubiquinol-Cytochrome C Reductase Complex III Subunit VII,Protein Coding,1.0022604,77
UVSSA,UV Stimulated Scaffold Protein A,Protein Coding,1.0022604,77
ARIH2,Ariadne RBR E3 Ubiquitin Protein Ligase 2,Protein Coding,1.0022604,76
ASPSCR1,"ASPSCR1 Tether For SLC2A4, UBX Domain Containing",Protein Coding,1.0022604,76
BABAM1,BRISC And BRCA1 A Complex Member 1,Protein Coding,1.0022604,76
BLOC1S3,Biogenesis Of Lysosomal Organelles Complex 1 Subunit 3,Protein Coding,1.0022604,76
CYP4F3,Cytochrome P450 Family 4 Subfamily F Member 3,Protein Coding,1.0022604,76
DCTN4,Dynactin Subunit 4,Protein Coding,1.0022604,76
EPS15L1,Epidermal Growth Factor Receptor Pathway Substrate 15 Like 1,Protein Coding,1.0022604,76
GNG2,G Protein Subunit Gamma 2,Protein Coding,1.0022604,76
MLLT10,MLLT10 Histone Lysine Methyltransferase DOT1L Cofactor,Protein Coding,1.0022604,76
MYL1,Myosin Light Chain 1,Protein Coding,1.0022604,76
NHERF2,NHERF Family PDZ Scaffold Protein 2,Protein Coding,1.0022604,76
NSFL1C,NSFL1 Cofactor,Protein Coding,1.0022604,76
PDE8A,Phosphodiesterase 8A,Protein Coding,1.0022604,76
RAB11FIP3,RAB11 Family Interacting Protein 3,Protein Coding,1.0022604,76
SLC6A13,Solute Carrier Family 6 Member 13,Protein Coding,1.0022604,76
UQCRB,Ubiquinol-Cytochrome C Reductase Binding Protein,Protein Coding,1.0022604,76
AK9,Adenylate Kinase 9,Protein Coding,1.0022604,75
AMOT,Angiomotin,Protein Coding,1.0022604,75
BAIAP2L1,BAR/IMD Domain Containing Adaptor Protein 2 Like 1,Protein Coding,1.0022604,75
CHERP,Calcium Homeostasis Endoplasmic Reticulum Protein,Protein Coding,1.0022604,75
DAD1,Defender Against Cell Death 1,Protein Coding,1.0022604,75
ELF4,E74 Like ETS Transcription Factor 4,Protein Coding,1.0022604,75
ELOVL1,ELOVL Fatty Acid Elongase 1,Protein Coding,1.0022604,75
ERLEC1,Endoplasmic Reticulum Lectin 1,Protein Coding,1.0022604,75
LLGL2,LLGL Scribble Cell Polarity Complex Component 2,Protein Coding,1.0022604,75
NELFCD,Negative Elongation Factor Complex Member C/D,Protein Coding,1.0022604,75
NFRKB,Nuclear Factor Related To KappaB Binding Protein,Protein Coding,1.0022604,75
ORC2,Origin Recognition Complex Subunit 2,Protein Coding,1.0022604,75
PDS5A,PDS5 Cohesin Associated Factor A,Protein Coding,1.0022604,75
PRORP,Protein Only RNase P Catalytic Subunit,Protein Coding,1.0022604,75
SNTB1,Syntrophin Beta 1,Protein Coding,1.0022604,75
TACO1,Translational Activator Of Cytochrome C Oxidase I,Protein Coding,1.0022604,75
TNFRSF21,TNF Receptor Superfamily Member 21,Protein Coding,1.0022604,75
TRAPPC3,Trafficking Protein Particle Complex Subunit 3,Protein Coding,1.0022604,75
A1BG,Alpha-1-B Glycoprotein,Protein Coding,1.0022604,74
AUP1,AUP1 Lipid Droplet Regulating VLDL Assembly Factor,Protein Coding,1.0022604,74
CD244,CD244 Molecule,Protein Coding,1.0022604,74
CYP3A43,Cytochrome P450 Family 3 Subfamily A Member 43,Protein Coding,1.0022604,74
ELF2,E74 Like ETS Transcription Factor 2,Protein Coding,1.0022604,74
EXOC1,Exocyst Complex Component 1,Protein Coding,1.0022604,74
MRM2,Mitochondrial RRNA Methyltransferase 2,Protein Coding,1.0022604,74
MTF2,Metal Response Element Binding Transcription Factor 2,Protein Coding,1.0022604,74
NDUFA5,NADH:Ubiquinone Oxidoreductase Subunit A5,Protein Coding,1.0022604,74
NME6,NME/NM23 Nucleoside Diphosphate Kinase 6,Protein Coding,1.0022604,74
P2RX6,Purinergic Receptor P2X 6,Protein Coding,1.0022604,74
PARD3B,Par-3 Family Cell Polarity Regulator Beta,Protein Coding,1.0022604,74
PIGS,Phosphatidylinositol Glycan Anchor Biosynthesis Class S,Protein Coding,1.0022604,74
POLR2J,RNA Polymerase II Subunit J,Protein Coding,1.0022604,74
RABGAP1,RAB GTPase Activating Protein 1,Protein Coding,1.0022604,74
RNF220,Ring Finger Protein 220,Protein Coding,1.0022604,74
SLF2,SMC5/6 Complex Localization Factor 2,Protein Coding,1.0022604,74
STRN4,Striatin 4,Protein Coding,1.0022604,74
TACC1,Transforming Acidic Coiled-Coil Containing Protein 1,Protein Coding,1.0022604,74
TICAM2,TIR Domain Containing Adaptor Molecule 2,Protein Coding,1.0022604,74
TUT4,Terminal Uridylyl Transferase 4,Protein Coding,1.0022604,74
ZC3H4,Zinc Finger CCCH-Type Containing 4,Protein Coding,1.0022604,74
ZMYM3,Zinc Finger MYM-Type Containing 3,Protein Coding,1.0022604,74
AIF1,Allograft Inflammatory Factor 1,Protein Coding,1.0022604,73
AKAP10,A-Kinase Anchoring Protein 10,Protein Coding,1.0022604,73
ANKRD28,Ankyrin Repeat Domain 28,Protein Coding,1.0022604,73
ATF7,Activating Transcription Factor 7,Protein Coding,1.0022604,73
CDK5RAP1,CDK5RAP1 Mitochondrial TRNA Methylthiotransferase,Protein Coding,1.0022604,73
CNOT6,CCR4-NOT Transcription Complex Subunit 6,Protein Coding,1.0022604,73
GLRX,Glutaredoxin,Protein Coding,1.0022604,73
IBA57,Iron-Sulfur Cluster Assembly Factor IBA57,Protein Coding,1.0022604,73
INSIG1,Insulin Induced Gene 1,Protein Coding,1.0022604,73
MICAL3,"Microtubule Associated Monooxygenase, Calponin And LIM Domain Containing 3",Protein Coding,1.0022604,73
MSRA,Methionine Sulfoxide Reductase A,Protein Coding,1.0022604,73
MTX2,Metaxin 2,Protein Coding,1.0022604,73
NDUFAF4,NADH:Ubiquinone Oxidoreductase Complex Assembly Factor 4,Protein Coding,1.0022604,73
OTOA,Otoancorin,Protein Coding,1.0022604,73
PATZ1,POZ/BTB And AT Hook Containing Zinc Finger 1,Protein Coding,1.0022604,73
PCDH7,Protocadherin 7,Protein Coding,1.0022604,73
POLR3D,RNA Polymerase III Subunit D,Protein Coding,1.0022604,73
PPP1R21,Protein Phosphatase 1 Regulatory Subunit 21,Protein Coding,1.0022604,73
RNF10,Ring Finger Protein 10,Protein Coding,1.0022604,73
RTF1,"RTF1 Homolog, Paf1/RNA Polymerase II Complex Component",Protein Coding,1.0022604,73
TEX11,Testis Expressed 11,Protein Coding,1.0022604,73
VPS18,VPS18 Core Subunit Of CORVET And HOPS Complexes,Protein Coding,1.0022604,73
WDR37,WD Repeat Domain 37,Protein Coding,1.0022604,73
ZC3H11A,Zinc Finger CCCH-Type Containing 11A,Protein Coding,1.0022604,73
AKTIP,AKT Interacting Protein,Protein Coding,1.0022604,72
ATAT1,Alpha Tubulin Acetyltransferase 1,Protein Coding,1.0022604,72
ATP5PF,ATP Synthase Peripheral Stalk Subunit F6,Protein Coding,1.0022604,72
COX11,Cytochrome C Oxidase Copper Chaperone COX11,Protein Coding,1.0022604,72
CWC22,CWC22 Spliceosome Associated Protein,Protein Coding,1.0022604,72
DCAF8,DDB1 And CUL4 Associated Factor 8,Protein Coding,1.0022604,72
DHRS9,Dehydrogenase/Reductase 9,Protein Coding,1.0022604,72
DNPEP,Aspartyl Aminopeptidase,Protein Coding,1.0022604,72
EDEM2,ER Degradation Enhancing Alpha-Mannosidase Like Protein 2,Protein Coding,1.0022604,72
JAGN1,Jagunal Vesicle Mediated Transporter 1,Protein Coding,1.0022604,72
KRT74,Keratin 74,Protein Coding,1.0022604,72
LIN7C,Lin-7 Cell Polarity Scaffold C,Protein Coding,1.0022604,72
MACROD2,Mono-ADP Ribosylhydrolase 2,Protein Coding,1.0022604,72
MSL2,MSL Complex Subunit 2,Protein Coding,1.0022604,72
MTG1,Mitochondrial Ribosome Associated GTPase 1,Protein Coding,1.0022604,72
NDUFA8,NADH:Ubiquinone Oxidoreductase Subunit A8,Protein Coding,1.0022604,72
NKIRAS2,NFKB Inhibitor Interacting Ras Like 2,Protein Coding,1.0022604,72
POLR2I,RNA Polymerase II Subunit I,Protein Coding,1.0022604,72
POLR3E,RNA Polymerase III Subunit E,Protein Coding,1.0022604,72
PREP,Prolyl Endopeptidase,Protein Coding,1.0022604,72
RMND1,Required For Meiotic Nuclear Division 1 Homolog,Protein Coding,1.0022604,72
RNF113A,Ring Finger Protein 113A,Protein Coding,1.0022604,72
SCIN,Scinderin,Protein Coding,1.0022604,72
SMG9,SMG9 Nonsense Mediated MRNA Decay Factor,Protein Coding,1.0022604,72
SUGP1,SURP And G-Patch Domain Containing 1,Protein Coding,1.0022604,72
TENT4B,Terminal Nucleotidyltransferase 4B,Protein Coding,1.0022604,72
TGOLN2,Trans-Golgi Network Protein 2,Protein Coding,1.0022604,72
TMED3,Transmembrane P24 Trafficking Protein 3,Protein Coding,1.0022604,72
UPF3A,UPF3A Regulator Of Nonsense Mediated MRNA Decay,Protein Coding,1.0022604,72
WBP4,WW Domain Binding Protein 4,Protein Coding,1.0022604,72
YAF2,YY1 Associated Factor 2,Protein Coding,1.0022604,72
CMTR1,Cap Methyltransferase 1,Protein Coding,1.0022604,71
COPS7A,COP9 Signalosome Subunit 7A,Protein Coding,1.0022604,71
COX6C,Cytochrome C Oxidase Subunit 6C,Protein Coding,1.0022604,71
CSAD,Cysteine Sulfinic Acid Decarboxylase,Protein Coding,1.0022604,71
DCTN5,Dynactin Subunit 5,Protein Coding,1.0022604,71
DCUN1D1,Defective In Cullin Neddylation 1 Domain Containing 1,Protein Coding,1.0022604,71
EHBP1,EH Domain Binding Protein 1,Protein Coding,1.0022604,71
H3C12,H3 Clustered Histone 12,Protein Coding,1.0022604,71
H3C4,H3 Clustered Histone 4,Protein Coding,1.0022604,71
H3C6,H3 Clustered Histone 6,Protein Coding,1.0022604,71
KIAA0319L,KIAA0319 Like,Protein Coding,1.0022604,71
LY9,Lymphocyte Antigen 9,Protein Coding,1.0022604,71
MXRA8,Matrix Remodeling Associated 8,Protein Coding,1.0022604,71
MYO1D,Myosin ID,Protein Coding,1.0022604,71
NAPG,NSF Attachment Protein Gamma,Protein Coding,1.0022604,71
NUB1,Negative Regulator Of Ubiquitin Like Proteins 1,Protein Coding,1.0022604,71
NUDT5,Nudix Hydrolase 5,Protein Coding,1.0022604,71
PFDN5,Prefoldin Subunit 5,Protein Coding,1.0022604,71
PRPF18,Pre-MRNA Processing Factor 18,Protein Coding,1.0022604,71
RAPGEF6,Rap Guanine Nucleotide Exchange Factor 6,Protein Coding,1.0022604,71
REEP2,Receptor Accessory Protein 2,Protein Coding,1.0022604,71
RP9,RP9 Pre-MRNA Splicing Factor,Protein Coding,1.0022604,71
SLC35B2,Solute Carrier Family 35 Member B2,Protein Coding,1.0022604,71
USP30,Ubiquitin Specific Peptidase 30,Protein Coding,1.0022604,71
ATP5MG,ATP Synthase Membrane Subunit G,Protein Coding,1.0022604,70
BBOX1,Gamma-Butyrobetaine Hydroxylase 1,Protein Coding,1.0022604,70
CAMLG,Calcium Modulating Ligand,Protein Coding,1.0022604,70
CIAO1,Cytosolic Iron-Sulfur Assembly Component 1,Protein Coding,1.0022604,70
COPS7B,COP9 Signalosome Subunit 7B,Protein Coding,1.0022604,70
ECPAS,Ecm29 Proteasome Adaptor And Scaffold,Protein Coding,1.0022604,70
EPB41L4B,Erythrocyte Membrane Protein Band 4.1 Like 4B,Protein Coding,1.0022604,70
FOCAD,Focadhesin,Protein Coding,1.0022604,70
GNG12,G Protein Subunit Gamma 12,Protein Coding,1.0022604,70
GPC2,Glypican 2,Protein Coding,1.0022604,70
HAUS2,HAUS Augmin Like Complex Subunit 2,Protein Coding,1.0022604,70
KLF13,KLF Transcription Factor 13,Protein Coding,1.0022604,70
KNSTRN,Kinetochore Localized Astrin (SPAG5) Binding Protein,Protein Coding,1.0022604,70
MICALL1,MICAL Like 1,Protein Coding,1.0022604,70
MRPL39,Mitochondrial Ribosomal Protein L39,Protein Coding,1.0022604,70
MRPS16,Mitochondrial Ribosomal Protein S16,Protein Coding,1.0022604,70
MRPS5,Mitochondrial Ribosomal Protein S5,Protein Coding,1.0022604,70
MTERF4,Mitochondrial Transcription Termination Factor 4,Protein Coding,1.0022604,70
NCAM2,Neural Cell Adhesion Molecule 2,Protein Coding,1.0022604,70
NCEH1,Neutral Cholesterol Ester Hydrolase 1,Protein Coding,1.0022604,70
NRDC,Nardilysin Convertase,Protein Coding,1.0022604,70
OSBPL9,Oxysterol Binding Protein Like 9,Protein Coding,1.0022604,70
PCID2,PCI Domain Containing 2,Protein Coding,1.0022604,70
PGLS,6-Phosphogluconolactonase,Protein Coding,1.0022604,70
PITPNB,Phosphatidylinositol Transfer Protein Beta,Protein Coding,1.0022604,70
PPP1R7,Protein Phosphatase 1 Regulatory Subunit 7,Protein Coding,1.0022604,70
RAB11FIP2,RAB11 Family Interacting Protein 2,Protein Coding,1.0022604,70
RABL6,"RAB, Member RAS Oncogene Family Like 6",Protein Coding,1.0022604,70
RDH10,Retinol Dehydrogenase 10,Protein Coding,1.0022604,70
RPUSD4,RNA Pseudouridine Synthase D4,Protein Coding,1.0022604,70
SDS,Serine Dehydratase,Protein Coding,1.0022604,70
SEPTIN8,Septin 8,Protein Coding,1.0022604,70
SNRK,SNF Related Kinase,Protein Coding,1.0022604,70
STK17B,Serine/Threonine Kinase 17b,Protein Coding,1.0022604,70
TAX1BP3,Tax1 Binding Protein 3,Protein Coding,1.0022604,70
TLX1,T Cell Leukemia Homeobox 1,Protein Coding,1.0022604,70
UBE2J1,Ubiquitin Conjugating Enzyme E2 J1,Protein Coding,1.0022604,70
VTA1,Vesicle Trafficking 1,Protein Coding,1.0022604,70
WIZ,WIZ Zinc Finger,Protein Coding,1.0022604,70
ACSS3,Acyl-CoA Synthetase Short Chain Family Member 3,Protein Coding,1.0022604,69
COX7A2L,Cytochrome C Oxidase Subunit 7A2 Like,Protein Coding,1.0022604,69
DCP1B,Decapping MRNA 1B,Protein Coding,1.0022604,69
DHX35,DEAH-Box Helicase 35,Protein Coding,1.0022604,69
ERP44,Endoplasmic Reticulum Protein 44,Protein Coding,1.0022604,69
GZMH,Granzyme H,Protein Coding,1.0022604,69
H3C10,H3 Clustered Histone 10,Protein Coding,1.0022604,69
HSD17B6,Hydroxysteroid 17-Beta Dehydrogenase 6,Protein Coding,1.0022604,69
KLHL21,Kelch Like Family Member 21,Protein Coding,1.0022604,69
LCOR,Ligand Dependent Nuclear Receptor Corepressor,Protein Coding,1.0022604,69
MLLT6,"MLLT6, PHD Finger Containing",Protein Coding,1.0022604,69
NDUFA7,NADH:Ubiquinone Oxidoreductase Subunit A7,Protein Coding,1.0022604,69
NDUFB7,NADH:Ubiquinone Oxidoreductase Subunit B7,Protein Coding,1.0022604,69
PHRF1,PHD And Ring Finger Domains 1,Protein Coding,1.0022604,69
PIH1D1,PIH1 Domain Containing 1,Protein Coding,1.0022604,69
POLR3K,RNA Polymerase III Subunit K,Protein Coding,1.0022604,69
PPME1,Protein Phosphatase Methylesterase 1,Protein Coding,1.0022604,69
PSMF1,Proteasome Inhibitor Subunit 1,Protein Coding,1.0022604,69
RETSAT,Retinol Saturase,Protein Coding,1.0022604,69
RNF138,Ring Finger Protein 138,Protein Coding,1.0022604,69
RPP21,Ribonuclease P Subunit P21,Protein Coding,1.0022604,69
SERPINB9,Serpin Family B Member 9,Protein Coding,1.0022604,69
SKIC8,SKI8 Subunit Of Superkiller Complex,Protein Coding,1.0022604,69
SMG8,SMG8 Nonsense Mediated MRNA Decay Factor,Protein Coding,1.0022604,69
SUDS3,SIN3A Corepressor Complex Component SDS3,Protein Coding,1.0022604,69
TBC1D10A,TBC1 Domain Family Member 10A,Protein Coding,1.0022604,69
TBCA,Tubulin Folding Cofactor A,Protein Coding,1.0022604,69
TIPIN,TIMELESS Interacting Protein,Protein Coding,1.0022604,69
TRMT2A,TRNA Methyltransferase 2A,Protein Coding,1.0022604,69
VPS8,VPS8 Subunit Of CORVET Complex,Protein Coding,1.0022604,69
WDR3,WD Repeat Domain 3,Protein Coding,1.0022604,69
ZGPAT,Zinc Finger CCCH-Type And G-Patch Domain Containing,Protein Coding,1.0022604,69
ZNF219,Zinc Finger Protein 219,Protein Coding,1.0022604,69
ZNF512B,Zinc Finger Protein 512B,Protein Coding,1.0022604,69
ZRANB3,Zinc Finger RANBP2-Type Containing 3,Protein Coding,1.0022604,69
ABRAXAS2,"Abraxas 2, BRISC Complex Subunit",Protein Coding,1.0022604,68
B4GALNT2,"Beta-1,4-N-Acetyl-Galactosaminyltransferase 2 (SID Blood Group)",Protein Coding,1.0022604,68
COMMD9,COMM Domain Containing 9,Protein Coding,1.0022604,68
CSTF2T,Cleavage Stimulation Factor Subunit 2 Tau Variant,Protein Coding,1.0022604,68
DENND4C,DENN Domain Containing 4C,Protein Coding,1.0022604,68
DIO3,Iodothyronine Deiodinase 3,Protein Coding,1.0022604,68
ENSA,Endosulfine Alpha,Protein Coding,1.0022604,68
EXD2,Exonuclease 3'-5' Domain Containing 2,Protein Coding,1.0022604,68
GRIPAP1,GRIP1 Associated Protein 1,Protein Coding,1.0022604,68
H3C7,H3 Clustered Histone 7,Protein Coding,1.0022604,68
H3C8,H3 Clustered Histone 8,Protein Coding,1.0022604,68
HACL2,2-Hydroxyacyl-CoA Lyase 2,Protein Coding,1.0022604,68
HOOK3,Hook Microtubule Tethering Protein 3,Protein Coding,1.0022604,68
HOPX,HOP Homeobox,Protein Coding,1.0022604,68
HOXD8,Homeobox D8,Protein Coding,1.0022604,68
ISY1,ISY1 Spliceosome Associated Protein,Protein Coding,1.0022604,68
KCTD10,Potassium Channel Tetramerization Domain Containing 10,Protein Coding,1.0022604,68
KLK10,Kallikrein Related Peptidase 10,Protein Coding,1.0022604,68
LAMP3,Lysosome Associated Membrane Protein 3,Protein Coding,1.0022604,68
LSM5,"LSM5 Homolog, U6 Small Nuclear RNA And MRNA Degradation Associated",Protein Coding,1.0022604,68
MATN2,Matrilin 2,Protein Coding,1.0022604,68
MPZL2,Myelin Protein Zero Like 2,Protein Coding,1.0022604,68
MRPL11,Mitochondrial Ribosomal Protein L11,Protein Coding,1.0022604,68
MTG2,Mitochondrial Ribosome Associated GTPase 2,Protein Coding,1.0022604,68
NCLN,Nicalin,Protein Coding,1.0022604,68
NSRP1,Nuclear Speckle Splicing Regulatory Protein 1,Protein Coding,1.0022604,68
PDZD8,PDZ Domain Containing 8,Protein Coding,1.0022604,68
PFDN4,Prefoldin Subunit 4,Protein Coding,1.0022604,68
PJA1,Praja Ring Finger Ubiquitin Ligase 1,Protein Coding,1.0022604,68
POLR2M,RNA Polymerase II Subunit M,Protein Coding,1.0022604,68
RFXAP,Regulatory Factor X Associated Protein,Protein Coding,1.0022604,68
RHOBTB3,Rho Related BTB Domain Containing 3,Protein Coding,1.0022604,68
TTC28,Tetratricopeptide Repeat Domain 28,Protein Coding,1.0022604,68
UBR3,Ubiquitin Protein Ligase E3 Component N-Recognin 3,Protein Coding,1.0022604,68
USE1,Unconventional SNARE In The ER 1,Protein Coding,1.0022604,68
APOBEC3H,Apolipoprotein B MRNA Editing Enzyme Catalytic Subunit 3H,Protein Coding,1.0022604,67
ARHGAP19,Rho GTPase Activating Protein 19,Protein Coding,1.0022604,67
ATOH1,Atonal BHLH Transcription Factor 1,Protein Coding,1.0022604,67
BOD1,Biorientation Of Chromosomes In Cell Division 1,Protein Coding,1.0022604,67
CHID1,Chitinase Domain Containing 1,Protein Coding,1.0022604,67
CLPTM1,CLPTM1 Regulator Of GABA Type A Receptor Forward Trafficking,Protein Coding,1.0022604,67
CLUH,CLUH Binding Protein Of NUMT MRNA,Protein Coding,1.0022604,67
CPNE8,Copine 8,Protein Coding,1.0022604,67
EXOSC7,Exosome Component 7,Protein Coding,1.0022604,67
FILIP1,Filamin A Interacting Protein 1,Protein Coding,1.0022604,67
FUT7,Fucosyltransferase 7,Protein Coding,1.0022604,67
GNG5,G Protein Subunit Gamma 5,Protein Coding,1.0022604,67
INO80B,INO80 Complex Subunit B,Protein Coding,1.0022604,67
INTS12,Integrator Complex Subunit 12,Protein Coding,1.0022604,67
ITGBL1,Integrin Subunit Beta Like 1,Protein Coding,1.0022604,67
MRPL1,Mitochondrial Ribosomal Protein L1,Protein Coding,1.0022604,67
MRPL24,Mitochondrial Ribosomal Protein L24,Protein Coding,1.0022604,67
MRPL40,Mitochondrial Ribosomal Protein L40,Protein Coding,1.0022604,67
MRPL9,Mitochondrial Ribosomal Protein L9,Protein Coding,1.0022604,67
N4BP2,NEDD4 Binding Protein 2,Protein Coding,1.0022604,67
NDUFB4,NADH:Ubiquinone Oxidoreductase Subunit B4,Protein Coding,1.0022604,67
NDUFB5,NADH:Ubiquinone Oxidoreductase Subunit B5,Protein Coding,1.0022604,67
NIPSNAP2,Nipsnap Homolog 2,Protein Coding,1.0022604,67
NRGN,Neurogranin,Protein Coding,1.0022604,67
NUDT7,Nudix Hydrolase 7,Protein Coding,1.0022604,67
PRAG1,"PEAK1 Related, Kinase-Activating Pseudokinase 1",Protein Coding,1.0022604,67
RABEP2,"Rabaptin, RAB GTPase Binding Effector Protein 2",Protein Coding,1.0022604,67
RPAP2,RNA Polymerase II Associated Protein 2,Protein Coding,1.0022604,67
TREH,Trehalase,Protein Coding,1.0022604,67
TRMT11,TRNA Methyltransferase 11,Protein Coding,1.0022604,67
UBAC2,UBA Domain Containing 2,Protein Coding,1.0022604,67
UTP25,UTP25 Small Subunit Processome Component,Protein Coding,1.0022604,67
AMOTL2,Angiomotin Like 2,Protein Coding,1.0022604,66
ARFGEF3,ARFGEF Family Member 3,Protein Coding,1.0022604,66
CDC26,Cell Division Cycle 26,Protein Coding,1.0022604,66
CLNS1A,Chloride Nucleotide-Sensitive Channel 1A,Protein Coding,1.0022604,66
CTSO,Cathepsin O,Protein Coding,1.0022604,66
DEFB1,Defensin Beta 1,Protein Coding,1.0022604,66
EMC2,ER Membrane Protein Complex Subunit 2,Protein Coding,1.0022604,66
FLYWCH1,FLYWCH-Type Zinc Finger 1,Protein Coding,1.0022604,66
FRMD6,FERM Domain Containing 6,Protein Coding,1.0022604,66
GNPNAT1,Glucosamine-Phosphate N-Acetyltransferase 1,Protein Coding,1.0022604,66
IMP4,IMP U3 Small Nucleolar Ribonucleoprotein 4,Protein Coding,1.0022604,66
JMY,"Junction Mediating And Regulatory Protein, P53 Cofactor",Protein Coding,1.0022604,66
LANCL1,LanC Like Glutathione S-Transferase 1,Protein Coding,1.0022604,66
LANCL2,LanC Like Glutathione S-Transferase 2,Protein Coding,1.0022604,66
LORICRIN,Loricrin Cornified Envelope Precursor Protein,Protein Coding,1.0022604,66
MRPL28,Mitochondrial Ribosomal Protein L28,Protein Coding,1.0022604,66
MRPL46,Mitochondrial Ribosomal Protein L46,Protein Coding,1.0022604,66
MTMR12,Myotubularin Related Protein 12,Protein Coding,1.0022604,66
NFATC2IP,Nuclear Factor Of Activated T Cells 2 Interacting Protein,Protein Coding,1.0022604,66
POP4,POP4 Ribonuclease P/MRP Subunit,Protein Coding,1.0022604,66
PPP6R1,Protein Phosphatase 6 Regulatory Subunit 1,Protein Coding,1.0022604,66
PPP6R2,Protein Phosphatase 6 Regulatory Subunit 2,Protein Coding,1.0022604,66
PRELID1,PRELI Domain Containing 1,Protein Coding,1.0022604,66
PWWP2A,PWWP Domain Containing 2A,Protein Coding,1.0022604,66
RPP14,Ribonuclease P/MRP Subunit P14,Protein Coding,1.0022604,66
SNX8,Sorting Nexin 8,Protein Coding,1.0022604,66
SOCS4,Suppressor Of Cytokine Signaling 4,Protein Coding,1.0022604,66
TCF25,TCF25 Ribosome Quality Control Complex Subunit,Protein Coding,1.0022604,66
TRAPPC8,Trafficking Protein Particle Complex Subunit 8,Protein Coding,1.0022604,66
WASH3P,"WASP Family Homolog 3, Pseudogene",Pseudogene,1.0022604,66
ZBED1,Zinc Finger BED-Type Containing 1,Protein Coding,1.0022604,66
ZBTB1,Zinc Finger And BTB Domain Containing 1,Protein Coding,1.0022604,66
ZBTB14,Zinc Finger And BTB Domain Containing 14,Protein Coding,1.0022604,66
ZNF318,Zinc Finger Protein 318,Protein Coding,1.0022604,66
ZNF622,Zinc Finger Protein 622,Protein Coding,1.0022604,66
ABCF3,ATP Binding Cassette Subfamily F Member 3,Protein Coding,1.0022604,65
BPNT1,"3'(2'), 5'-Bisphosphate Nucleotidase 1",Protein Coding,1.0022604,65
C12orf43,Chromosome 12 Open Reading Frame 43,Protein Coding,1.0022604,65
GCNT3,"Glucosaminyl (N-Acetyl) Transferase 3, Mucin Type",Protein Coding,1.0022604,65
HSP90AB2P,"Heat Shock Protein 90 Alpha Family Class B Member 2, Pseudogene",Pseudogene,1.0022604,65
KAZN,"Kazrin, Periplakin Interacting Protein",Protein Coding,1.0022604,65
MNT,MAX Network Transcriptional Repressor,Protein Coding,1.0022604,65
MPHOSPH6,M-Phase Phosphoprotein 6,Protein Coding,1.0022604,65
MRPS25,Mitochondrial Ribosomal Protein S25,Protein Coding,1.0022604,65
SMPDL3B,Sphingomyelin Phosphodiesterase Acid Like 3B,Protein Coding,1.0022604,65
THAP4,THAP Domain Containing 4,Protein Coding,1.0022604,65
TIMM9,Translocase Of Inner Mitochondrial Membrane 9,Protein Coding,1.0022604,65
TTC14,Tetratricopeptide Repeat Domain 14,Protein Coding,1.0022604,65
YBX2,Y-Box Binding Protein 2,Protein Coding,1.0022604,65
ZC3H8,Zinc Finger CCCH-Type Containing 8,Protein Coding,1.0022604,65
ZFP64,ZFP64 Zinc Finger Protein,Protein Coding,1.0022604,65
ZNF444,Zinc Finger Protein 444,Protein Coding,1.0022604,65
ZNF512,Zinc Finger Protein 512,Protein Coding,1.0022604,65
AAR2,AAR2 Splicing Factor,Protein Coding,1.0022604,64
BLOC1S2,Biogenesis Of Lysosomal Organelles Complex 1 Subunit 2,Protein Coding,1.0022604,64
DNAJA4,DnaJ Heat Shock Protein Family (Hsp40) Member A4,Protein Coding,1.0022604,64
EIPR1,EARP Complex And GARP Complex Interacting Protein 1,Protein Coding,1.0022604,64
HOXD4,Homeobox D4,Protein Coding,1.0022604,64
LGALS7,Galectin 7,Protein Coding,1.0022604,64
MEX3D,Mex-3 RNA Binding Family Member D,Protein Coding,1.0022604,64
MRPL38,Mitochondrial Ribosomal Protein L38,Protein Coding,1.0022604,64
MRPS17,Mitochondrial Ribosomal Protein S17,Protein Coding,1.0022604,64
NECAP2,NECAP Endocytosis Associated 2,Protein Coding,1.0022604,64
PALM2AKAP2,PALM2 And AKAP2 Fusion,Protein Coding,1.0022604,64
PAQR3,Progestin And AdipoQ Receptor Family Member 3,Protein Coding,1.0022604,64
PCIF1,Phosphorylated CTD Interacting Factor 1,Protein Coding,1.0022604,64
PM20D1,Peptidase M20 Domain Containing 1,Protein Coding,1.0022604,64
POM121C,POM121 Transmembrane Nucleoporin C,Protein Coding,1.0022604,64
RDH14,Retinol Dehydrogenase 14,Protein Coding,1.0022604,64
SCNM1,Sodium Channel Modifier 1,Protein Coding,1.0022604,64
SSBP2,Single Stranded DNA Binding Protein 2,Protein Coding,1.0022604,64
TIMM23,Translocase Of Inner Mitochondrial Membrane 23,Protein Coding,1.0022604,64
TRIAP1,TP53 Regulated Inhibitor Of Apoptosis 1,Protein Coding,1.0022604,64
TTTY15,"Testis Expressed Transcript, Y-Linked 15",RNA Gene,1.0022604,64
TYSND1,Trypsin Like Peroxisomal Matrix Peptidase 1,Protein Coding,1.0022604,64
USP9Y,Ubiquitin Specific Peptidase 9 Y-Linked,Protein Coding,1.0022604,64
XPO7,Exportin 7,Protein Coding,1.0022604,64
ZFPL1,Zinc Finger Protein Like 1,Protein Coding,1.0022604,64
ZNHIT1,Zinc Finger HIT-Type Containing 1,Protein Coding,1.0022604,64
ZSCAN2,Zinc Finger And SCAN Domain Containing 2,Protein Coding,1.0022604,64
ABHD3,"Abhydrolase Domain Containing 3, Phospholipase",Protein Coding,1.0022604,63
ERMP1,Endoplasmic Reticulum Metallopeptidase 1,Protein Coding,1.0022604,63
H2AC21,H2A Clustered Histone 21,Protein Coding,1.0022604,63
HEATR3,HEAT Repeat Containing 3,Protein Coding,1.0022604,63
HSDL2,Hydroxysteroid Dehydrogenase Like 2,Protein Coding,1.0022604,63
LRCH4,Leucine Rich Repeats And Calponin Homology Domain Containing 4,Protein Coding,1.0022604,63
MACO1,Macoilin 1,Protein Coding,1.0022604,63
MICOS13,Mitochondrial Contact Site And Cristae Organizing System Subunit 13,Protein Coding,1.0022604,63
MMGT1,Membrane Magnesium Transporter 1,Protein Coding,1.0022604,63
MRPL2,Mitochondrial Ribosomal Protein L2,Protein Coding,1.0022604,63
MTIF3,Mitochondrial Translational Initiation Factor 3,Protein Coding,1.0022604,63
NSMCE4A,NSE4A Component Of SMC5/6 Complex,Protein Coding,1.0022604,63
PAAF1,Proteasomal ATPase Associated Factor 1,Protein Coding,1.0022604,63
PINK1-AS,PINK1 Antisense RNA,RNA Gene,1.0022604,63
RAB11FIP1,RAB11 Family Interacting Protein 1,Protein Coding,1.0022604,63
RBM33,RNA Binding Motif Protein 33,Protein Coding,1.0022604,63
SESTD1,SEC14 And Spectrin Domain Containing 1,Protein Coding,1.0022604,63
SHFL,Shiftless Antiviral Inhibitor Of Ribosomal Frameshifting,Protein Coding,1.0022604,63
SLC16A6,Solute Carrier Family 16 Member 6,Protein Coding,1.0022604,63
SNRNP35,Small Nuclear Ribonucleoprotein U11/U12 Subunit 35,Protein Coding,1.0022604,63
TMED7-TICAM2,TMED7-TICAM2 Readthrough,Protein Coding,1.0022604,63
TRAPPC5,Trafficking Protein Particle Complex Subunit 5,Protein Coding,1.0022604,63
ACAP3,"ArfGAP With Coiled-Coil, Ankyrin Repeat And PH Domains 3",Protein Coding,1.0022604,62
CHRAC1,Chromatin Accessibility Complex Subunit 1,Protein Coding,1.0022604,62
CIRSR,Corepressor Of RBPJ And Splicing Regulator,Protein Coding,1.0022604,62
CNOT11,CCR4-NOT Transcription Complex Subunit 11,Protein Coding,1.0022604,62
CRYZL1,Crystallin Zeta Like 1,Protein Coding,1.0022604,62
DUS3L,Dihydrouridine Synthase 3 Like,Protein Coding,1.0022604,62
EIF1AD,Eukaryotic Translation Initiation Factor 1A Domain Containing,Protein Coding,1.0022604,62
FASTKD5,FAST Kinase Domains 5,Protein Coding,1.0022604,62
GATD3,Glutamine Amidotransferase Class 1 Domain Containing 3,Protein Coding,1.0022604,62
GTF2H2C,GTF2H2 Family Member C,Protein Coding,1.0022604,62
HEATR5B,HEAT Repeat Containing 5B,Protein Coding,1.0022604,62
HSP90AB4P,"Heat Shock Protein 90 Alpha Family Class B Member 4, Pseudogene",Pseudogene,1.0022604,62
LYPLA2,Lysophospholipase 2,Protein Coding,1.0022604,62
MEX3B,Mex-3 RNA Binding Family Member B,Protein Coding,1.0022604,62
MRPL22,Mitochondrial Ribosomal Protein L22,Protein Coding,1.0022604,62
MRPS15,Mitochondrial Ribosomal Protein S15,Protein Coding,1.0022604,62
MRPS18C,Mitochondrial Ribosomal Protein S18C,Protein Coding,1.0022604,62
MTRES1,Mitochondrial Transcription Rescue Factor 1,Protein Coding,1.0022604,62
MZT2B,Mitotic Spindle Organizing Protein 2B,Protein Coding,1.0022604,62
OCIAD1,OCIA Domain Containing 1,Protein Coding,1.0022604,62
OLFM4,Olfactomedin 4,Protein Coding,1.0022604,62
PIGF,Phosphatidylinositol Glycan Anchor Biosynthesis Class F,Protein Coding,1.0022604,62
RSAD1,Radical S-Adenosyl Methionine Domain Containing 1,Protein Coding,1.0022604,62
SDE2,Spliceosome Associated SDE2,Protein Coding,1.0022604,62
SFXN3,Sideroflexin 3,Protein Coding,1.0022604,62
VPS50,VPS50 Subunit Of EARP/GARPII Complex,Protein Coding,1.0022604,62
WASHC2A,WASH Complex Subunit 2A,Protein Coding,1.0022604,62
ZC3H18,Zinc Finger CCCH-Type Containing 18,Protein Coding,1.0022604,62
ZNF569,Zinc Finger Protein 569,Protein Coding,1.0022604,62
AASDHPPT,Aminoadipate-Semialdehyde Dehydrogenase-Phosphopantetheinyl Transferase,Protein Coding,1.0022604,61
ADO,2-Aminoethanethiol Dioxygenase,Protein Coding,1.0022604,61
APOBEC2,Apolipoprotein B MRNA Editing Enzyme Catalytic Subunit 2,Protein Coding,1.0022604,61
COA5,Cytochrome C Oxidase Assembly Factor 5,Protein Coding,1.0022604,61
COX19,Cytochrome C Oxidase Assembly Factor COX19,Protein Coding,1.0022604,61
CREBRF,CREB3 Regulatory Factor,Protein Coding,1.0022604,61
CTDSPL2,CTD Small Phosphatase Like 2,Protein Coding,1.0022604,61
DNAJC16,DnaJ Heat Shock Protein Family (Hsp40) Member C16,Protein Coding,1.0022604,61
GLT8D1,Glycosyltransferase 8 Domain Containing 1,Protein Coding,1.0022604,61
HIRIP3,HIRA Interacting Protein 3,Protein Coding,1.0022604,61
IFI30,IFI30 Lysosomal Thiol Reductase,Protein Coding,1.0022604,61
LRCH1,Leucine Rich Repeats And Calponin Homology Domain Containing 1,Protein Coding,1.0022604,61
MRPL52,Mitochondrial Ribosomal Protein L52,Protein Coding,1.0022604,61
NTPCR,"Nucleoside-Triphosphatase, Cancer-Related",Protein Coding,1.0022604,61
PTER,Phosphotriesterase Related,Protein Coding,1.0022604,61
SNRNP48,Small Nuclear Ribonucleoprotein U11/U12 Subunit 48,Protein Coding,1.0022604,61
STRIP1,Striatin Interacting Protein 1,Protein Coding,1.0022604,61
TAMM41,TAM41 Mitochondrial Translocator Assembly And Maintenance Homolog,Protein Coding,1.0022604,61
TIMM13,Translocase Of Inner Mitochondrial Membrane 13,Protein Coding,1.0022604,61
TSR2,TSR2 Ribosome Maturation Factor,Protein Coding,1.0022604,61
UTP14C,UTP14C Small Subunit Processome Component,Protein Coding,1.0022604,61
ZMYM4,Zinc Finger MYM-Type Containing 4,Protein Coding,1.0022604,61
ZNF300,Zinc Finger Protein 300,Protein Coding,1.0022604,61
ZNF460,Zinc Finger Protein 460,Protein Coding,1.0022604,61
ZNF461,Zinc Finger Protein 461,Protein Coding,1.0022604,61
ALDH16A1,Aldehyde Dehydrogenase 16 Family Member A1,Protein Coding,1.0022604,60
ARK2N,Arkadia (RNF111) N-Terminal Like PKA Signaling Regulator 2N,Protein Coding,1.0022604,60
BLTP3B,Bridge-Like Lipid Transfer Protein Family Member 3B,Protein Coding,1.0022604,60
BOLA2B,BolA Family Member 2B,Protein Coding,1.0022604,60
CCDC51,Coiled-Coil Domain Containing 51,Protein Coding,1.0022604,60
DMAC2,Distal Membrane Arm Assembly Component 2,Protein Coding,1.0022604,60
DNAAF10,Dynein Axonemal Assembly Factor 10,Protein Coding,1.0022604,60
DUS1L,Dihydrouridine Synthase 1 Like,Protein Coding,1.0022604,60
FN3KRP,Fructosamine 3 Kinase Related Protein,Protein Coding,1.0022604,60
GPN3,GPN-Loop GTPase 3,Protein Coding,1.0022604,60
HMGXB4,HMG-Box Containing 4,Protein Coding,1.0022604,60
KRTCAP2,Keratinocyte Associated Protein 2,Protein Coding,1.0022604,60
LMF2,Lipase Maturation Factor 2,Protein Coding,1.0022604,60
MRPL42,Mitochondrial Ribosomal Protein L42,Protein Coding,1.0022604,60
MRPL47,Mitochondrial Ribosomal Protein L47,Protein Coding,1.0022604,60
MRPS21,Mitochondrial Ribosomal Protein S21,Protein Coding,1.0022604,60
MRPS26,Mitochondrial Ribosomal Protein S26,Protein Coding,1.0022604,60
MRPS31,Mitochondrial Ribosomal Protein S31,Protein Coding,1.0022604,60
NIBAN1,Niban Apoptosis Regulator 1,Protein Coding,1.0022604,60
RELCH,"RAB11 Binding And LisH Domain, Coiled-Coil And HEAT Repeat Containing",Protein Coding,1.0022604,60
RHBDD2,Rhomboid Domain Containing 2,Protein Coding,1.0022604,60
SELENOK,Selenoprotein K,Protein Coding,1.0022604,60
ZFP69B,ZFP69 Zinc Finger Protein B,Protein Coding,1.0022604,60
ZNF146,Zinc Finger Protein 146,Protein Coding,1.0022604,60
ZNF664,Zinc Finger Protein 664,Protein Coding,1.0022604,60
ZNRD2,Zinc Ribbon Domain Containing 2,Protein Coding,1.0022604,60
ATOH8,Atonal BHLH Transcription Factor 8,Protein Coding,1.0022604,59
CCDC93,CCC Complex Scaffolding Subunit CCDC93,Protein Coding,1.0022604,59
DAP,Death Associated Protein,Protein Coding,1.0022604,59
DNAJB14,DnaJ Heat Shock Protein Family (Hsp40) Member B14,Protein Coding,1.0022604,59
EMCN,Endomucin,Protein Coding,1.0022604,59
FHIP1B,FHF Complex Subunit HOOK Interacting Protein 1B,Protein Coding,1.0022604,59
FRA10AC1,FRA10A Associated CGG Repeat 1,Protein Coding,1.0022604,59
GPATCH1,G-Patch Domain Containing 1,Protein Coding,1.0022604,59
MCRIP1,MAPK Regulated Corepressor Interacting Protein 1,Protein Coding,1.0022604,59
MRPL17,Mitochondrial Ribosomal Protein L17,Protein Coding,1.0022604,59
MRPL30,Mitochondrial Ribosomal Protein L30,Protein Coding,1.0022604,59
MT-TS1,Mitochondrially Encoded TRNA-Ser (UCN) 1,RNA Gene,1.0022604,59
MYG1,MYG1 Exonuclease,Protein Coding,1.0022604,59
NAT8L,N-Acetyltransferase 8 Like,Protein Coding,1.0022604,59
PHETA2,PH Domain Containing Endocytic Trafficking Adaptor 2,Protein Coding,1.0022604,59
RETREG2,Reticulophagy Regulator Family Member 2,Protein Coding,1.0022604,59
SCRN1,Secernin 1,Protein Coding,1.0022604,59
SLC35E1,Solute Carrier Family 35 Member E1,Protein Coding,1.0022604,59
SNAPC1,Small Nuclear RNA Activating Complex Polypeptide 1,Protein Coding,1.0022604,59
TMEM100,Transmembrane Protein 100,Protein Coding,1.0022604,59
TP53AIP1,Tumor Protein P53 Regulated Apoptosis Inducing Protein 1,Protein Coding,1.0022604,59
TRAM2,Translocation Associated Membrane Protein 2,Protein Coding,1.0022604,59
TXNDC8,Thioredoxin Domain Containing 8,Protein Coding,1.0022604,59
TYW3,TRNA-YW Synthesizing Protein 3 Homolog,Protein Coding,1.0022604,59
WASHC3,WASH Complex Subunit 3,Protein Coding,1.0022604,59
ARMCX3,Armadillo Repeat Containing X-Linked 3,Protein Coding,1.0022604,58
CMC1,C-X9-C Motif Containing 1,Protein Coding,1.0022604,58
CNIH4,Cornichon Family Member 4,Protein Coding,1.0022604,58
DEUP1,Deuterosome Assembly Protein 1,Protein Coding,1.0022604,58
DPY19L1,Dpy-19 Like C-Mannosyltransferase 1,Protein Coding,1.0022604,58
ERI3,ERI1 Exoribonuclease Family Member 3,Protein Coding,1.0022604,58
FAM162A,Family With Sequence Similarity 162 Member A,Protein Coding,1.0022604,58
GMFG,Glia Maturation Factor Gamma,Protein Coding,1.0022604,58
HMGN3,High Mobility Group Nucleosomal Binding Domain 3,Protein Coding,1.0022604,58
IRF2BP1,Interferon Regulatory Factor 2 Binding Protein 1,Protein Coding,1.0022604,58
KLHDC3,Kelch Domain Containing 3,Protein Coding,1.0022604,58
NOMO2,NODAL Modulator 2,Protein Coding,1.0022604,58
R3HDM1,R3H Domain Containing 1,Protein Coding,1.0022604,58
RNASE7,Ribonuclease A Family Member 7,Protein Coding,1.0022604,58
RRP36,Ribosomal RNA Processing 36,Protein Coding,1.0022604,58
RUSF1,RUS Family Member 1,Protein Coding,1.0022604,58
SINHCAF,SIN3-HDAC Complex Associated Factor,Protein Coding,1.0022604,58
TBCC,Tubulin Folding Cofactor C,Protein Coding,1.0022604,58
TIMM8B,Translocase Of Inner Mitochondrial Membrane 8 Homolog B,Protein Coding,1.0022604,58
TXNDC17,Thioredoxin Domain Containing 17,Protein Coding,1.0022604,58
UBLCP1,Ubiquitin Like Domain Containing CTD Phosphatase 1,Protein Coding,1.0022604,58
UBXN10,UBX Domain Protein 10,Protein Coding,1.0022604,58
YJU2,YJU2 Splicing Factor Homolog,Protein Coding,1.0022604,58
ZNF580,Zinc Finger Protein 580,Protein Coding,1.0022604,58
ANGPTL7,Angiopoietin Like 7,Protein Coding,1.0022604,57
ANKRD12,Ankyrin Repeat Domain 12,Protein Coding,1.0022604,57
CHCHD7,Coiled-Coil-Helix-Coiled-Coil-Helix Domain Containing 7,Protein Coding,1.0022604,57
CMTM8,CKLF Like MARVEL Transmembrane Domain Containing 8,Protein Coding,1.0022604,57
COMMD2,COMM Domain Containing 2,Protein Coding,1.0022604,57
DDA1,DET1 And DDB1 Associated 1,Protein Coding,1.0022604,57
DESI2,Desumoylating Isopeptidase 2,Protein Coding,1.0022604,57
HSF5,Heat Shock Transcription Factor 5,Protein Coding,1.0022604,57
LRRC25,Leucine Rich Repeat Containing 25,Protein Coding,1.0022604,57
NOL12,Nucleolar Protein 12,Protein Coding,1.0022604,57
NOP9,NOP9 Nucleolar Protein,Protein Coding,1.0022604,57
PITHD1,PITH Domain Containing 1,Protein Coding,1.0022604,57
RTF2,Replication Termination Factor 2,Protein Coding,1.0022604,57
TMEM131,Transmembrane Protein 131,Protein Coding,1.0022604,57
ZMYM5,Zinc Finger MYM-Type Containing 5,Protein Coding,1.0022604,57
ZNF114,Zinc Finger Protein 114,Protein Coding,1.0022604,57
ZNF593,Zinc Finger Protein 593,Protein Coding,1.0022604,57
ZNF740,Zinc Finger Protein 740,Protein Coding,1.0022604,57
ZNF787,Zinc Finger Protein 787,Protein Coding,1.0022604,57
CENATAC,Centrosomal AT-AC Splicing Factor,Protein Coding,1.0022604,56
DHDH,Dihydrodiol Dehydrogenase,Protein Coding,1.0022604,56
EAPP,E2F Associated Phosphoprotein,Protein Coding,1.0022604,56
FSAF1,40S Small Subunit Processome Assembly Factor 1,Protein Coding,1.0022604,56
GPBP1,GC-Rich Promoter Binding Protein 1,Protein Coding,1.0022604,56
INIP,INTS3 And NABP Interacting Protein,Protein Coding,1.0022604,56
MACIR,Macrophage Immunometabolism Regulator,Protein Coding,1.0022604,56
MRPL27,Mitochondrial Ribosomal Protein L27,Protein Coding,1.0022604,56
MRPL57,Mitochondrial Ribosomal Protein L57,Protein Coding,1.0022604,56
NKX2-8,NK2 Homeobox 8,Protein Coding,1.0022604,56
PLBD2,Phospholipase B Domain Containing 2,Protein Coding,1.0022604,56
SDHAF3,Succinate Dehydrogenase Complex Assembly Factor 3,Protein Coding,1.0022604,56
TRMT13,TRNA Methyltransferase 13,Protein Coding,1.0022604,56
WDCP,WD Repeat And Coiled Coil Containing,Protein Coding,1.0022604,56
ZNF691,Zinc Finger Protein 691,Protein Coding,1.0022604,56
ZNF768,Zinc Finger Protein 768,Protein Coding,1.0022604,56
ZNF771,Zinc Finger Protein 771,Protein Coding,1.0022604,56
AIDA,"Axin Interactor, Dorsalization Associated",Protein Coding,1.0022604,55
C1orf116,Chromosome 1 Open Reading Frame 116,Protein Coding,1.0022604,55
CTTNBP2NL,CTTNBP2 N-Terminal Like,Protein Coding,1.0022604,55
FAM193A,Family With Sequence Similarity 193 Member A,Protein Coding,1.0022604,55
MIR556,MicroRNA 556,RNA Gene,1.0022604,55
PHYHIPL,Phytanoyl-CoA 2-Hydroxylase Interacting Protein Like,Protein Coding,1.0022604,55
PNISR,PNN Interacting Serine And Arginine Rich Protein,Protein Coding,1.0022604,55
PPP1R35,Protein Phosphatase 1 Regulatory Subunit 35,Protein Coding,1.0022604,55
PRSS3P2,PRSS3 Pseudogene 2,Pseudogene,1.0022604,55
RBM41,RNA Binding Motif Protein 41,Protein Coding,1.0022604,55
SPIN3,Spindlin Family Member 3,Protein Coding,1.0022604,55
TRAPPC13,Trafficking Protein Particle Complex Subunit 13,Protein Coding,1.0022604,55
ZNF581,Zinc Finger Protein 581,Protein Coding,1.0022604,55
CCDC12,Coiled-Coil Domain Containing 12,Protein Coding,1.0022604,54
CMC2,C-X9-C Motif Containing 2,Protein Coding,1.0022604,54
EIF1B,Eukaryotic Translation Initiation Factor 1B,Protein Coding,1.0022604,54
MIR619,MicroRNA 619,RNA Gene,1.0022604,54
MRPL54,Mitochondrial Ribosomal Protein L54,Protein Coding,1.0022604,54
PDZK1P1,PDZ Domain Containing 1 Pseudogene 1,Pseudogene,1.0022604,54
RGPD4,RANBP2 Like And GRIP Domain Containing 4,Protein Coding,1.0022604,54
SCFD2,Sec1 Family Domain Containing 2,Protein Coding,1.0022604,54
SERF1A,Small EDRK-Rich Factor 1A,Protein Coding,1.0022604,54
SURF2,Surfeit 2,Protein Coding,1.0022604,54
TCEANC2,Transcription Elongation Factor A N-Terminal And Central Domain Containing 2,Protein Coding,1.0022604,54
TIMCC,TIM Double Twin CX3C Motif Chaperone,Protein Coding,1.0022604,54
TIMM29,Translocase Of Inner Mitochondrial Membrane 29,Protein Coding,1.0022604,54
TMEM181,Transmembrane Protein 181,Protein Coding,1.0022604,54
ZNF556,Zinc Finger Protein 556,Protein Coding,1.0022604,54
C17orf75,Chromosome 17 Open Reading Frame 75,Protein Coding,1.0022604,53
FAM193B,Family With Sequence Similarity 193 Member B,Protein Coding,1.0022604,53
GPBP1L1,GC-Rich Promoter Binding Protein 1 Like 1,Protein Coding,1.0022604,53
GTPBP6,GTP Binding Protein 6,Protein Coding,1.0022604,53
HYCC2,Hyccin PI4KA Lipid Kinase Complex Subunit 2,Protein Coding,1.0022604,53
LINC00313,Long Intergenic Non-Protein Coding RNA 313,RNA Gene,1.0022604,53
ROR1-AS1,ROR1 Antisense RNA 1,RNA Gene,1.0022604,53
CDCA4,Cell Division Cycle Associated 4,Protein Coding,1.0022604,52
GKAP1,G Kinase Anchoring Protein 1,Protein Coding,1.0022604,52
KIAA1191,KIAA1191,Protein Coding,1.0022604,52
KIAA1671,KIAA1671,Protein Coding,1.0022604,52
MS4A7,Membrane Spanning 4-Domains A7,Protein Coding,1.0022604,52
TCEAL4,Transcription Elongation Factor A Like 4,Protein Coding,1.0022604,52
ZNF805,Zinc Finger Protein 805,Protein Coding,1.0022604,52
ANKRD52,Ankyrin Repeat Domain 52,Protein Coding,1.0022604,51
BLTP3A,Bridge-Like Lipid Transfer Protein Family Member 3A,Protein Coding,1.0022604,51
LRRC53,Leucine Rich Repeat Containing 53,Protein Coding,1.0022604,51
MIR3120,MicroRNA 3120,RNA Gene,1.0022604,51
NOL4L,Nucleolar Protein 4 Like,Protein Coding,1.0022604,51
POGK,Pogo Transposable Element Derived With KRAB Domain,Protein Coding,1.0022604,51
TDRP,Testis Development Related Protein,Protein Coding,1.0022604,51
TM9SF3,Transmembrane 9 Superfamily Member 3,Protein Coding,1.0022604,51
TMEM245,Transmembrane Protein 245,Protein Coding,1.0022604,51
TSTD2,Thiosulfate Sulfurtransferase Like Domain Containing 2,Protein Coding,1.0022604,51
ZNF511,Zinc Finger Protein 511,Protein Coding,1.0022604,51
ABHD18,Abhydrolase Domain Containing 18,Protein Coding,1.0022604,50
ATP5MF-PTCD1,ATP5MF-PTCD1 Readthrough,Protein Coding,1.0022604,50
C15orf40,Chromosome 15 Open Reading Frame 40,Protein Coding,1.0022604,50
CCDC7,Coiled-Coil Domain Containing 7,Protein Coding,1.0022604,50
FAM169A,Family With Sequence Similarity 169 Member A,Protein Coding,1.0022604,50
SPIN2B,Spindlin Family Member 2B,Protein Coding,1.0022604,50
CCDC97,Coiled-Coil Domain Containing 97,Protein Coding,1.0022604,49
COA4,Cytochrome C Oxidase Assembly Factor 4 Homolog,Protein Coding,1.0022604,49
KLHDC4,Kelch Domain Containing 4,Protein Coding,1.0022604,49
LENG1,Leukocyte Receptor Cluster Member 1,Protein Coding,1.0022604,49
PABIR1,PP2A Aalpha (PPP2R1A) And B55A (PPP2R2A) Interacting Phosphatase Regulator 1,Protein Coding,1.0022604,49
SSX5,SSX Family Member 5,Protein Coding,1.0022604,49
TMCC3,Transmembrane And Coiled-Coil Domain Family 3,Protein Coding,1.0022604,49
UBTD2,Ubiquitin Domain Containing 2,Protein Coding,1.0022604,49
ANKRD35,Ankyrin Repeat Domain 35,Protein Coding,1.0022604,48
C19orf47,Chromosome 19 Open Reading Frame 47,Protein Coding,1.0022604,48
R3HDM4,R3H Domain Containing 4,Protein Coding,1.0022604,48
TMEM205,Transmembrane Protein 205,Protein Coding,1.0022604,48
C1orf52,Chromosome 1 Open Reading Frame 52,Protein Coding,1.0022604,47
FAM72A,Family With Sequence Similarity 72 Member A,Protein Coding,1.0022604,47
LENG9,Leukocyte Receptor Cluster Member 9,Protein Coding,1.0022604,47
MCRIP2,MAPK Regulated Corepressor Interacting Protein 2,Protein Coding,1.0022604,47
RMP24,Ribonuclease MRP Subunit P24,Protein Coding,1.0022604,47
SERF2,Small EDRK-Rich Factor 2,Protein Coding,1.0022604,47
ZC2HC1A,Zinc Finger C2HC-Type Containing 1A,Protein Coding,1.0022604,47
FAM76A,Family With Sequence Similarity 76 Member A,Protein Coding,1.0022604,46
KIR2DS3,"Killer Cell Immunoglobulin Like Receptor, Two Ig Domains And Short Cytoplasmic Tail 3",Protein Coding,1.0022604,46
LINC00999,Long Intergenic Non-Protein Coding RNA 999,RNA Gene,1.0022604,46
PRR15,Proline Rich 15,Protein Coding,1.0022604,46
SERF1B,Small EDRK-Rich Factor 1B,Protein Coding,1.0022604,46
SZRD1,SUZ RNA Binding Domain Containing 1,Protein Coding,1.0022604,46
TTC9C,Tetratricopeptide Repeat Domain 9C,Protein Coding,1.0022604,46
ZC3HAV1L,ZC3HAV1 Like,Protein Coding,1.0022604,46
ERICH1,Glutamate Rich 1,Protein Coding,1.0022604,45
HCFC1R1,Host Cell Factor C1 Regulator 1,Protein Coding,1.0022604,45
MAPK1IP1L,Mitogen-Activated Protein Kinase 1 Interacting Protein 1 Like,Protein Coding,1.0022604,45
NOPCHAP1,NOP Protein Chaperone 1,Protein Coding,1.0022604,45
ANKRD40,Ankyrin Repeat Domain 40,Protein Coding,1.0022604,44
CFAP97,Cilia And Flagella Associated Protein 97,Protein Coding,1.0022604,44
GPALPP1,GPALPP Motifs Containing 1,Protein Coding,1.0022604,44
PRAMEF25,PRAME Family Member 25,Protein Coding,1.0022604,44
C19orf25,Chromosome 19 Open Reading Frame 25,Protein Coding,1.0022604,43
CCDC43,Coiled-Coil Domain Containing 43,Protein Coding,1.0022604,43
C5orf24,Chromosome 5 Open Reading Frame 24,Protein Coding,1.0022604,42
C16orf87,Chromosome 16 Open Reading Frame 87,Protein Coding,1.0022604,40
C9orf85,Chromosome 9 Open Reading Frame 85,Protein Coding,1.0022604,40
CEBPZOS,CEBPZ Opposite Strand,Protein Coding,1.0022604,40
FAM204A,Family With Sequence Similarity 204 Member A,Protein Coding,1.0022604,40
GTF2H2C_2,"GTF2H2 Family Member C, Copy 2",Protein Coding,1.0022604,40
ZFP91-CNTF,ZFP91-CNTF Readthrough (NMD Candidate),Protein Coding,1.0022604,40
CCDC28A,Coiled-Coil Domain Containing 28A,Protein Coding,1.0022604,39
IGHV1-45,Immunoglobulin Heavy Variable 1-45,Protein Coding,1.0022604,39
KIAA1143,KIAA1143,Protein Coding,1.0022604,39
KPLCE,KPRP N-Terminal And LCE C-Terminal Like Protein,Protein Coding,1.0022604,37
XTBD1,XRN2 Binding Domain Containing 1,Protein Coding,1.0022604,35
lnc-TRIM27-18,,RNA Gene,1.0022604,35
lnc-UBC-3,,RNA Gene,1.0022604,34
lnc-ADCY10-1,,RNA Gene,1.0022604,29
lnc-CCDC167-2,,RNA Gene,1.0022604,26
lnc-CRK-3,,RNA Gene,1.0022604,26
lnc-HSD17B10-3,,RNA Gene,1.0022604,21
lnc-MBNL2-3,,RNA Gene,1.0022604,21
F7,Coagulation Factor VII,Protein Coding,1.0016278,100
CETP,Cholesteryl Ester Transfer Protein,Protein Coding,1.0016278,99
HSD3B2,"Hydroxy-Delta-5-Steroid Dehydrogenase, 3 Beta- And Steroid Delta-Isomerase 2",Protein Coding,1.0016278,96
CIITA,Class II Major Histocompatibility Complex Transactivator,Protein Coding,1.0016278,94
SEMA3E,Semaphorin 3E,Protein Coding,1.0016278,85
RSPO1,R-Spondin 1,Protein Coding,1.0016278,80
NPPC,Natriuretic Peptide C,Protein Coding,1.0016278,72
CABLES1,Cdk5 And Abl Enzyme Substrate 1,Protein Coding,1.0016278,70
TTC17,Tetratricopeptide Repeat Domain 17,Protein Coding,1.0016278,63
LOC126862571,BRD4-Independent Group 4 Enhancer GRCh37_chr17:41243136-41244335,Functional Element,1.0016278,60
UNC5D,Unc-5 Netrin Receptor D,Protein Coding,0.9954699,69
LMBR1L,Limb Development Membrane Protein 1 Like,Protein Coding,0.9954699,68
ELMO3,Engulfment And Cell Motility 3,Protein Coding,0.9954699,63
MIR598,MicroRNA 598,RNA Gene,0.9954699,55
VGLL1,Vestigial Like Family Member 1,Protein Coding,0.9954699,53
TMEM158,Transmembrane Protein 158,Protein Coding,0.9954699,46
CDIN1,CDAN1 Interacting Nuclease 1,Protein Coding,0.9934068,64
LOC129930433,ATAC-STARR-Seq Lymphoblastoid Active Region 959,Functional Element,0.9934068,48
FZD6,Frizzled Class Receptor 6,Protein Coding,0.99330986,91
WNT10A,Wnt Family Member 10A,Protein Coding,0.99330986,87
WNT2B,Wnt Family Member 2B,Protein Coding,0.99330986,86
RYK,Receptor Like Tyrosine Kinase,Protein Coding,0.99330986,85
KREMEN1,Kringle Containing Transmembrane Protein 1,Protein Coding,0.99330986,82
WNT16,Wnt Family Member 16,Protein Coding,0.99330986,73
CER1,"Cerberus 1, DAN Family BMP Antagonist",Protein Coding,0.99330986,72
CSNK2A3,Casein Kinase 2 Alpha 3,Protein Coding,0.99330986,67
CXXC4,CXXC Finger Protein 4,Protein Coding,0.99330986,62
LOC101929777,Uncharacterized LOC101929777,RNA Gene,0.99330986,26
LOC124900418,Collagen Alpha-1(I) Chain-Like,Protein Coding,0.99330986,11
EPHA4,EPH Receptor A4,Protein Coding,0.9861169,98
EPHB6,EPH Receptor B6,Protein Coding,0.9861169,86
SPCS1,Signal Peptidase Complex Subunit 1,Protein Coding,0.9815271,69
ACY3,Aminoacylase 3,Protein Coding,0.9815271,64
PKD2,"Polycystin 2, Transient Receptor Potential Cation Channel",Protein Coding,0.97688866,96
ACVR2B,Activin A Receptor Type 2B,Protein Coding,0.97688866,95
OFD1,OFD1 Centriole And Centriolar Satellite Protein,Protein Coding,0.97688866,92
GJA5,Gap Junction Protein Alpha 5,Protein Coding,0.97688866,91
UMOD,Uromodulin,Protein Coding,0.97688866,91
IQCB1,IQ Motif Containing B1,Protein Coding,0.97688866,90
FOXH1,Forkhead Box H1,Protein Coding,0.97688866,89
ALG8,"ALG8 Alpha-1,3-Glucosyltransferase",Protein Coding,0.97688866,84
ALG11,"ALG11 Alpha-1,2-Mannosyltransferase",Protein Coding,0.97688866,81
CEP83,Centrosomal Protein 83,Protein Coding,0.97688866,78
ANK2,Ankyrin 2,Protein Coding,0.94957083,100
ITPR3,"Inositol 1,4,5-Trisphosphate Receptor Type 3",Protein Coding,0.94957083,100
MASP1,MBL Associated Serine Protease 1,Protein Coding,0.94957083,100
OPRM1,Opioid Receptor Mu 1,Protein Coding,0.94957083,100
HEXA,Hexosaminidase Subunit Alpha,Protein Coding,0.94957083,98
ITGA7,Integrin Subunit Alpha 7,Protein Coding,0.94957083,98
SLIT2,Slit Guidance Ligand 2,Protein Coding,0.94957083,98
SLC1A1,Solute Carrier Family 1 Member 1,Protein Coding,0.94957083,97
ATP2B4,ATPase Plasma Membrane Ca2+ Transporting 4,Protein Coding,0.94957083,95
B4GALT1,"Beta-1,4-Galactosyltransferase 1",Protein Coding,0.94957083,95
F13A1,Coagulation Factor XIII A Chain,Protein Coding,0.94957083,95
LAMA1,Laminin Subunit Alpha 1,Protein Coding,0.94957083,95
GABBR1,Gamma-Aminobutyric Acid Type B Receptor Subunit 1,Protein Coding,0.94957083,94
PNKP,Polynucleotide Kinase 3'-Phosphatase,Protein Coding,0.94957083,94
SEC24D,"SEC24 Homolog D, COPII Component",Protein Coding,0.94957083,94
APOC2,Apolipoprotein C2,Protein Coding,0.94957083,93
CNTN2,Contactin 2,Protein Coding,0.94957083,93
RRAS,RAS Related,Protein Coding,0.94957083,93
KNL1,Kinetochore Scaffold 1,Protein Coding,0.94957083,92
PICALM,Phosphatidylinositol Binding Clathrin Assembly Protein,Protein Coding,0.94957083,92
PRKCH,Protein Kinase C Eta,Protein Coding,0.94957083,92
RASGRP2,RAS Guanyl Releasing Protein 2,Protein Coding,0.94957083,92
MID1,Midline 1,Protein Coding,0.94957083,91
ORC1,Origin Recognition Complex Subunit 1,Protein Coding,0.94957083,91
ST14,ST14 Transmembrane Serine Protease Matriptase,Protein Coding,0.94957083,91
C8B,Complement C8 Beta Chain,Protein Coding,0.94957083,90
EBP,EBP Cholestenol Delta-Isomerase,Protein Coding,0.94957083,90
MYCBP2,MYC Binding Protein 2,Protein Coding,0.94957083,90
MYO3A,Myosin IIIA,Protein Coding,0.94957083,90
PALLD,"Palladin, Cytoskeletal Associated Protein",Protein Coding,0.94957083,90
UBR1,Ubiquitin Protein Ligase E3 Component N-Recognin 1,Protein Coding,0.94957083,90
VAV3,Vav Guanine Nucleotide Exchange Factor 3,Protein Coding,0.94957083,90
ADCY9,Adenylate Cyclase 9,Protein Coding,0.94957083,89
ADGRG1,Adhesion G Protein-Coupled Receptor G1,Protein Coding,0.94957083,89
INPP5D,Inositol Polyphosphate-5-Phosphatase D,Protein Coding,0.94957083,89
ARL6,ARF Like GTPase 6,Protein Coding,0.94957083,88
DARS2,"Aspartyl-TRNA Synthetase 2, Mitochondrial",Protein Coding,0.94957083,88
FA2H,Fatty Acid 2-Hydroxylase,Protein Coding,0.94957083,88
NHEJ1,Non-Homologous End Joining Factor 1,Protein Coding,0.94957083,88
RASA2,RAS P21 Protein Activator 2,Protein Coding,0.94957083,88
SLC1A4,Solute Carrier Family 1 Member 4,Protein Coding,0.94957083,88
SLCO2A1,Solute Carrier Organic Anion Transporter Family Member 2A1,Protein Coding,0.94957083,88
APOL1,Apolipoprotein L1,Protein Coding,0.94957083,87
CCR3,C-C Motif Chemokine Receptor 3,Protein Coding,0.94957083,87
COL4A6,Collagen Type IV Alpha 6 Chain,Protein Coding,0.94957083,87
HTR3A,5-Hydroxytryptamine Receptor 3A,Protein Coding,0.94957083,87
KCNN2,Potassium Calcium-Activated Channel Subfamily N Member 2,Protein Coding,0.94957083,87
MYSM1,"Myb Like, SWIRM And MPN Domains 1",Protein Coding,0.94957083,87
SLC34A2,Solute Carrier Family 34 Member 2,Protein Coding,0.94957083,87
TYROBP,Transmembrane Immune Signaling Adaptor TYROBP,Protein Coding,0.94957083,87
ADGRL1,Adhesion G Protein-Coupled Receptor L1,Protein Coding,0.94957083,86
ARHGEF12,Rho Guanine Nucleotide Exchange Factor 12,Protein Coding,0.94957083,86
CDK10,Cyclin Dependent Kinase 10,Protein Coding,0.94957083,86
DAO,D-Amino Acid Oxidase,Protein Coding,0.94957083,86
EPHA5,EPH Receptor A5,Protein Coding,0.94957083,86
GBA2,Glucosylceramidase Beta 2,Protein Coding,0.94957083,86
MASTL,Microtubule Associated Serine/Threonine Kinase Like,Protein Coding,0.94957083,86
MYO10,Myosin X,Protein Coding,0.94957083,86
SLC16A2,Solute Carrier Family 16 Member 2,Protein Coding,0.94957083,86
SLC36A1,Solute Carrier Family 36 Member 1,Protein Coding,0.94957083,86
TRIP4,Thyroid Hormone Receptor Interactor 4,Protein Coding,0.94957083,86
VARS2,"Valyl-TRNA Synthetase 2, Mitochondrial",Protein Coding,0.94957083,86
CHSY1,Chondroitin Sulfate Synthase 1,Protein Coding,0.94957083,85
CLIC5,Chloride Intracellular Channel 5,Protein Coding,0.94957083,85
EMILIN1,Elastin Microfibril Interfacer 1,Protein Coding,0.94957083,85
PIK3AP1,Phosphoinositide-3-Kinase Adaptor Protein 1,Protein Coding,0.94957083,85
PTPA,Protein Phosphatase 2 Phosphatase Activator,Protein Coding,0.94957083,85
RXRG,Retinoid X Receptor Gamma,Protein Coding,0.94957083,85
SETD5,SET Domain Containing 5,Protein Coding,0.94957083,85
YARS2,Tyrosyl-TRNA Synthetase 2,Protein Coding,0.94957083,85
CARS1,Cysteinyl-TRNA Synthetase 1,Protein Coding,0.94957083,84
CFP,Complement Factor Properdin,Protein Coding,0.94957083,84
DNAH9,Dynein Axonemal Heavy Chain 9,Protein Coding,0.94957083,84
PARD6A,Par-6 Family Cell Polarity Regulator Alpha,Protein Coding,0.94957083,84
PARP14,Poly(ADP-Ribose) Polymerase Family Member 14,Protein Coding,0.94957083,84
PDSS1,Decaprenyl Diphosphate Synthase Subunit 1,Protein Coding,0.94957083,84
PRKAB2,Protein Kinase AMP-Activated Non-Catalytic Subunit Beta 2,Protein Coding,0.94957083,84
PTPN3,Protein Tyrosine Phosphatase Non-Receptor Type 3,Protein Coding,0.94957083,84
RAD23A,RAD23 Nucleotide Excision Repair Protein A,Protein Coding,0.94957083,84
RNASEH2A,Ribonuclease H2 Subunit A,Protein Coding,0.94957083,84
RP2,RP2 Activator Of ARL3 GTPase,Protein Coding,0.94957083,84
SLC27A2,Solute Carrier Family 27 Member 2,Protein Coding,0.94957083,84
XPNPEP3,X-Prolyl Aminopeptidase 3,Protein Coding,0.94957083,84
AANAT,Aralkylamine N-Acetyltransferase,Protein Coding,0.94957083,83
DYNC2I2,Dynein 2 Intermediate Chain 2,Protein Coding,0.94957083,83
KDSR,3-Ketodihydrosphingosine Reductase,Protein Coding,0.94957083,83
MFSD2A,"MFSD2 Lysolipid Transporter A, Lysophospholipid",Protein Coding,0.94957083,83
PADI4,Peptidyl Arginine Deiminase 4,Protein Coding,0.94957083,83
PCBD1,Pterin-4 Alpha-Carbinolamine Dehydratase 1,Protein Coding,0.94957083,83
PDZD7,PDZ Domain Containing 7,Protein Coding,0.94957083,83
RFWD3,Ring Finger And WD Repeat Domain 3,Protein Coding,0.94957083,83
ROBO4,Roundabout Guidance Receptor 4,Protein Coding,0.94957083,83
SASH1,SAM And SH3 Domain Containing 1,Protein Coding,0.94957083,83
SYNJ2,Synaptojanin 2,Protein Coding,0.94957083,83
BTC,Betacellulin,Protein Coding,0.94957083,82
DSE,Dermatan Sulfate Epimerase,Protein Coding,0.94957083,82
IL15RA,Interleukin 15 Receptor Subunit Alpha,Protein Coding,0.94957083,82
MAP3K13,Mitogen-Activated Protein Kinase Kinase Kinase 13,Protein Coding,0.94957083,82
MTNR1A,Melatonin Receptor 1A,Protein Coding,0.94957083,82
NGLY1,N-Glycanase 1,Protein Coding,0.94957083,82
P2RY11,Purinergic Receptor P2Y11,Protein Coding,0.94957083,82
PLS1,Plastin 1,Protein Coding,0.94957083,82
RALB,RAS Like Proto-Oncogene B,Protein Coding,0.94957083,82
ST3GAL4,"ST3 Beta-Galactoside Alpha-2,3-Sialyltransferase 4",Protein Coding,0.94957083,82
TRIM5,Tripartite Motif Containing 5,Protein Coding,0.94957083,82
UNC13B,Unc-13 Homolog B,Protein Coding,0.94957083,82
UVRAG,UV Radiation Resistance Associated,Protein Coding,0.94957083,82
BPNT2,"3'(2'), 5'-Bisphosphate Nucleotidase 2",Protein Coding,0.94957083,81
DCLRE1B,DNA Cross-Link Repair 1B,Protein Coding,0.94957083,81
DGKQ,Diacylglycerol Kinase Theta,Protein Coding,0.94957083,81
FANCB,FA Complementation Group B,Protein Coding,0.94957083,81
HSD17B1,Hydroxysteroid 17-Beta Dehydrogenase 1,Protein Coding,0.94957083,81
IL3RA,Interleukin 3 Receptor Subunit Alpha,Protein Coding,0.94957083,81
KANK2,KN Motif And Ankyrin Repeat Domains 2,Protein Coding,0.94957083,81
KLF10,KLF Transcription Factor 10,Protein Coding,0.94957083,81
ME2,Malic Enzyme 2,Protein Coding,0.94957083,81
MGAT2,"Alpha-1,6-Mannosyl-Glycoprotein 2-Beta-N-Acetylglucosaminyltransferase",Protein Coding,0.94957083,81
PDLIM3,PDZ And LIM Domain 3,Protein Coding,0.94957083,81
SIPA1L3,Signal Induced Proliferation Associated 1 Like 3,Protein Coding,0.94957083,81
ABO,"ABO, Alpha 1-3-N-Acetylgalactosaminyltransferase And Alpha 1-3-Galactosyltransferase",Protein Coding,0.94957083,80
GRB14,Growth Factor Receptor Bound Protein 14,Protein Coding,0.94957083,80
PF4,Platelet Factor 4,Protein Coding,0.94957083,80
POC1A,POC1 Centriolar Protein A,Protein Coding,0.94957083,80
PPM1K,"Protein Phosphatase, Mg2+/Mn2+ Dependent 1K",Protein Coding,0.94957083,80
ULK2,Unc-51 Like Autophagy Activating Kinase 2,Protein Coding,0.94957083,80
COL15A1,Collagen Type XV Alpha 1 Chain,Protein Coding,0.94957083,79
CREB3,CAMP Responsive Element Binding Protein 3,Protein Coding,0.94957083,79
CYTH2,Cytohesin 2,Protein Coding,0.94957083,79
DCP1A,Decapping MRNA 1A,Protein Coding,0.94957083,79
GPR68,G Protein-Coupled Receptor 68,Protein Coding,0.94957083,79
HELZ2,Helicase With Zinc Finger 2,Protein Coding,0.94957083,79
MYOCD,Myocardin,Protein Coding,0.94957083,79
NRAP,Nebulin Related Anchoring Protein,Protein Coding,0.94957083,79
OAS2,2'-5'-Oligoadenylate Synthetase 2,Protein Coding,0.94957083,79
OASL,2'-5'-Oligoadenylate Synthetase Like,Protein Coding,0.94957083,79
PTPRN,Protein Tyrosine Phosphatase Receptor Type N,Protein Coding,0.94957083,79
SLC16A7,Solute Carrier Family 16 Member 7,Protein Coding,0.94957083,79
SNX10,Sorting Nexin 10,Protein Coding,0.94957083,79
SPG21,"SPG21 Abhydrolase Domain Containing, Maspardin",Protein Coding,0.94957083,79
STAB2,Stabilin 2,Protein Coding,0.94957083,79
TBCK,TBC1 Domain Containing Kinase,Protein Coding,0.94957083,79
TSPO,Translocator Protein,Protein Coding,0.94957083,79
WDR36,WD Repeat Domain 36,Protein Coding,0.94957083,79
ACKR1,Atypical Chemokine Receptor 1 (Duffy Blood Group),Protein Coding,0.94957083,78
AOPEP,Aminopeptidase O (Putative),Protein Coding,0.94957083,78
AQP4,Aquaporin 4,Protein Coding,0.94957083,78
B3GALNT2,"Beta-1,3-N-Acetylgalactosaminyltransferase 2",Protein Coding,0.94957083,78
BST1,Bone Marrow Stromal Cell Antigen 1,Protein Coding,0.94957083,78
CCDC40,Coiled-Coil Domain 40 Molecular Ruler Complex Subunit,Protein Coding,0.94957083,78
HTR1D,5-Hydroxytryptamine Receptor 1D,Protein Coding,0.94957083,78
KLHL7,Kelch Like Family Member 7,Protein Coding,0.94957083,78
SLC25A32,Solute Carrier Family 25 Member 32,Protein Coding,0.94957083,78
USP33,Ubiquitin Specific Peptidase 33,Protein Coding,0.94957083,78
ZNF217,Zinc Finger Protein 217,Protein Coding,0.94957083,78
ZP3,Zona Pellucida Glycoprotein 3,Protein Coding,0.94957083,78
ADSS2,Adenylosuccinate Synthase 2,Protein Coding,0.94957083,77
DMGDH,Dimethylglycine Dehydrogenase,Protein Coding,0.94957083,77
GABARAP,GABA Type A Receptor-Associated Protein,Protein Coding,0.94957083,77
GZF1,GDNF Inducible Zinc Finger Protein 1,Protein Coding,0.94957083,77
IKZF2,IKAROS Family Zinc Finger 2,Protein Coding,0.94957083,77
MEOX1,Mesenchyme Homeobox 1,Protein Coding,0.94957083,77
OSBPL3,Oxysterol Binding Protein Like 3,Protein Coding,0.94957083,77
P2RX3,Purinergic Receptor P2X 3,Protein Coding,0.94957083,77
PGM2,Phosphoglucomutase 2,Protein Coding,0.94957083,77
RAB34,"RAB34, Member RAS Oncogene Family",Protein Coding,0.94957083,77
RABGEF1,RAB Guanine Nucleotide Exchange Factor 1,Protein Coding,0.94957083,77
SIGLEC10,Sialic Acid Binding Ig Like Lectin 10,Protein Coding,0.94957083,77
SMOC1,SPARC Related Modular Calcium Binding 1,Protein Coding,0.94957083,77
SRPX2,Sushi Repeat Containing Protein X-Linked 2,Protein Coding,0.94957083,77
TBX15,T-Box Transcription Factor 15,Protein Coding,0.94957083,77
VPS28,VPS28 Subunit Of ESCRT-I,Protein Coding,0.94957083,77
WIPI2,"WD Repeat Domain, Phosphoinositide Interacting 2",Protein Coding,0.94957083,77
ARFGAP1,ARF GTPase Activating Protein 1,Protein Coding,0.94957083,76
CDCA7L,Cell Division Cycle Associated 7 Like,Protein Coding,0.94957083,76
CENPU,Centromere Protein U,Protein Coding,0.94957083,76
CLDN14,Claudin 14,Protein Coding,0.94957083,76
CYP4B1,Cytochrome P450 Family 4 Subfamily B Member 1,Protein Coding,0.94957083,76
DLGAP1,DLG Associated Protein 1,Protein Coding,0.94957083,76
ELAVL2,ELAV Like RNA Binding Protein 2,Protein Coding,0.94957083,76
GBP2,Guanylate Binding Protein 2,Protein Coding,0.94957083,76
HSD17B2,Hydroxysteroid 17-Beta Dehydrogenase 2,Protein Coding,0.94957083,76
LIN7A,Lin-7 Cell Polarity Scaffold A,Protein Coding,0.94957083,76
MCTP2,Multiple C2 And Transmembrane Domain Containing 2,Protein Coding,0.94957083,76
NDC1,NDC1 Transmembrane Nucleoporin,Protein Coding,0.94957083,76
PARVA,Parvin Alpha,Protein Coding,0.94957083,76
TNFSF14,TNF Superfamily Member 14,Protein Coding,0.94957083,76
CTU2,Cytosolic Thiouridylase Subunit 2,Protein Coding,0.94957083,75
GEM,GTP Binding Protein Overexpressed In Skeletal Muscle,Protein Coding,0.94957083,75
GOLGA4,Golgin A4,Protein Coding,0.94957083,75
H3-4,"H3.4 Histone, Cluster Member",Protein Coding,0.94957083,75
MED20,Mediator Complex Subunit 20,Protein Coding,0.94957083,75
PLCD3,Phospholipase C Delta 3,Protein Coding,0.94957083,75
PROK2,Prokineticin 2,Protein Coding,0.94957083,75
SETBP1,SET Binding Protein 1,Protein Coding,0.94957083,75
SGMS1,Sphingomyelin Synthase 1,Protein Coding,0.94957083,75
TPPP,Tubulin Polymerization Promoting Protein,Protein Coding,0.94957083,75
TTF2,Transcription Termination Factor 2,Protein Coding,0.94957083,75
ZFYVE16,Zinc Finger FYVE-Type Containing 16,Protein Coding,0.94957083,75
AEBP2,AE Binding Protein 2,Protein Coding,0.94957083,74
ALPK3,Alpha Kinase 3,Protein Coding,0.94957083,74
AQP8,Aquaporin 8,Protein Coding,0.94957083,74
CDC14B,Cell Division Cycle 14B,Protein Coding,0.94957083,74
CHST11,Carbohydrate Sulfotransferase 11,Protein Coding,0.94957083,74
DNAH14,Dynein Axonemal Heavy Chain 14,Protein Coding,0.94957083,74
GLDN,Gliomedin,Protein Coding,0.94957083,74
HNF4G,Hepatocyte Nuclear Factor 4 Gamma,Protein Coding,0.94957083,74
HOXA9,Homeobox A9,Protein Coding,0.94957083,74
IGHG1,Immunoglobulin Heavy Constant Gamma 1 (G1m Marker),Protein Coding,0.94957083,74
MAGOH,"Mago Homolog, Exon Junction Complex Subunit",Protein Coding,0.94957083,74
MYEF2,Myelin Expression Factor 2,Protein Coding,0.94957083,74
NID2,Nidogen 2,Protein Coding,0.94957083,74
PAPPA,Pappalysin 1,Protein Coding,0.94957083,74
PLPP1,Phospholipid Phosphatase 1,Protein Coding,0.94957083,74
PRSS8,Serine Protease 8,Protein Coding,0.94957083,74
RNF185,Ring Finger Protein 185,Protein Coding,0.94957083,74
SLC25A42,Solute Carrier Family 25 Member 42,Protein Coding,0.94957083,74
STARD9,StAR Related Lipid Transfer Domain Containing 9,Protein Coding,0.94957083,74
TJP3,Tight Junction Protein 3,Protein Coding,0.94957083,74
TNFAIP1,TNF Alpha Induced Protein 1,Protein Coding,0.94957083,74
ASCC2,Activating Signal Cointegrator 1 Complex Subunit 2,Protein Coding,0.94957083,73
IL13RA2,Interleukin 13 Receptor Subunit Alpha 2,Protein Coding,0.94957083,73
ITGB1BP1,Integrin Subunit Beta 1 Binding Protein 1,Protein Coding,0.94957083,73
KMT5C,Lysine Methyltransferase 5C,Protein Coding,0.94957083,73
MICAL2,"Microtubule Associated Monooxygenase, Calponin And LIM Domain Containing 2",Protein Coding,0.94957083,73
MX2,MX Dynamin Like GTPase 2,Protein Coding,0.94957083,73
OPA3,Outer Mitochondrial Membrane Lipid Metabolism Regulator OPA3,Protein Coding,0.94957083,73
PSMC3IP,PSMC3 Interacting Protein,Protein Coding,0.94957083,73
RGS19,Regulator Of G Protein Signaling 19,Protein Coding,0.94957083,73
SETDB2,SET Domain Bifurcated Histone Lysine Methyltransferase 2,Protein Coding,0.94957083,73
SLC39A10,Solute Carrier Family 39 Member 10,Protein Coding,0.94957083,73
SNTB2,Syntrophin Beta 2,Protein Coding,0.94957083,73
SYT7,Synaptotagmin 7,Protein Coding,0.94957083,73
WDR12,WD Repeat Domain 12,Protein Coding,0.94957083,73
WLS,Wnt Ligand Secretion Mediator,Protein Coding,0.94957083,73
AGPAT5,1-Acylglycerol-3-Phosphate O-Acyltransferase 5,Protein Coding,0.94957083,72
CNN1,Calponin 1,Protein Coding,0.94957083,72
DDX19B,DEAD-Box Helicase 19B,Protein Coding,0.94957083,72
DTX3L,Deltex E3 Ubiquitin Ligase 3L,Protein Coding,0.94957083,72
FBXO6,F-Box Protein 6,Protein Coding,0.94957083,72
GPR18,G Protein-Coupled Receptor 18,Protein Coding,0.94957083,72
KIF27,Kinesin Family Member 27,Protein Coding,0.94957083,72
LCLAT1,Lysocardiolipin Acyltransferase 1,Protein Coding,0.94957083,72
MFHAS1,Multifunctional ROCO Family Signaling Regulator 1,Protein Coding,0.94957083,72
MT3,Metallothionein 3,Protein Coding,0.94957083,72
OXR1,Oxidation Resistance 1,Protein Coding,0.94957083,72
PDZK1,PDZ Domain Containing 1,Protein Coding,0.94957083,72
POC5,POC5 Centriolar Protein,Protein Coding,0.94957083,72
PPRC1,PPARG Related Coactivator 1,Protein Coding,0.94957083,72
RAB26,"RAB26, Member RAS Oncogene Family",Protein Coding,0.94957083,72
RNF144A,Ring Finger Protein 144A,Protein Coding,0.94957083,72
RRP8,Ribosomal RNA Processing 8,Protein Coding,0.94957083,72
SLC30A7,Solute Carrier Family 30 Member 7,Protein Coding,0.94957083,72
ST3GAL6,"ST3 Beta-Galactoside Alpha-2,3-Sialyltransferase 6",Protein Coding,0.94957083,72
UBASH3A,Ubiquitin Associated And SH3 Domain Containing A,Protein Coding,0.94957083,72
CYP4A22,Cytochrome P450 Family 4 Subfamily A Member 22,Protein Coding,0.94957083,71
ESRP2,Epithelial Splicing Regulatory Protein 2,Protein Coding,0.94957083,71
GABRQ,Gamma-Aminobutyric Acid Type A Receptor Subunit Theta,Protein Coding,0.94957083,71
IFT25,Intraflagellar Transport 25,Protein Coding,0.94957083,71
LPXN,Leupaxin,Protein Coding,0.94957083,71
MARF1,Meiosis Regulator And MRNA Stability Factor 1,Protein Coding,0.94957083,71
MLF1,Myeloid Leukemia Factor 1,Protein Coding,0.94957083,71
NPTX1,Neuronal Pentraxin 1,Protein Coding,0.94957083,71
RBM19,RNA Binding Motif Protein 19,Protein Coding,0.94957083,71
RPL39,Ribosomal Protein L39,Protein Coding,0.94957083,71
SLA2,Src Like Adaptor 2,Protein Coding,0.94957083,71
SLC43A1,Solute Carrier Family 43 Member 1,Protein Coding,0.94957083,71
TIMMDC1,Translocase Of Inner Mitochondrial Membrane Domain Containing 1,Protein Coding,0.94957083,71
ALDH1L2,Aldehyde Dehydrogenase 1 Family Member L2,Protein Coding,0.94957083,70
ALX3,ALX Homeobox 3,Protein Coding,0.94957083,70
CENPP,Centromere Protein P,Protein Coding,0.94957083,70
MED31,Mediator Complex Subunit 31,Protein Coding,0.94957083,70
OPN3,Opsin 3,Protein Coding,0.94957083,70
OSBPL1A,Oxysterol Binding Protein Like 1A,Protein Coding,0.94957083,70
PRELP,Proline And Arginine Rich End Leucine Rich Repeat Protein,Protein Coding,0.94957083,70
TNFRSF10D,TNF Receptor Superfamily Member 10d,Protein Coding,0.94957083,70
UBE2Q2,Ubiquitin Conjugating Enzyme E2 Q2,Protein Coding,0.94957083,70
ZDHHC7,ZDHHC Palmitoyltransferase 7,Protein Coding,0.94957083,70
BCL2L14,BCL2 Like 14,Protein Coding,0.94957083,69
BLOC1S1,Biogenesis Of Lysosomal Organelles Complex 1 Subunit 1,Protein Coding,0.94957083,69
CASP12,Caspase 12 (Gene/Pseudogene),Protein Coding,0.94957083,69
DDX31,DEAD-Box Helicase 31,Protein Coding,0.94957083,69
EFNA3,Ephrin A3,Protein Coding,0.94957083,69
EGR4,Early Growth Response 4,Protein Coding,0.94957083,69
GALNT13,Polypeptide N-Acetylgalactosaminyltransferase 13,Protein Coding,0.94957083,69
H2BC26,H2B Clustered Histone 26,Protein Coding,0.94957083,69
HOXC13,Homeobox C13,Protein Coding,0.94957083,69
IVL,Involucrin,Protein Coding,0.94957083,69
KCMF1,Potassium Channel Modulatory Factor 1,Protein Coding,0.94957083,69
KCNK18,Potassium Two Pore Domain Channel Subfamily K Member 18,Protein Coding,0.94957083,69
OVOL2,Ovo Like Zinc Finger 2,Protein Coding,0.94957083,69
PCGF6,Polycomb Group Ring Finger 6,Protein Coding,0.94957083,69
PPFIBP2,PPFIB Scaffold Protein 2,Protein Coding,0.94957083,69
PRAME,PRAME Nuclear Receptor Transcriptional Regulator,Protein Coding,0.94957083,69
SLC6A7,Solute Carrier Family 6 Member 7,Protein Coding,0.94957083,69
SRCIN1,SRC Kinase Signaling Inhibitor 1,Protein Coding,0.94957083,69
SUCNR1,Succinate Receptor 1,Protein Coding,0.94957083,69
TLL2,Tolloid Like 2,Protein Coding,0.94957083,69
VPS26A,VPS26 Retromer Complex Component A,Protein Coding,0.94957083,69
YIF1B,"Yip1 Interacting Factor Homolog B, Membrane Trafficking Protein",Protein Coding,0.94957083,69
ABLIM3,Actin Binding LIM Protein Family Member 3,Protein Coding,0.94957083,68
ACKR5,Atypical Chemokine Receptor 5,Protein Coding,0.94957083,68
CD1C,CD1c Molecule,Protein Coding,0.94957083,68
CD200R1,CD200 Receptor 1,Protein Coding,0.94957083,68
CLCA4,Chloride Channel Accessory 4,Protein Coding,0.94957083,68
DDX50,DExD-Box Helicase 50,Protein Coding,0.94957083,68
H2AC11,H2A Clustered Histone 11,Protein Coding,0.94957083,68
IL34,Interleukin 34,Protein Coding,0.94957083,68
INO80E,INO80 Complex Subunit E,Protein Coding,0.94957083,68
ITLN1,Intelectin 1,Protein Coding,0.94957083,68
MAGI3,"Membrane Associated Guanylate Kinase, WW And PDZ Domain Containing 3",Protein Coding,0.94957083,68
MED7,Mediator Complex Subunit 7,Protein Coding,0.94957083,68
PLEKHG4B,Pleckstrin Homology And RhoGEF Domain Containing G4B,Protein Coding,0.94957083,68
RAB40C,"RAB40C, Member RAS Oncogene Family",Protein Coding,0.94957083,68
RCE1,Ras Converting CAAX Endopeptidase 1,Protein Coding,0.94957083,68
RNASE4,Ribonuclease A Family Member 4,Protein Coding,0.94957083,68
SAP30L,SAP30 Like,Protein Coding,0.94957083,68
SCLY,Selenocysteine Lyase,Protein Coding,0.94957083,68
SLC37A1,Solute Carrier Family 37 Member 1,Protein Coding,0.94957083,68
TAF9B,TATA-Box Binding Protein Associated Factor 9b,Protein Coding,0.94957083,68
TSPAN15,Tetraspanin 15,Protein Coding,0.94957083,68
UNC13C,Unc-13 Homolog C,Protein Coding,0.94957083,68
ACTR5,Actin Related Protein 5,Protein Coding,0.94957083,67
CGN,Cingulin,Protein Coding,0.94957083,67
DMAC2L,Distal Membrane Arm Assembly Component 2 Like,Protein Coding,0.94957083,67
FMO2,Flavin Containing Dimethylaniline Monoxygenase 2,Protein Coding,0.94957083,67
GALNT10,Polypeptide N-Acetylgalactosaminyltransferase 10,Protein Coding,0.94957083,67
KRT3,Keratin 3,Protein Coding,0.94957083,67
MON2,MON2 Regulator Of Endosome-To-Golgi Trafficking,Protein Coding,0.94957083,67
MPC1,Mitochondrial Pyruvate Carrier 1,Protein Coding,0.94957083,67
RHNO1,RAD9-HUS1-RAD1 Interacting Nuclear Orphan 1,Protein Coding,0.94957083,67
SIX4,SIX Homeobox 4,Protein Coding,0.94957083,67
SLC38A4,Solute Carrier Family 38 Member 4,Protein Coding,0.94957083,67
SP2,Sp2 Transcription Factor,Protein Coding,0.94957083,67
ST6GALNAC4,"ST6 N-Acetylgalactosaminide Alpha-2,6-Sialyltransferase 4",Protein Coding,0.94957083,67
SYNPO2,Synaptopodin 2,Protein Coding,0.94957083,67
SYTL1,Synaptotagmin Like 1,Protein Coding,0.94957083,67
TBRG4,Transforming Growth Factor Beta Regulator 4,Protein Coding,0.94957083,67
TMOD2,Tropomodulin 2,Protein Coding,0.94957083,67
TMPRSS13,Transmembrane Serine Protease 13,Protein Coding,0.94957083,67
TRIM45,Tripartite Motif Containing 45,Protein Coding,0.94957083,67
U2AF1L4,U2 Small Nuclear RNA Auxiliary Factor 1 Like 4,Protein Coding,0.94957083,67
ARHGAP11A,Rho GTPase Activating Protein 11A,Protein Coding,0.94957083,66
ASAP3,"ArfGAP With SH3 Domain, Ankyrin Repeat And PH Domain 3",Protein Coding,0.94957083,66
CES3,Carboxylesterase 3,Protein Coding,0.94957083,66
CFAP251,Cilia And Flagella Associated Protein 251,Protein Coding,0.94957083,66
DIXDC1,DIX Domain Containing 1,Protein Coding,0.94957083,66
DLEC1,DLEC1 Cilia And Flagella Associated Protein,Protein Coding,0.94957083,66
DNTTIP1,Deoxynucleotidyltransferase Terminal Interacting Protein 1,Protein Coding,0.94957083,66
LMCD1,LIM And Cysteine Rich Domains 1,Protein Coding,0.94957083,66
MARCHF8,Membrane Associated Ring-CH-Type Finger 8,Protein Coding,0.94957083,66
NDFIP1,Nedd4 Family Interacting Protein 1,Protein Coding,0.94957083,66
PLA1A,Phospholipase A1 Member A,Protein Coding,0.94957083,66
PUM3,Pumilio RNA Binding Family Member 3,Protein Coding,0.94957083,66
RHBDF1,Rhomboid 5 Homolog 1,Protein Coding,0.94957083,66
RHPN1,Rhophilin Rho GTPase Binding Protein 1,Protein Coding,0.94957083,66
SACK1B,Scaffolding CK1 Anchoring Protein B,Protein Coding,0.94957083,66
SLC41A2,Solute Carrier Family 41 Member 2,Protein Coding,0.94957083,66
SSH3,Slingshot Protein Phosphatase 3,Protein Coding,0.94957083,66
SSNA1,SS Nuclear Autoantigen 1,Protein Coding,0.94957083,66
SULT1B1,Sulfotransferase Family 1B Member 1,Protein Coding,0.94957083,66
TAF1D,"TATA-Box Binding Protein Associated Factor, RNA Polymerase I Subunit D",Protein Coding,0.94957083,66
TMED5,Transmembrane P24 Trafficking Protein 5,Protein Coding,0.94957083,66
TSPYL2,TSPY Like 2,Protein Coding,0.94957083,66
WEE2,WEE2 Oocyte Meiosis Inhibiting Kinase,Protein Coding,0.94957083,66
ADHFE1,Alcohol Dehydrogenase Iron Containing 1,Protein Coding,0.94957083,65
AEN,Apoptosis Enhancing Nuclease,Protein Coding,0.94957083,65
BARX2,BARX Homeobox 2,Protein Coding,0.94957083,65
CAPN8,Calpain 8,Protein Coding,0.94957083,65
GGT6,Gamma-Glutamyltransferase 6,Protein Coding,0.94957083,65
GPR155,G Protein-Coupled Receptor 155,Protein Coding,0.94957083,65
HOXC6,Homeobox C6,Protein Coding,0.94957083,65
LCN1,Lipocalin 1,Protein Coding,0.94957083,65
MAEL,Maelstrom Spermatogenic Transposon Silencer,Protein Coding,0.94957083,65
MAP3K21,Mitogen-Activated Protein Kinase Kinase Kinase 21,Protein Coding,0.94957083,65
MYO15B,Myosin XVB,Protein Coding,0.94957083,65
PCDHGB7,"Protocadherin Gamma Subfamily B, 7",Protein Coding,0.94957083,65
PGC,Progastricsin,Protein Coding,0.94957083,65
PNCK,Pregnancy Up-Regulated Nonubiquitous CaM Kinase,Protein Coding,0.94957083,65
PRODH2,Proline Dehydrogenase 2,Protein Coding,0.94957083,65
STARD4,StAR Related Lipid Transfer Domain Containing 4,Protein Coding,0.94957083,65
TES,Testin LIM Domain Protein,Protein Coding,0.94957083,65
TOMM22,Translocase Of Outer Mitochondrial Membrane 22,Protein Coding,0.94957083,65
TPRKB,TP53RK Binding Protein,Protein Coding,0.94957083,65
TSKU,"Tsukushi, Small Leucine Rich Proteoglycan",Protein Coding,0.94957083,65
ZNRF1,Zinc And Ring Finger 1,Protein Coding,0.94957083,65
ANXA8,Annexin A8,Protein Coding,0.94957083,64
CDK5R2,Cyclin Dependent Kinase 5 Regulatory Subunit 2,Protein Coding,0.94957083,64
CEP170B,Centrosomal Protein 170B,Protein Coding,0.94957083,64
NMD3,NMD3 Ribosome Export Adaptor,Protein Coding,0.94957083,64
TAMALIN,Trafficking Regulator And Scaffold Protein Tamalin,Protein Coding,0.94957083,64
TOB2,"Transducer Of ERBB2, 2",Protein Coding,0.94957083,64
ZNF609,Zinc Finger Protein 609,Protein Coding,0.94957083,64
ADAM21,ADAM Metallopeptidase Domain 21,Protein Coding,0.94957083,63
ANKIB1,Ankyrin Repeat And IBR Domain Containing 1,Protein Coding,0.94957083,63
CLIC3,Chloride Intracellular Channel 3,Protein Coding,0.94957083,63
EMX1,Empty Spiracles Homeobox 1,Protein Coding,0.94957083,63
ENOX2,Ecto-NOX Disulfide-Thiol Exchanger 2,Protein Coding,0.94957083,63
FBXL12,F-Box And Leucine Rich Repeat Protein 12,Protein Coding,0.94957083,63
FBXL15,F-Box And Leucine Rich Repeat Protein 15,Protein Coding,0.94957083,63
GINS4,GINS Complex Subunit 4,Protein Coding,0.94957083,63
GPX8,Glutathione Peroxidase 8 (Putative),Protein Coding,0.94957083,63
KCTD9,Potassium Channel Tetramerization Domain Containing 9,Protein Coding,0.94957083,63
MPP3,MAGUK P55 Scaffold Protein 3,Protein Coding,0.94957083,63
MTARC2,Mitochondrial Amidoxime Reducing Component 2,Protein Coding,0.94957083,63
NUDT16L1,Nudix Hydrolase 16 Like 1,Protein Coding,0.94957083,63
PSPN,Persephin,Protein Coding,0.94957083,63
RPF2,Ribosome Production Factor 2 Homolog,Protein Coding,0.94957083,63
TSGA10,Testis Specific 10,Protein Coding,0.94957083,63
UPK1A,Uroplakin 1A,Protein Coding,0.94957083,63
UQCC3,Ubiquinol-Cytochrome C Reductase Complex Assembly Factor 3,Protein Coding,0.94957083,63
USP29,Ubiquitin Specific Peptidase 29,Protein Coding,0.94957083,63
ASB9,Ankyrin Repeat And SOCS Box Containing 9,Protein Coding,0.94957083,62
CCNB1IP1,Cyclin B1 Interacting Protein 1,Protein Coding,0.94957083,62
CGB5,Chorionic Gonadotropin Subunit Beta 5,Protein Coding,0.94957083,62
DPYSL4,Dihydropyrimidinase Like 4,Protein Coding,0.94957083,62
GDF10,Growth Differentiation Factor 10,Protein Coding,0.94957083,62
OVOL1,Ovo Like Transcriptional Repressor 1,Protein Coding,0.94957083,62
PALS2,"Protein Associated With LIN7 2, MAGUK P55 Family Member",Protein Coding,0.94957083,62
PDCL3,Phosducin Like 3,Protein Coding,0.94957083,62
RAP2C,"RAP2C, Member Of RAS Oncogene Family",Protein Coding,0.94957083,62
SGPP2,Sphingosine-1-Phosphate Phosphatase 2,Protein Coding,0.94957083,62
SIVA1,SIVA1 Apoptosis Inducing Factor,Protein Coding,0.94957083,62
TSPAN4,Tetraspanin 4,Protein Coding,0.94957083,62
VCPKMT,Valosin Containing Protein Lysine Methyltransferase,Protein Coding,0.94957083,62
ZNF23,Zinc Finger Protein 23,Protein Coding,0.94957083,62
ZNF28,Zinc Finger Protein 28,Protein Coding,0.94957083,62
ANAPC13,Anaphase Promoting Complex Subunit 13,Protein Coding,0.94957083,61
BMP8A,Bone Morphogenetic Protein 8a,Protein Coding,0.94957083,61
CCPG1,Cell Cycle Progression 1,Protein Coding,0.94957083,61
CRYBG1,Crystallin Beta-Gamma Domain Containing 1,Protein Coding,0.94957083,61
FYTTD1,Forty-Two-Three Domain Containing 1,Protein Coding,0.94957083,61
GLIPR1,GLI Pathogenesis Related 1,Protein Coding,0.94957083,61
LOC106627981,GBA Recombination Region,Functional Element,0.94957083,61
MAP9,Microtubule Associated Protein 9,Protein Coding,0.94957083,61
PODN,Podocan,Protein Coding,0.94957083,61
PTGR3,Prostaglandin Reductase 3,Protein Coding,0.94957083,61
RAB5IF,RAB5 Interacting Factor,Protein Coding,0.94957083,61
RASSF6,Ras Association Domain Family Member 6,Protein Coding,0.94957083,61
REG3G,Regenerating Family Member 3 Gamma,Protein Coding,0.94957083,61
RNF11,Ring Finger Protein 11,Protein Coding,0.94957083,61
TMUB1,Transmembrane And Ubiquitin Like Domain Containing 1,Protein Coding,0.94957083,61
WSB2,WD Repeat And SOCS Box Containing 2,Protein Coding,0.94957083,61
ZNF703,Zinc Finger Protein 703,Protein Coding,0.94957083,61
ZSCAN4,Zinc Finger And SCAN Domain Containing 4,Protein Coding,0.94957083,61
GRPEL2,"GrpE Like 2, Mitochondrial",Protein Coding,0.94957083,60
HECTD2,HECT Domain E3 Ubiquitin Protein Ligase 2,Protein Coding,0.94957083,60
MIR320B1,MicroRNA 320b-1,RNA Gene,0.94957083,60
MIR320D1,MicroRNA 320d-1,RNA Gene,0.94957083,60
PATL1,"PAT1 Homolog 1, Processing Body MRNA Decay Factor",Protein Coding,0.94957083,60
TMEM115,Transmembrane Protein 115,Protein Coding,0.94957083,60
TOMM40L,Translocase Of Outer Mitochondrial Membrane 40 Like,Protein Coding,0.94957083,60
TSTD1,Thiosulfate Sulfurtransferase Like Domain Containing 1,Protein Coding,0.94957083,60
CLDND1,Claudin Domain Containing 1,Protein Coding,0.94957083,59
CR1L,Complement C3b/C4b Receptor 1 Like,Protein Coding,0.94957083,59
CSMD2,CUB And Sushi Multiple Domains 2,Protein Coding,0.94957083,59
DNAJB3,DnaJ Heat Shock Protein Family (Hsp40) Member B3,Pseudogene,0.94957083,59
DPH3,Diphthamide Biosynthesis 3,Protein Coding,0.94957083,59
EID3,EP300 Interacting Inhibitor Of Differentiation 3,Protein Coding,0.94957083,59
MARCHF3,Membrane Associated Ring-CH-Type Finger 3,Protein Coding,0.94957083,59
MIR147A,MicroRNA 147a,RNA Gene,0.94957083,59
MIR487B,MicroRNA 487b,RNA Gene,0.94957083,59
MIR515-1,MicroRNA 515-1,RNA Gene,0.94957083,59
PCDHB4,Protocadherin Beta 4,Protein Coding,0.94957083,59
SAMD12,Sterile Alpha Motif Domain Containing 12,Protein Coding,0.94957083,59
SLC38A6,Solute Carrier Family 38 Member 6,Protein Coding,0.94957083,59
WT1-AS,WT1 Antisense RNA,RNA Gene,0.94957083,59
ZNF667,Zinc Finger Protein 667,Protein Coding,0.94957083,59
ZNF676,Zinc Finger Protein 676,Protein Coding,0.94957083,59
CYP20A1,Cytochrome P450 Family 20 Subfamily A Member 1,Protein Coding,0.94957083,58
MIMS2,Mitochondrial Inner Membrane Scaffold 2,Protein Coding,0.94957083,58
MS4A4A,Membrane Spanning 4-Domains A4A,Protein Coding,0.94957083,58
MTFP1,Mitochondrial Fission Process 1,Protein Coding,0.94957083,58
PARPBP,PARP1 Binding Protein,Protein Coding,0.94957083,58
PCDHB2,Protocadherin Beta 2,Protein Coding,0.94957083,58
RNF182,Ring Finger Protein 182,Protein Coding,0.94957083,58
TMEM65,Transmembrane Protein 65,Protein Coding,0.94957083,58
C1QTNF3,C1q And TNF Related 3,Protein Coding,0.94957083,57
H2BW1,H2B.W Histone 1,Protein Coding,0.94957083,57
MAK16,MAK16 Homolog,Protein Coding,0.94957083,57
MARVELD3,MARVEL Domain Containing 3,Protein Coding,0.94957083,57
MIR508,MicroRNA 508,RNA Gene,0.94957083,57
MOGAT1,Monoacylglycerol O-Acyltransferase 1,Protein Coding,0.94957083,57
PLEKHA6,Pleckstrin Homology Domain Containing A6,Protein Coding,0.94957083,57
PLXDC2,Plexin Domain Containing 2,Protein Coding,0.94957083,57
PSTK,Phosphoseryl-TRNA Kinase,Protein Coding,0.94957083,57
RBPMS2,"RNA Binding Protein, MRNA Processing Factor 2",Protein Coding,0.94957083,57
SNORD24,"Small Nucleolar RNA, C/D Box 24",RNA Gene,0.94957083,57
WFIKKN2,"WAP, Follistatin/Kazal, Immunoglobulin, Kunitz And Netrin Domain Containing 2",Protein Coding,0.94957083,57
ZNF154,Zinc Finger Protein 154,Protein Coding,0.94957083,57
CHAC2,ChaC Glutathione Specific Gamma-Glutamylcyclotransferase 2,Protein Coding,0.94957083,56
EPDR1,Ependymin Related 1,Protein Coding,0.94957083,56
LINC00885,Long Intergenic Non-Protein Coding RNA 885,RNA Gene,0.94957083,56
MIR1203,MicroRNA 1203,RNA Gene,0.94957083,56
MIR1343,MicroRNA 1343,RNA Gene,0.94957083,56
MIR320B2,MicroRNA 320b-2,RNA Gene,0.94957083,56
MIR320E,MicroRNA 320e,RNA Gene,0.94957083,56
MIR449B,MicroRNA 449b,RNA Gene,0.94957083,56
MIR629,MicroRNA 629,RNA Gene,0.94957083,56
NXT2,Nuclear Transport Factor 2 Like Export Factor 2,Protein Coding,0.94957083,56
PIANP,PILR Alpha Associated Neural Protein,Protein Coding,0.94957083,56
PLA2G12B,Phospholipase A2 Group XIIB,Protein Coding,0.94957083,56
RNF217-AS1,RNF217 Antisense RNA 1,RNA Gene,0.94957083,56
ZNF32,Zinc Finger Protein 32,Protein Coding,0.94957083,56
CCDC34,Coiled-Coil Domain Containing 34,Protein Coding,0.94957083,55
IGLL5,Immunoglobulin Lambda Like Polypeptide 5,Protein Coding,0.94957083,55
LXN,Latexin,Protein Coding,0.94957083,55
MIR320D2,MicroRNA 320d-2,RNA Gene,0.94957083,55
MIR450B,MicroRNA 450b,RNA Gene,0.94957083,55
MIR520E,MicroRNA 520e,RNA Gene,0.94957083,55
PCDHB6,Protocadherin Beta 6,Protein Coding,0.94957083,55
RPL13AP3,Ribosomal Protein L13a Pseudogene 3,Pseudogene,0.94957083,55
S100G,S100 Calcium Binding Protein G,Protein Coding,0.94957083,55
TEDC2,Tubulin Epsilon And Delta Complex 2,Protein Coding,0.94957083,55
TIPRL,TOR Signaling Pathway Regulator,Protein Coding,0.94957083,55
WDR55,WD Repeat Domain 55,Protein Coding,0.94957083,55
ZNF267,Zinc Finger Protein 267,Protein Coding,0.94957083,55
ZNF695,Zinc Finger Protein 695,Protein Coding,0.94957083,55
C1orf220,Chromosome 1 Putative Open Reading Frame 220,RNA Gene,0.94957083,54
CCDC178,Coiled-Coil Domain Containing 178,Protein Coding,0.94957083,54
FABP12,Fatty Acid Binding Protein 12,Protein Coding,0.94957083,54
MIR1277,MicroRNA 1277,RNA Gene,0.94957083,54
MIR19B2,MicroRNA 19b-2,RNA Gene,0.94957083,54
NAP1L3,Nucleosome Assembly Protein 1 Like 3,Protein Coding,0.94957083,54
OR51D1,Olfactory Receptor Family 51 Subfamily D Member 1,Protein Coding,0.94957083,54
PCAT29,Prostate Cancer Associated Transcript 29,RNA Gene,0.94957083,54
TRAPPC3L,Trafficking Protein Particle Complex Subunit 3L,Protein Coding,0.94957083,54
ZNF479,Zinc Finger Protein 479,Protein Coding,0.94957083,54
DLG1-AS1,DLG1 Antisense RNA 1,RNA Gene,0.94957083,53
EIF2S3B,Eukaryotic Translation Initiation Factor 2 Subunit Gamma B,Protein Coding,0.94957083,53
GPR180,G Protein-Coupled Receptor 180,Protein Coding,0.94957083,53
HOXC-AS3,HOXC Cluster Antisense RNA 3,RNA Gene,0.94957083,53
ISOC1,Isochorismatase Domain Containing 1,Protein Coding,0.94957083,53
LETR1,Lymphatic Endothelial Transcriptional Regulator LncRNA 1,RNA Gene,0.94957083,53
LINC01370,Long Intergenic Non-Protein Coding RNA 1370,RNA Gene,0.94957083,53
LINC02620,Long Intergenic Non-Protein Coding RNA 2620,RNA Gene,0.94957083,53
LNCARSR,LncRNA Regulator Of Akt Signaling Associated With HCC And RCC,RNA Gene,0.94957083,53
LTAP1,Lipid Transport Auxiliary Protein 1,Protein Coding,0.94957083,53
MIR147B,MicroRNA 147b,RNA Gene,0.94957083,53
MIR2113,MicroRNA 2113,RNA Gene,0.94957083,53
MIR4643,MicroRNA 4643,RNA Gene,0.94957083,53
MIR510,MicroRNA 510,RNA Gene,0.94957083,53
MIR610,MicroRNA 610,RNA Gene,0.94957083,53
MIR762,MicroRNA 762,RNA Gene,0.94957083,53
POTEI,POTE Ankyrin Domain Family Member I,Protein Coding,0.94957083,53
RTL10,Retrotransposon Gag Like 10,Protein Coding,0.94957083,53
SERTAD2,SERTA Domain Containing 2,Protein Coding,0.94957083,53
ANXA8L1,Annexin A8 Like 1,Protein Coding,0.94957083,52
MIR3679,MicroRNA 3679,RNA Gene,0.94957083,52
MIR4510,MicroRNA 4510,RNA Gene,0.94957083,52
MIR4739,MicroRNA 4739,RNA Gene,0.94957083,52
MIR515-2,MicroRNA 515-2,RNA Gene,0.94957083,52
MIR548F1,MicroRNA 548f-1,RNA Gene,0.94957083,52
MIR664B,MicroRNA 664b,RNA Gene,0.94957083,52
MMP2-AS1,MMP2 Antisense RNA 1,RNA Gene,0.94957083,52
PDRG1,P53 And DNA Damage Regulated 1,Protein Coding,0.94957083,52
RTP3,Receptor Transporter Protein 3,Protein Coding,0.94957083,52
SERHL,Serine Hydrolase Like (Pseudogene),Pseudogene,0.94957083,52
YAE1,YAE1 Maturation Factor Of ABCE1,Protein Coding,0.94957083,52
YJEFN3,YjeF N-Terminal Domain Containing 3,Protein Coding,0.94957083,52
ZNF770,Zinc Finger Protein 770,Protein Coding,0.94957083,52
LINC01124,Long Intergenic Non-Protein Coding RNA 1124,RNA Gene,0.94957083,51
LRRC40,Leucine Rich Repeat Containing 40,Protein Coding,0.94957083,51
MARVELD1,MARVEL Domain Containing 1,Protein Coding,0.94957083,51
MIR3616,MicroRNA 3616,RNA Gene,0.94957083,51
MIR4485,MicroRNA 4485,RNA Gene,0.94957083,51
MIR548AQ,MicroRNA 548aq,RNA Gene,0.94957083,51
MIR6838,MicroRNA 6838,RNA Gene,0.94957083,51
MIR6892,MicroRNA 6892,RNA Gene,0.94957083,51
MTFR2,Mitochondrial Fission Regulator 2,Protein Coding,0.94957083,51
SPINK13,Serine Peptidase Inhibitor Kazal Type 13,Protein Coding,0.94957083,51
TRNP1,TMF1 Regulated Nuclear Protein 1,Protein Coding,0.94957083,51
TRP-AGG2-6,TRNA-Pro (Anticodon AGG) 2-6,RNA Gene,0.94957083,51
ZNF296,Zinc Finger Protein 296,Protein Coding,0.94957083,51
FABP9,Fatty Acid Binding Protein 9,Protein Coding,0.94957083,50
IER5,Immediate Early Response 5,Protein Coding,0.94957083,50
MIR4476,MicroRNA 4476,RNA Gene,0.94957083,50
MIR507,MicroRNA 507,RNA Gene,0.94957083,50
MIR5193,MicroRNA 5193,RNA Gene,0.94957083,50
MIR6769B,MicroRNA 6769b,RNA Gene,0.94957083,50
OR8B2,Olfactory Receptor Family 8 Subfamily B Member 2,Protein Coding,0.94957083,50
PRRG1,Proline Rich And Gla Domain 1,Protein Coding,0.94957083,50
ZNF660,Zinc Finger Protein 660,Protein Coding,0.94957083,50
ASPDH,Aspartate Dehydrogenase Domain Containing,Protein Coding,0.94957083,49
FAM9C,Family With Sequence Similarity 9 Member C,Protein Coding,0.94957083,49
LDC1P,"Leucine Decarboxylase 1, Pseudogene",Pseudogene,0.94957083,49
MAGEH1,MAGE Family Member H1,Protein Coding,0.94957083,49
MIR6089,MicroRNA 6089,RNA Gene,0.94957083,49
C11orf58,Chromosome 11 Open Reading Frame 58,Protein Coding,0.94957083,48
LINC00853,Long Intergenic Non-Protein Coding RNA 853,RNA Gene,0.94957083,48
MIR7855,MicroRNA 7855,RNA Gene,0.94957083,48
SNORD14E,"Small Nucleolar RNA, C/D Box 14E",RNA Gene,0.94957083,48
SNORD78,"Small Nucleolar RNA, C/D Box 78",RNA Gene,0.94957083,48
TMEM51,Transmembrane Protein 51,Protein Coding,0.94957083,48
EPHX4,Epoxide Hydrolase 4,Protein Coding,0.94957083,47
KRT88P,"Keratin 88, Pseudogene",Pseudogene,0.94957083,47
OR5B12,Olfactory Receptor Family 5 Subfamily B Member 12,Protein Coding,0.94957083,47
ACTG1P1,Actin Gamma 1 Pseudogene 1,Pseudogene,0.94957083,46
LOC109113863,FGF2 Promoter Region,Functional Element,0.94957083,46
LOC111832671,Albumin (ALB) 5' Regulatory Region,Functional Element,0.94957083,46
WWP1-AS1,WWP1 Antisense RNA 1,RNA Gene,0.94957083,46
CCNY-AS1,CCNY Antisense RNA 1,RNA Gene,0.94957083,45
LOC108942766,NANOG 5' Regulatory Region,Functional Element,0.94957083,45
BPY2,Basic Charge Y-Linked 2,Protein Coding,0.94957083,44
NRAL,NRF2 Regulation Associated LncRNA,RNA Gene,0.94957083,43
POTEM,POTE Ankyrin Domain Family Member M,Protein Coding,0.94957083,43
C1orf50,Chromosome 1 Open Reading Frame 50,Protein Coding,0.94957083,42
FAM117B,Family With Sequence Similarity 117 Member B,Protein Coding,0.94957083,42
DSTNP2,DSTN Pseudogene 2,Pseudogene,0.94957083,40
POTEG,POTE Ankyrin Domain Family Member G,Protein Coding,0.94957083,39
CSPG4P12,Chondroitin Sulfate Proteoglycan 4 Pseudogene 12,Pseudogene,0.94957083,38
BPY2C,Basic Charge Y-Linked 2C,Protein Coding,0.94957083,35
ACTG1P14,Actin Gamma 1 Pseudogene 14,Pseudogene,0.94957083,33
BMS1P8,BMS1 Pseudogene 8,Pseudogene,0.94957083,31
C11orf86,Chromosome 11 Open Reading Frame 86,Protein Coding,0.94957083,31
ACTG1P19,Actin Gamma 1 Pseudogene 19,Pseudogene,0.94957083,30
ENPP7P13,Ectonucleotide Pyrophosphatase/Phosphodiesterase 7 Pseudogene 13,Pseudogene,0.94957083,27
LOC402221,Actin Beta Pseudogene,Pseudogene,0.94957083,11
WAS,WASP Actin Nucleation Promoting Factor,Protein Coding,0.939607,98
DCLRE1C,DNA Cross-Link Repair 1C,Protein Coding,0.939607,91
AVP,Arginine Vasopressin,Protein Coding,0.939607,89
GNRH1,Gonadotropin Releasing Hormone 1,Protein Coding,0.939607,81
SLC25A38,Solute Carrier Family 25 Member 38,Protein Coding,0.939607,72
ASMT,Acetylserotonin O-Methyltransferase,Protein Coding,0.939607,70
GH2,Growth Hormone 2,Protein Coding,0.939607,68
PERM1,"PPARGC1 And ESRR Induced Regulator, Muscle 1",Protein Coding,0.939607,53
USP17L24,Ubiquitin Specific Peptidase 17 Like Family Member 24,Protein Coding,0.939607,51
PROC,"Protein C, Inactivator Of Coagulation Factors Va And VIIIa",Protein Coding,0.93296134,100
PSEN2,Presenilin 2,Protein Coding,0.93296134,100
RAD51C,RAD51 Paralog C,Protein Coding,0.93296134,100
GLI3,GLI Family Zinc Finger 3,Protein Coding,0.93296134,99
SCN1A,Sodium Voltage-Gated Channel Alpha Subunit 1,Protein Coding,0.93296134,99
RBBP8,"RB Binding Protein 8, Endonuclease",Protein Coding,0.93296134,98
RAD51B,RAD51 Paralog B,Protein Coding,0.93296134,95
DBT,Dihydrolipoamide Branched Chain Transacylase E2,Protein Coding,0.93296134,94
IVD,Isovaleryl-CoA Dehydrogenase,Protein Coding,0.93296134,91
PDE8B,Phosphodiesterase 8B,Protein Coding,0.93296134,91
RAPGEF3,Rap Guanine Nucleotide Exchange Factor 3,Protein Coding,0.93296134,88
RNASEL,Ribonuclease L,Protein Coding,0.93296134,88
MSX1,Msh Homeobox 1,Protein Coding,0.93296134,87
LFNG,LFNG O-Fucosylpeptide 3-Beta-N-Acetylglucosaminyltransferase,Protein Coding,0.93296134,86
NOG,Noggin,Protein Coding,0.93296134,86
SI,Sucrase-Isomaltase,Protein Coding,0.93296134,86
ISL1,ISL LIM Homeobox 1,Protein Coding,0.93296134,85
GALNT12,Polypeptide N-Acetylgalactosaminyltransferase 12,Protein Coding,0.93296134,84
CPB2,Carboxypeptidase B2,Protein Coding,0.93296134,82
PIGA,Phosphatidylinositol Glycan Anchor Biosynthesis Class A,Protein Coding,0.93296134,82
WNT9B,Wnt Family Member 9B,Protein Coding,0.93296134,82
MIPEP,Mitochondrial Intermediate Peptidase,Protein Coding,0.93296134,81
FAF1,Fas Associated Factor 1,Protein Coding,0.93296134,80
KLRG1,Killer Cell Lectin Like Receptor G1,Protein Coding,0.93296134,76
DTX1,Deltex E3 Ubiquitin Ligase 1,Protein Coding,0.93296134,74
KCTD3,Potassium Channel Tetramerization Domain Containing 3,Protein Coding,0.93296134,70
GALNT11,Polypeptide N-Acetylgalactosaminyltransferase 11,Protein Coding,0.93296134,69
NEURL1B,Neuralized E3 Ubiquitin Protein Ligase 1B,Protein Coding,0.93296134,66
REEP5,Receptor Accessory Protein 5,Protein Coding,0.93296134,65
DLK2,Delta Like Non-Canonical Notch Ligand 2,Protein Coding,0.93296134,61
KRT76,Keratin 76,Protein Coding,0.93296134,60
GXYLT2,Glucoside Xylosyltransferase 2,Protein Coding,0.93296134,57
NRARP,NOTCH Regulated Ankyrin Repeat Protein,Protein Coding,0.93296134,57
MT-TR,Mitochondrially Encoded TRNA-Arg (CGN),RNA Gene,0.9256962,55
DOCK9-DT,DOCK9 Divergent Transcript,RNA Gene,0.9256962,53
MIR5703,MicroRNA 5703,RNA Gene,0.9256962,51
NR2F1,Nuclear Receptor Subfamily 2 Group F Member 1,Protein Coding,0.8890079,91
EPHA10,EPH Receptor A10,Protein Coding,0.8890079,79
TRIB1,Tribbles Pseudokinase 1,Protein Coding,0.8890079,72
TBC1D15,TBC1 Domain Family Member 15,Protein Coding,0.8890079,69
DINOL,Damage Induced Long Noncoding RNA,RNA Gene,0.8890079,53
ACTN2,Actinin Alpha 2,Protein Coding,0.8809044,100
ATP2A1,ATPase Sarcoplasmic/Endoplasmic Reticulum Ca2+ Transporting 1,Protein Coding,0.8809044,100
CAMK2A,Calcium/Calmodulin Dependent Protein Kinase II Alpha,Protein Coding,0.8809044,100
CD3E,CD3 Epsilon Subunit Of T-Cell Receptor Complex,Protein Coding,0.8809044,100
DNM1,Dynamin 1,Protein Coding,0.8809044,100
KCNJ11,Potassium Inwardly Rectifying Channel Subfamily J Member 11,Protein Coding,0.8809044,100
REL,"REL Proto-Oncogene, NF-KB Subunit",Protein Coding,0.8809044,100
SCN5A,Sodium Voltage-Gated Channel Alpha Subunit 5,Protein Coding,0.8809044,100
ATP1A3,ATPase Na+/K+ Transporting Subunit Alpha 3,Protein Coding,0.8809044,99
CASR,Calcium Sensing Receptor,Protein Coding,0.8809044,99
EDNRB,Endothelin Receptor Type B,Protein Coding,0.8809044,99
FPR1,Formyl Peptide Receptor 1,Protein Coding,0.8809044,99
PLCB4,Phospholipase C Beta 4,Protein Coding,0.8809044,99
RIMS1,Regulating Synaptic Membrane Exocytosis 1,Protein Coding,0.8809044,99
CD3G,CD3 Gamma Subunit Of T-Cell Receptor Complex,Protein Coding,0.8809044,98
DYRK1A,Dual Specificity Tyrosine Phosphorylation Regulated Kinase 1A,Protein Coding,0.8809044,98
ERCC8,"ERCC Excision Repair 8, CSA Ubiquitin Ligase Complex Subunit",Protein Coding,0.8809044,98
GNB5,G Protein Subunit Beta 5,Protein Coding,0.8809044,98
TSHR,Thyroid Stimulating Hormone Receptor,Protein Coding,0.8809044,98
ATP1A2,ATPase Na+/K+ Transporting Subunit Alpha 2,Protein Coding,0.8809044,97
IL17RA,Interleukin 17 Receptor A,Protein Coding,0.8809044,97
CHRM3,Cholinergic Receptor Muscarinic 3,Protein Coding,0.8809044,96
IRF8,Interferon Regulatory Factor 8,Protein Coding,0.8809044,96
KCNJ10,Potassium Inwardly Rectifying Channel Subfamily J Member 10,Protein Coding,0.8809044,96
L1CAM,L1 Cell Adhesion Molecule,Protein Coding,0.8809044,96
SLC9A3,Solute Carrier Family 9 Member A3,Protein Coding,0.8809044,96
SPTA1,"Spectrin Alpha, Erythrocytic 1",Protein Coding,0.8809044,96
CDH3,Cadherin 3,Protein Coding,0.8809044,95
DES,Desmin,Protein Coding,0.8809044,95
DMPK,DM1 Protein Kinase,Protein Coding,0.8809044,95
ETV6,ETS Variant Transcription Factor 6,Protein Coding,0.8809044,95
IL4R,Interleukin 4 Receptor,Protein Coding,0.8809044,95
SPTB,"Spectrin Beta, Erythrocytic",Protein Coding,0.8809044,95
TPO,Thyroid Peroxidase,Protein Coding,0.8809044,95
ATP2A3,ATPase Sarcoplasmic/Endoplasmic Reticulum Ca2+ Transporting 3,Protein Coding,0.8809044,94
FGD4,"FYVE, RhoGEF And PH Domain Containing 4",Protein Coding,0.8809044,94
MUSK,Muscle Associated Receptor Tyrosine Kinase,Protein Coding,0.8809044,94
NBEA,Neurobeachin,Protein Coding,0.8809044,94
PTPRS,Protein Tyrosine Phosphatase Receptor Type S,Protein Coding,0.8809044,94
TRPV6,Transient Receptor Potential Cation Channel Subfamily V Member 6,Protein Coding,0.8809044,94
MAP3K3,Mitogen-Activated Protein Kinase Kinase Kinase 3,Protein Coding,0.8809044,93
MBTPS1,"Membrane Bound Transcription Factor Peptidase, Site 1",Protein Coding,0.8809044,93
SNTA1,Syntrophin Alpha 1,Protein Coding,0.8809044,93
ASCC3,Activating Signal Cointegrator 1 Complex Subunit 3,Protein Coding,0.8809044,92
ATP13A2,ATPase Cation Transporting 13A2,Protein Coding,0.8809044,92
ATP2C1,ATPase Secretory Pathway Ca2+ Transporting 1,Protein Coding,0.8809044,92
CEP250,Centrosomal Protein 250,Protein Coding,0.8809044,92
HSD11B2,Hydroxysteroid 11-Beta Dehydrogenase 2,Protein Coding,0.8809044,92
JARID2,Jumonji And AT-Rich Interaction Domain Containing 2,Protein Coding,0.8809044,92
KCNJ1,Potassium Inwardly Rectifying Channel Subfamily J Member 1,Protein Coding,0.8809044,92
MAP2K5,Mitogen-Activated Protein Kinase Kinase 5,Protein Coding,0.8809044,92
PIDD1,P53-Induced Death Domain Protein 1,Protein Coding,0.8809044,92
PRKCQ,Protein Kinase C Theta,Protein Coding,0.8809044,92
DLG2,Discs Large MAGUK Scaffold Protein 2,Protein Coding,0.8809044,91
FLAD1,Flavin Adenine Dinucleotide Synthetase 1,Protein Coding,0.8809044,91
MAP3K11,Mitogen-Activated Protein Kinase Kinase Kinase 11,Protein Coding,0.8809044,91
NFASC,Neurofascin,Protein Coding,0.8809044,91
NR2E3,Nuclear Receptor Subfamily 2 Group E Member 3,Protein Coding,0.8809044,91
ATXN3,Ataxin 3,Protein Coding,0.8809044,90
DCX,Doublecortin,Protein Coding,0.8809044,90
EPHB1,EPH Receptor B1,Protein Coding,0.8809044,90
FGD1,"FYVE, RhoGEF And PH Domain Containing 1",Protein Coding,0.8809044,90
KMT2E,Lysine Methyltransferase 2E (Inactive),Protein Coding,0.8809044,90
PLXNA1,Plexin A1,Protein Coding,0.8809044,90
RAC3,Rac Family Small GTPase 3,Protein Coding,0.8809044,90
TNR,Tenascin R,Protein Coding,0.8809044,90
TUBGCP4,Tubulin Gamma Complex Component 4,Protein Coding,0.8809044,90
ARHGAP24,Rho GTPase Activating Protein 24,Protein Coding,0.8809044,89
ATRIP,ATR Interacting Protein,Protein Coding,0.8809044,89
CARD8,Caspase Recruitment Domain Family Member 8,Protein Coding,0.8809044,89
DHTKD1,Dehydrogenase E1 And Transketolase Domain Containing 1,Protein Coding,0.8809044,89
DTNBP1,Dystrobrevin Binding Protein 1,Protein Coding,0.8809044,89
FANCE,FA Complementation Group E,Protein Coding,0.8809044,89
FES,"FES Proto-Oncogene, Tyrosine Kinase",Protein Coding,0.8809044,89
NDUFA10,NADH:Ubiquinone Oxidoreductase Subunit A10,Protein Coding,0.8809044,89
NEUROD1,Neuronal Differentiation 1,Protein Coding,0.8809044,89
NIN,Ninein,Protein Coding,0.8809044,89
ORC4,Origin Recognition Complex Subunit 4,Protein Coding,0.8809044,89
PDX1,Pancreatic And Duodenal Homeobox 1,Protein Coding,0.8809044,89
SPINK5,Serine Peptidase Inhibitor Kazal Type 5,Protein Coding,0.8809044,89
TRPM1,Transient Receptor Potential Cation Channel Subfamily M Member 1,Protein Coding,0.8809044,89
CNGA3,Cyclic Nucleotide Gated Channel Subunit Alpha 3,Protein Coding,0.8809044,88
CNR1,Cannabinoid Receptor 1,Protein Coding,0.8809044,88
DAB1,DAB Adaptor Protein 1,Protein Coding,0.8809044,88
DEAF1,DEAF1 Transcription Factor,Protein Coding,0.8809044,88
ETFDH,Electron Transfer Flavoprotein Dehydrogenase,Protein Coding,0.8809044,88
FER,FER Tyrosine Kinase,Protein Coding,0.8809044,88
JAM3,Junctional Adhesion Molecule 3,Protein Coding,0.8809044,88
TRPM6,Transient Receptor Potential Cation Channel Subfamily M Member 6,Protein Coding,0.8809044,88
ARHGEF6,Rac/Cdc42 Guanine Nucleotide Exchange Factor 6,Protein Coding,0.8809044,87
ATXN7,Ataxin 7,Protein Coding,0.8809044,87
CAPN10,Calpain 10,Protein Coding,0.8809044,87
CEP78,Centrosomal Protein 78,Protein Coding,0.8809044,87
CLPP,Caseinolytic Mitochondrial Matrix Peptidase Proteolytic Subunit,Protein Coding,0.8809044,87
FOXG1,Forkhead Box G1,Protein Coding,0.8809044,87
HARS2,"Histidyl-TRNA Synthetase 2, Mitochondrial",Protein Coding,0.8809044,87
IRAK3,Interleukin 1 Receptor Associated Kinase 3,Protein Coding,0.8809044,87
PTPRA,Protein Tyrosine Phosphatase Receptor Type A,Protein Coding,0.8809044,87
RPS6KA6,Ribosomal Protein S6 Kinase A6,Protein Coding,0.8809044,87
TACR1,Tachykinin Receptor 1,Protein Coding,0.8809044,87
TOR1A,Torsin Family 1 Member A,Protein Coding,0.8809044,87
WNK4,WNK Lysine Deficient Protein Kinase 4,Protein Coding,0.8809044,87
COP1,COP1 E3 Ubiquitin Ligase,Protein Coding,0.8809044,86
GRK5,G Protein-Coupled Receptor Kinase 5,Protein Coding,0.8809044,86
HECW2,"HECT, C2 And WW Domain Containing E3 Ubiquitin Protein Ligase 2",Protein Coding,0.8809044,86
LHX3,LIM Homeobox 3,Protein Coding,0.8809044,86
NARS2,"Asparaginyl-TRNA Synthetase 2, Mitochondrial",Protein Coding,0.8809044,86
OPRK1,Opioid Receptor Kappa 1,Protein Coding,0.8809044,86
PPP2R1B,Protein Phosphatase 2 Scaffold Subunit Abeta,Protein Coding,0.8809044,86
PTGER3,Prostaglandin E Receptor 3,Protein Coding,0.8809044,86
RPS6KA4,Ribosomal Protein S6 Kinase A4,Protein Coding,0.8809044,86
TRPS1,Transcriptional Repressor GATA Binding 1,Protein Coding,0.8809044,86
WDR62,WD Repeat Domain 62,Protein Coding,0.8809044,86
ANOS1,Anosmin 1,Protein Coding,0.8809044,85
CAV3,Caveolin 3,Protein Coding,0.8809044,85
CC2D1A,Coiled-Coil And C2 Domain Containing 1A,Protein Coding,0.8809044,85
FKRP,Fukutin Related Protein,Protein Coding,0.8809044,85
GDI1,GDP Dissociation Inhibitor 1,Protein Coding,0.8809044,85
GRM8,Glutamate Metabotropic Receptor 8,Protein Coding,0.8809044,85
MCF2L,MCF.2 Cell Line Derived Transforming Sequence Like,Protein Coding,0.8809044,85
PCSK6,Proprotein Convertase Subtilisin/Kexin Type 6,Protein Coding,0.8809044,85
PIAS4,Protein Inhibitor Of Activated STAT 4,Protein Coding,0.8809044,85
PLXNA3,Plexin A3,Protein Coding,0.8809044,85
SCN7A,Sodium Voltage-Gated Channel Alpha Subunit 7,Protein Coding,0.8809044,85
STRA6,Signaling Receptor And Transporter Of Retinol STRA6,Protein Coding,0.8809044,85
TRPC5,Transient Receptor Potential Cation Channel Subfamily C Member 5,Protein Coding,0.8809044,85
VPS45,Vacuolar Protein Sorting 45 Homolog,Protein Coding,0.8809044,85
AGO3,Argonaute RISC Catalytic Component 3,Protein Coding,0.8809044,84
ARHGAP1,Rho GTPase Activating Protein 1,Protein Coding,0.8809044,84
BMPER,BMP Binding Endothelial Regulator,Protein Coding,0.8809044,84
CD209,CD209 Molecule,Protein Coding,0.8809044,84
MAP3K10,Mitogen-Activated Protein Kinase Kinase Kinase 10,Protein Coding,0.8809044,84
MAP3K9,Mitogen-Activated Protein Kinase Kinase Kinase 9,Protein Coding,0.8809044,84
POU2F2,POU Class 2 Homeobox 2,Protein Coding,0.8809044,84
RHOG,Ras Homolog Family Member G,Protein Coding,0.8809044,84
RP1,RP1 Axonemal Microtubule Associated,Protein Coding,0.8809044,84
SKIL,SKI Like Proto-Oncogene,Protein Coding,0.8809044,84
TNNT1,"Troponin T1, Slow Skeletal Type",Protein Coding,0.8809044,84
ZFYVE27,Zinc Finger FYVE-Type Containing 27,Protein Coding,0.8809044,84
ADCY4,Adenylate Cyclase 4,Protein Coding,0.8809044,83
ANKRD1,Ankyrin Repeat Domain 1,Protein Coding,0.8809044,83
ARHGEF11,Rho Guanine Nucleotide Exchange Factor 11,Protein Coding,0.8809044,83
ARVCF,ARVCF Delta Catenin Family Member,Protein Coding,0.8809044,83
AVPR1A,Arginine Vasopressin Receptor 1A,Protein Coding,0.8809044,83
BACH2,BACH Transcriptional Regulator 2,Protein Coding,0.8809044,83
CD320,CD320 Molecule,Protein Coding,0.8809044,83
COL8A2,Collagen Type VIII Alpha 2 Chain,Protein Coding,0.8809044,83
ELP4,Elongator Acetyltransferase Complex Subunit 4,Protein Coding,0.8809044,83
FKBP10,FKBP Prolyl Isomerase 10,Protein Coding,0.8809044,83
GCSH,Glycine Cleavage System Protein H,Protein Coding,0.8809044,83
GFM2,GTP Dependent Ribosome Recycling Factor Mitochondrial 2,Protein Coding,0.8809044,83
GPC4,Glypican 4,Protein Coding,0.8809044,83
PRDM8,PR/SET Domain 8,Protein Coding,0.8809044,83
SIN3B,SIN3 Transcription Regulator Family Member B,Protein Coding,0.8809044,83
SLC25A19,Solute Carrier Family 25 Member 19,Protein Coding,0.8809044,83
ARSL,Arylsulfatase L,Protein Coding,0.8809044,82
CDK5R1,Cyclin Dependent Kinase 5 Regulatory Subunit 1,Protein Coding,0.8809044,82
CHRM4,Cholinergic Receptor Muscarinic 4,Protein Coding,0.8809044,82
DAAM1,Dishevelled Associated Activator Of Morphogenesis 1,Protein Coding,0.8809044,82
DPH1,Diphthamide Biosynthesis 1,Protein Coding,0.8809044,82
HRH1,Histamine Receptor H1,Protein Coding,0.8809044,82
NME7,NME/NM23 Family Member 7,Protein Coding,0.8809044,82
PAX9,Paired Box 9,Protein Coding,0.8809044,82
PIAS2,Protein Inhibitor Of Activated STAT 2,Protein Coding,0.8809044,82
RAB3A,"RAB3A, Member RAS Oncogene Family",Protein Coding,0.8809044,82
RAPGEF2,Rap Guanine Nucleotide Exchange Factor 2,Protein Coding,0.8809044,82
SLC35A2,Solute Carrier Family 35 Member A2,Protein Coding,0.8809044,82
SLC35A3,Solute Carrier Family 35 Member A3,Protein Coding,0.8809044,82
SNX14,Sorting Nexin 14,Protein Coding,0.8809044,82
TAL1,"TAL BHLH Transcription Factor 1, Erythroid Differentiation Factor",Protein Coding,0.8809044,82
TBC1D7,TBC1 Domain Family Member 7,Protein Coding,0.8809044,82
UBE4A,Ubiquitination Factor E4A,Protein Coding,0.8809044,82
UBQLN2,Ubiquilin 2,Protein Coding,0.8809044,82
BAZ2A,Bromodomain Adjacent To Zinc Finger Domain 2A,Protein Coding,0.8809044,81
CERS1,Ceramide Synthase 1,Protein Coding,0.8809044,81
DOCK10,Dedicator Of Cytokinesis 10,Protein Coding,0.8809044,81
DSC3,Desmocollin 3,Protein Coding,0.8809044,81
KCNE2,Potassium Voltage-Gated Channel Subfamily E Regulatory Subunit 2,Protein Coding,0.8809044,81
M6PR,"Mannose-6-Phosphate Receptor, Cation Dependent",Protein Coding,0.8809044,81
MT-ATP6,Mitochondrially Encoded ATP Synthase Membrane Subunit 6,Protein Coding,0.8809044,81
NBR1,NBR1 Autophagy Cargo Receptor,Protein Coding,0.8809044,81
NME4,NME/NM23 Nucleoside Diphosphate Kinase 4,Protein Coding,0.8809044,81
PACS1,Phosphofurin Acidic Cluster Sorting Protein 1,Protein Coding,0.8809044,81
PARP4,Poly(ADP-Ribose) Polymerase Family Member 4,Protein Coding,0.8809044,81
PATJ,PATJ Crumbs Cell Polarity Complex Component,Protein Coding,0.8809044,81
PPL,Periplakin,Protein Coding,0.8809044,81
SPART,Spartin,Protein Coding,0.8809044,81
TRAF4,TNF Receptor Associated Factor 4,Protein Coding,0.8809044,81
VRK3,VRK Serine/Threonine Kinase 3,Protein Coding,0.8809044,81
WWC1,WW And C2 Domain Containing 1,Protein Coding,0.8809044,81
ACSL6,Acyl-CoA Synthetase Long Chain Family Member 6,Protein Coding,0.8809044,80
BNC2,Basonuclin Zinc Finger Protein 2,Protein Coding,0.8809044,80
CCNC,Cyclin C,Protein Coding,0.8809044,80
CD2,CD2 Molecule,Protein Coding,0.8809044,80
CNKSR1,Connector Enhancer Of Kinase Suppressor Of Ras 1,Protein Coding,0.8809044,80
DNAH10,Dynein Axonemal Heavy Chain 10,Protein Coding,0.8809044,80
DPP9,Dipeptidyl Peptidase 9,Protein Coding,0.8809044,80
DSTYK,Dual Serine/Threonine And Tyrosine Protein Kinase,Protein Coding,0.8809044,80
FDX2,Ferredoxin 2,Protein Coding,0.8809044,80
FREM1,FRAS1 Related Extracellular Matrix 1,Protein Coding,0.8809044,80
FSHB,Follicle Stimulating Hormone Subunit Beta,Protein Coding,0.8809044,80
HIVEP1,HIVEP Zinc Finger 1,Protein Coding,0.8809044,80
HSD3B1,"Hydroxy-Delta-5-Steroid Dehydrogenase, 3 Beta- And Steroid Delta-Isomerase 1",Protein Coding,0.8809044,80
LIF,LIF Interleukin 6 Family Cytokine,Protein Coding,0.8809044,80
NKX3-2,NK3 Homeobox 2,Protein Coding,0.8809044,80
NPRL3,"NPR3 Like, GATOR1 Complex Subunit",Protein Coding,0.8809044,80
RANBP9,RAN Binding Protein 9,Protein Coding,0.8809044,80
RNF123,Ring Finger Protein 123,Protein Coding,0.8809044,80
ZMYND10,Zinc Finger MYND-Type Containing 10,Protein Coding,0.8809044,80
ABCA13,ATP Binding Cassette Subfamily A Member 13,Protein Coding,0.8809044,79
ANO10,Anoctamin 10,Protein Coding,0.8809044,79
AOC1,Amine Oxidase Copper Containing 1,Protein Coding,0.8809044,79
ATL3,Atlastin GTPase 3,Protein Coding,0.8809044,79
CERS3,Ceramide Synthase 3,Protein Coding,0.8809044,79
CSNK1G1,Casein Kinase 1 Gamma 1,Protein Coding,0.8809044,79
DNAH2,Dynein Axonemal Heavy Chain 2,Protein Coding,0.8809044,79
LHB,Luteinizing Hormone Subunit Beta,Protein Coding,0.8809044,79
MED27,Mediator Complex Subunit 27,Protein Coding,0.8809044,79
MYO1F,Myosin IF,Protein Coding,0.8809044,79
NSMF,NMDA Receptor Synaptonuclear Signaling And Neuronal Migration Factor,Protein Coding,0.8809044,79
PHC3,Polyhomeotic Homolog 3,Protein Coding,0.8809044,79
PTPRQ,Protein Tyrosine Phosphatase Receptor Type Q,Protein Coding,0.8809044,79
RAB9B,"RAB9B, Member RAS Oncogene Family",Protein Coding,0.8809044,79
SPAG1,Sperm Associated Antigen 1,Protein Coding,0.8809044,79
TAF1C,"TATA-Box Binding Protein Associated Factor, RNA Polymerase I Subunit C",Protein Coding,0.8809044,79
TAF3,TATA-Box Binding Protein Associated Factor 3,Protein Coding,0.8809044,79
TSEN54,TRNA Splicing Endonuclease Subunit 54,Protein Coding,0.8809044,79
UBA6,Ubiquitin Like Modifier Activating Enzyme 6,Protein Coding,0.8809044,79
WNK3,WNK Lysine Deficient Protein Kinase 3,Protein Coding,0.8809044,79
ACOX3,"Acyl-CoA Oxidase 3, Pristanoyl",Protein Coding,0.8809044,78
BRAT1,BRCA1 Associated ATM Activator 1,Protein Coding,0.8809044,78
CELSR3,Cadherin EGF LAG Seven-Pass G-Type Receptor 3,Protein Coding,0.8809044,78
DUSP5,Dual Specificity Phosphatase 5,Protein Coding,0.8809044,78
DYNC1LI2,Dynein Cytoplasmic 1 Light Intermediate Chain 2,Protein Coding,0.8809044,78
FGD5,"FYVE, RhoGEF And PH Domain Containing 5",Protein Coding,0.8809044,78
GGT5,Gamma-Glutamyltransferase 5,Protein Coding,0.8809044,78
KIFC3,Kinesin Family Member C3,Protein Coding,0.8809044,78
LDHC,Lactate Dehydrogenase C,Protein Coding,0.8809044,78
NXN,Nucleoredoxin,Protein Coding,0.8809044,78
SGSM3,Small G Protein Signaling Modulator 3,Protein Coding,0.8809044,78
SLC35D1,Solute Carrier Family 35 Member D1,Protein Coding,0.8809044,78
STARD3,StAR Related Lipid Transfer Domain Containing 3,Protein Coding,0.8809044,78
UBE2B,Ubiquitin Conjugating Enzyme E2 B,Protein Coding,0.8809044,78
UCP1,Uncoupling Protein 1,Protein Coding,0.8809044,78
VAMP7,Vesicle Associated Membrane Protein 7,Protein Coding,0.8809044,78
ZFHX4,Zinc Finger Homeobox 4,Protein Coding,0.8809044,78
AQP7,Aquaporin 7,Protein Coding,0.8809044,77
BRSK1,BR Serine/Threonine Kinase 1,Protein Coding,0.8809044,77
CENPO,Centromere Protein O,Protein Coding,0.8809044,77
DNAH17,Dynein Axonemal Heavy Chain 17,Protein Coding,0.8809044,77
ERAP2,Endoplasmic Reticulum Aminopeptidase 2,Protein Coding,0.8809044,77
EYA2,EYA Transcriptional Coactivator And Phosphatase 2,Protein Coding,0.8809044,77
GNAZ,G Protein Subunit Alpha Z,Protein Coding,0.8809044,77
HEATR1,HEAT Repeat Containing 1,Protein Coding,0.8809044,77
HRH3,Histamine Receptor H3,Protein Coding,0.8809044,77
HUS1,HUS1 Checkpoint Clamp Component,Protein Coding,0.8809044,77
MED24,Mediator Complex Subunit 24,Protein Coding,0.8809044,77
MSL3,MSL Complex Subunit 3,Protein Coding,0.8809044,77
MT-ND6,Mitochondrially Encoded NADH:Ubiquinone Oxidoreductase Core Subunit 6,Protein Coding,0.8809044,77
NDUFAF6,NADH:Ubiquinone Oxidoreductase Complex Assembly Factor 6,Protein Coding,0.8809044,77
NFIC,Nuclear Factor I C,Protein Coding,0.8809044,77
PELP1,"Proline, Glutamate And Leucine Rich Protein 1",Protein Coding,0.8809044,77
RASGRF2,Ras Protein Specific Guanine Nucleotide Releasing Factor 2,Protein Coding,0.8809044,77
SLITRK6,SLIT And NTRK Like Family Member 6,Protein Coding,0.8809044,77
TRMT5,TRNA Methyltransferase 5,Protein Coding,0.8809044,77
USP25,Ubiquitin Specific Peptidase 25,Protein Coding,0.8809044,77
WASF3,WASP Family Member 3,Protein Coding,0.8809044,77
A4GALT,"Alpha 1,4-Galactosyltransferase (P1PK Blood Group)",Protein Coding,0.8809044,76
ADGRG2,Adhesion G Protein-Coupled Receptor G2,Protein Coding,0.8809044,76
ARHGAP17,Rho GTPase Activating Protein 17,Protein Coding,0.8809044,76
ATF7IP,Activating Transcription Factor 7 Interacting Protein,Protein Coding,0.8809044,76
CRACR2A,Calcium Release Activated Channel Regulator 2A,Protein Coding,0.8809044,76
DCP2,Decapping MRNA 2,Protein Coding,0.8809044,76
EDARADD,EDAR Associated Via Death Domain,Protein Coding,0.8809044,76
FLRT3,Fibronectin Leucine Rich Transmembrane Protein 3,Protein Coding,0.8809044,76
FMNL3,Formin Like 3,Protein Coding,0.8809044,76
GLRX5,Glutaredoxin 5,Protein Coding,0.8809044,76
IDH3G,Isocitrate Dehydrogenase (NAD(+)) 3 Non-Catalytic Subunit Gamma,Protein Coding,0.8809044,76
INTS11,Integrator Complex Subunit 11,Protein Coding,0.8809044,76
KIZ,Kizuna Centrosomal Protein,Protein Coding,0.8809044,76
MKRN3,Makorin Ring Finger Protein 3,Protein Coding,0.8809044,76
NDUFAF7,NADH:Ubiquinone Oxidoreductase Complex Assembly Factor 7,Protein Coding,0.8809044,76
OPN4,Opsin 4,Protein Coding,0.8809044,76
OTUD5,OTU Deubiquitinase 5,Protein Coding,0.8809044,76
OXSR1,Oxidative Stress Responsive Kinase 1,Protein Coding,0.8809044,76
PLA2G4E,Phospholipase A2 Group IVE,Protein Coding,0.8809044,76
RAB31,"RAB31, Member RAS Oncogene Family",Protein Coding,0.8809044,76
RAMP2,Receptor Activity Modifying Protein 2,Protein Coding,0.8809044,76
RNF146,Ring Finger Protein 146,Protein Coding,0.8809044,76
SIK2,Salt Inducible Kinase 2,Protein Coding,0.8809044,76
SLC16A10,Solute Carrier Family 16 Member 10,Protein Coding,0.8809044,76
SLC5A8,Solute Carrier Family 5 Member 8,Protein Coding,0.8809044,76
SLC9A7,Solute Carrier Family 9 Member A7,Protein Coding,0.8809044,76
STX2,Syntaxin 2,Protein Coding,0.8809044,76
TEAD3,TEA Domain Transcription Factor 3,Protein Coding,0.8809044,76
TRIM36,Tripartite Motif Containing 36,Protein Coding,0.8809044,76
YEATS2,YEATS Domain Containing 2,Protein Coding,0.8809044,76
ADGRB1,Adhesion G Protein-Coupled Receptor B1,Protein Coding,0.8809044,75
BICD1,BICD Cargo Adaptor 1,Protein Coding,0.8809044,75
BRD8,Bromodomain Containing 8,Protein Coding,0.8809044,75
CPA6,Carboxypeptidase A6,Protein Coding,0.8809044,75
DNMT3L,DNA Methyltransferase 3 Like,Protein Coding,0.8809044,75
ESRP1,Epithelial Splicing Regulatory Protein 1,Protein Coding,0.8809044,75
GAPDHS,"Glyceraldehyde-3-Phosphate Dehydrogenase, Spermatogenic",Protein Coding,0.8809044,75
HOMER3,Homer Scaffold Protein 3,Protein Coding,0.8809044,75
IQCE,IQ Motif Containing E,Protein Coding,0.8809044,75
MMP25,Matrix Metallopeptidase 25,Protein Coding,0.8809044,75
PDCD11,Programmed Cell Death 11,Protein Coding,0.8809044,75
RIT2,Ras Like Without CAAX 2,Protein Coding,0.8809044,75
SYN2,Synapsin II,Protein Coding,0.8809044,75
UBE2J2,Ubiquitin Conjugating Enzyme E2 J2,Protein Coding,0.8809044,75
WBP2,WW Domain Binding Protein 2,Protein Coding,0.8809044,75
AHDC1,AT-Hook DNA Binding Motif Containing 1,Protein Coding,0.8809044,74
CD164,CD164 Molecule,Protein Coding,0.8809044,74
E4F1,E4F Transcription Factor 1,Protein Coding,0.8809044,74
FBP2,Fructose-Bisphosphatase 2,Protein Coding,0.8809044,74
FOXJ1,Forkhead Box J1,Protein Coding,0.8809044,74
IL9R,Interleukin 9 Receptor,Protein Coding,0.8809044,74
KCNJ16,Potassium Inwardly Rectifying Channel Subfamily J Member 16,Protein Coding,0.8809044,74
MXI1,"MAX Interactor 1, Dimerization Protein",Protein Coding,0.8809044,74
PITPNA,Phosphatidylinositol Transfer Protein Alpha,Protein Coding,0.8809044,74
PTN,Pleiotrophin,Protein Coding,0.8809044,74
RNF34,Ring Finger Protein 34,Protein Coding,0.8809044,74
SCUBE3,"Signal Peptide, CUB Domain And EGF Like Domain Containing 3",Protein Coding,0.8809044,74
SLC1A7,Solute Carrier Family 1 Member 7,Protein Coding,0.8809044,74
SMPD2,Sphingomyelin Phosphodiesterase 2,Protein Coding,0.8809044,74
SPIDR,Scaffold Protein Involved In DNA Repair,Protein Coding,0.8809044,74
SSTR4,Somatostatin Receptor 4,Protein Coding,0.8809044,74
TAS1R3,Taste 1 Receptor Member 3,Protein Coding,0.8809044,74
TMX3,Thioredoxin Related Transmembrane Protein 3,Protein Coding,0.8809044,74
WIPI1,"WD Repeat Domain, Phosphoinositide Interacting 1",Protein Coding,0.8809044,74
ZNF385A,Zinc Finger Protein 385A,Protein Coding,0.8809044,74
ARHGEF19,Rho Guanine Nucleotide Exchange Factor 19,Protein Coding,0.8809044,73
B3GNT2,"UDP-GlcNAc:BetaGal Beta-1,3-N-Acetylglucosaminyltransferase 2",Protein Coding,0.8809044,73
CBY1,"Chibby 1, Beta Catenin Antagonist",Protein Coding,0.8809044,73
CEP76,Centrosomal Protein 76,Protein Coding,0.8809044,73
COX7A2,Cytochrome C Oxidase Subunit 7A2,Protein Coding,0.8809044,73
CRIM1,Cysteine Rich Transmembrane BMP Regulator 1,Protein Coding,0.8809044,73
DENND1A,DENN Domain Containing 1A,Protein Coding,0.8809044,73
DHX32,DEAH-Box Helicase 32 (Putative),Protein Coding,0.8809044,73
EIF4ENIF1,Eukaryotic Translation Initiation Factor 4E Nuclear Import Factor 1,Protein Coding,0.8809044,73
HCAR2,Hydroxycarboxylic Acid Receptor 2,Protein Coding,0.8809044,73
HLX,H2.0 Like Homeobox,Protein Coding,0.8809044,73
HOXB3,Homeobox B3,Protein Coding,0.8809044,73
HPS3,HPS3 Biogenesis Of Lysosomal Organelles Complex 2 Subunit 1,Protein Coding,0.8809044,73
ING2,Inhibitor Of Growth Family Member 2,Protein Coding,0.8809044,73
LIN9,Lin-9 DREAM MuvB Core Complex Component,Protein Coding,0.8809044,73
NMI,N-Myc And STAT Interactor,Protein Coding,0.8809044,73
NMU,Neuromedin U,Protein Coding,0.8809044,73
PCDHA4,Protocadherin Alpha 4,Protein Coding,0.8809044,73
PPP1R12B,Protein Phosphatase 1 Regulatory Subunit 12B,Protein Coding,0.8809044,73
RRAD,"RRAD, Ras Related Glycolysis Inhibitor And Calcium Channel Regulator",Protein Coding,0.8809044,73
SPARCL1,SPARC Like 1,Protein Coding,0.8809044,73
STK33,Serine/Threonine Kinase 33,Protein Coding,0.8809044,73
TASP1,Taspase 1,Protein Coding,0.8809044,73
UNC5A,Unc-5 Netrin Receptor A,Protein Coding,0.8809044,73
ZFP36L2,ZFP36 Like 2 Zinc Finger CCCH-Type,Protein Coding,0.8809044,73
ACBD6,Acyl-CoA Binding Domain Containing 6,Protein Coding,0.8809044,72
ATP6V1G2,ATPase H+ Transporting V1 Subunit G2,Protein Coding,0.8809044,72
CD177,CD177 Molecule,Protein Coding,0.8809044,72
CDX1,Caudal Type Homeobox 1,Protein Coding,0.8809044,72
CEP350,Centrosomal Protein 350,Protein Coding,0.8809044,72
CFHR4,Complement Factor H Related 4,Protein Coding,0.8809044,72
FBH1,F-Box DNA Helicase 1,Protein Coding,0.8809044,72
KIF2B,Kinesin Family Member 2B,Protein Coding,0.8809044,72
LRRC32,Leucine Rich Repeat Containing 32,Protein Coding,0.8809044,72
MAP3K15,Mitogen-Activated Protein Kinase Kinase Kinase 15,Protein Coding,0.8809044,72
MICALL2,MICAL Like 2,Protein Coding,0.8809044,72
MTX1,Metaxin 1,Protein Coding,0.8809044,72
NKX6-1,NK6 Homeobox 1,Protein Coding,0.8809044,72
OPCML,Opioid Binding Protein/Cell Adhesion Molecule Like,Protein Coding,0.8809044,72
PARP16,Poly(ADP-Ribose) Polymerase Family Member 16,Protein Coding,0.8809044,72
PRMT8,Protein Arginine Methyltransferase 8,Protein Coding,0.8809044,72
RC3H2,Ring Finger And CCCH-Type Domains 2,Protein Coding,0.8809044,72
RPL41,Ribosomal Protein L41,Protein Coding,0.8809044,72
SAMD9,Sterile Alpha Motif Domain Containing 9,Protein Coding,0.8809044,72
SGIP1,SH3GL Interacting Endocytic Adaptor 1,Protein Coding,0.8809044,72
SHC4,SHC Adaptor Protein 4,Protein Coding,0.8809044,72
SLC23A2,Solute Carrier Family 23 Member 2,Protein Coding,0.8809044,72
TBC1D8B,TBC1 Domain Family Member 8B,Protein Coding,0.8809044,72
TSPEAR,Thrombospondin Type Laminin G Domain And EAR Repeats,Protein Coding,0.8809044,72
ZNF592,Zinc Finger Protein 592,Protein Coding,0.8809044,72
ABCA6,ATP Binding Cassette Subfamily A Member 6,Protein Coding,0.8809044,71
ALKBH3,"AlkB Homolog 3, Alpha-Ketoglutarate Dependent Dioxygenase",Protein Coding,0.8809044,71
ATG2A,Autophagy Related 2A,Protein Coding,0.8809044,71
BCL7B,BAF Chromatin Remodeling Complex Subunit BCL7B,Protein Coding,0.8809044,71
CNTNAP4,Contactin Associated Protein Family Member 4,Protein Coding,0.8809044,71
DGKI,Diacylglycerol Kinase Iota,Protein Coding,0.8809044,71
HMBOX1,Homeobox Containing 1,Protein Coding,0.8809044,71
KHDRBS2,"KH RNA Binding Domain Containing, Signal Transduction Associated 2",Protein Coding,0.8809044,71
MYBPC2,Myosin Binding Protein C2,Protein Coding,0.8809044,71
NAV3,Neuron Navigator 3,Protein Coding,0.8809044,71
PIWIL4,Piwi Like RNA-Mediated Gene Silencing 4,Protein Coding,0.8809044,71
PXK,PX Domain Containing Serine/Threonine Kinase Like,Protein Coding,0.8809044,71
REC8,REC8 Meiotic Recombination Protein,Protein Coding,0.8809044,71
SMC1B,Structural Maintenance Of Chromosomes 1B,Protein Coding,0.8809044,71
TRIM6,Tripartite Motif Containing 6,Protein Coding,0.8809044,71
WDR18,WD Repeat Domain 18,Protein Coding,0.8809044,71
ZBTB38,Zinc Finger And BTB Domain Containing 38,Protein Coding,0.8809044,71
ZNF263,Zinc Finger Protein 263,Protein Coding,0.8809044,71
ACAP1,"ArfGAP With Coiled-Coil, Ankyrin Repeat And PH Domains 1",Protein Coding,0.8809044,70
CCL16,C-C Motif Chemokine Ligand 16,Protein Coding,0.8809044,70
CD1E,CD1e Molecule,Protein Coding,0.8809044,70
CKMT1A,"Creatine Kinase, Mitochondrial 1A",Protein Coding,0.8809044,70
CLDN11,Claudin 11,Protein Coding,0.8809044,70
CLSTN3,Calsyntenin 3,Protein Coding,0.8809044,70
COX7B,Cytochrome C Oxidase Subunit 7B,Protein Coding,0.8809044,70
CPNE7,Copine 7,Protein Coding,0.8809044,70
DPP8,Dipeptidyl Peptidase 8,Protein Coding,0.8809044,70
FBLIM1,Filamin Binding LIM Protein 1,Protein Coding,0.8809044,70
FBXL7,F-Box And Leucine Rich Repeat Protein 7,Protein Coding,0.8809044,70
FRMPD1,FERM And PDZ Domain Containing 1,Protein Coding,0.8809044,70
ICAM4,Intercellular Adhesion Molecule 4 (Landsteiner-Wiener Blood Group),Protein Coding,0.8809044,70
ID4,Inhibitor Of DNA Binding 4,Protein Coding,0.8809044,70
ISCA2,Iron-Sulfur Cluster Assembly 2,Protein Coding,0.8809044,70
KANSL3,KAT8 Regulatory NSL Complex Subunit 3,Protein Coding,0.8809044,70
LDB2,LIM Domain Binding 2,Protein Coding,0.8809044,70
LMTK2,Lemur Tyrosine Kinase 2,Protein Coding,0.8809044,70
LRIG2,Leucine Rich Repeats And Immunoglobulin Like Domains 2,Protein Coding,0.8809044,70
MAP7,Microtubule Associated Protein 7,Protein Coding,0.8809044,70
MED22,Mediator Complex Subunit 22,Protein Coding,0.8809044,70
MKRN2,Makorin Ring Finger Protein 2,Protein Coding,0.8809044,70
NDOR1,NADPH Dependent Diflavin Oxidoreductase 1,Protein Coding,0.8809044,70
NRTN,Neurturin,Protein Coding,0.8809044,70
PAG1,Phosphoprotein Membrane Anchor With Glycosphingolipid Microdomains 1,Protein Coding,0.8809044,70
POU2F3,POU Class 2 Homeobox 3,Protein Coding,0.8809044,70
REPS2,RALBP1 Associated Eps Domain Containing 2,Protein Coding,0.8809044,70
SENP5,SUMO Specific Peptidase 5,Protein Coding,0.8809044,70
SHOX2,SHOX Homeobox 2,Protein Coding,0.8809044,70
SLC5A11,Solute Carrier Family 5 Member 11,Protein Coding,0.8809044,70
SOX13,SRY-Box Transcription Factor 13,Protein Coding,0.8809044,70
TENM2,Teneurin Transmembrane Protein 2,Protein Coding,0.8809044,70
TMEM126B,Transmembrane Protein 126B,Protein Coding,0.8809044,70
WNT8A,Wnt Family Member 8A,Protein Coding,0.8809044,70
ZNF224,Zinc Finger Protein 224,Protein Coding,0.8809044,70
ZNF74,Zinc Finger Protein 74,Protein Coding,0.8809044,70
AHCYL2,Adenosylhomocysteinase Like 2,Protein Coding,0.8809044,69
ASTN1,Astrotactin 1,Protein Coding,0.8809044,69
BCL2L13,BCL2 Like 13,Protein Coding,0.8809044,69
CD7,CD7 Molecule,Protein Coding,0.8809044,69
CDHR5,Cadherin Related Family Member 5,Protein Coding,0.8809044,69
CRHBP,Corticotropin Releasing Hormone Binding Protein,Protein Coding,0.8809044,69
CTRL,Chymotrypsin Like,Protein Coding,0.8809044,69
DHX34,DExH-Box Helicase 34,Protein Coding,0.8809044,69
DLGAP4,DLG Associated Protein 4,Protein Coding,0.8809044,69
FUCA2,Alpha-L-Fucosidase 2,Protein Coding,0.8809044,69
FXYD6,FXYD Domain Containing Ion Transport Regulator 6,Protein Coding,0.8809044,69
GIGYF1,GRB10 Interacting GYF Protein 1,Protein Coding,0.8809044,69
HAS3,Hyaluronan Synthase 3,Protein Coding,0.8809044,69
KATNAL1,Katanin Catalytic Subunit A1 Like 1,Protein Coding,0.8809044,69
KRT12,Keratin 12,Protein Coding,0.8809044,69
LMO3,LIM Domain Only 3,Protein Coding,0.8809044,69
NSUN6,NOP2/Sun RNA Methyltransferase 6,Protein Coding,0.8809044,69
POU3F1,POU Class 3 Homeobox 1,Protein Coding,0.8809044,69
PSMA8,Proteasome 20S Subunit Alpha 8,Protein Coding,0.8809044,69
RAB2B,"RAB2B, Member RAS Oncogene Family",Protein Coding,0.8809044,69
RBM4B,RNA Binding Motif Protein 4B,Protein Coding,0.8809044,69
RETN,Resistin,Protein Coding,0.8809044,69
RRP9,"Ribosomal RNA Processing 9, U3 Small Nucleolar RNA Binding Protein",Protein Coding,0.8809044,69
SENP7,SUMO Specific Peptidase 7,Protein Coding,0.8809044,69
SLC13A2,Solute Carrier Family 13 Member 2,Protein Coding,0.8809044,69
SPDEF,SAM Pointed Domain Containing ETS Transcription Factor,Protein Coding,0.8809044,69
TNFAIP6,TNF Alpha Induced Protein 6,Protein Coding,0.8809044,69
USP49,Ubiquitin Specific Peptidase 49,Protein Coding,0.8809044,69
ZC3HC1,Zinc Finger C3HC-Type Containing 1,Protein Coding,0.8809044,69
ADARB2,Adenosine Deaminase RNA Specific B2 (Inactive),Protein Coding,0.8809044,68
ANXA13,Annexin A13,Protein Coding,0.8809044,68
ATG10,Autophagy Related 10,Protein Coding,0.8809044,68
AURKAIP1,Aurora Kinase A Interacting Protein 1,Protein Coding,0.8809044,68
CALML3,Calmodulin Like 3,Protein Coding,0.8809044,68
CDC42EP3,CDC42 Effector Protein 3,Protein Coding,0.8809044,68
CLEC5A,C-Type Lectin Domain Containing 5A,Protein Coding,0.8809044,68
DUSP12,Dual Specificity Phosphatase 12,Protein Coding,0.8809044,68
FKBP15,FKBP Prolyl Isomerase Family Member 15,Protein Coding,0.8809044,68
GOLGA7,Golgin A7,Protein Coding,0.8809044,68
GPR84,G Protein-Coupled Receptor 84,Protein Coding,0.8809044,68
H2BC7,H2B Clustered Histone 7,Protein Coding,0.8809044,68
HOXB6,Homeobox B6,Protein Coding,0.8809044,68
HSPB2,Heat Shock Protein Family B (Small) Member 2,Protein Coding,0.8809044,68
MPPE1,Metallophosphoesterase 1,Protein Coding,0.8809044,68
MUC12,"Mucin 12, Cell Surface Associated",Protein Coding,0.8809044,68
MYH1,Myosin Heavy Chain 1,Protein Coding,0.8809044,68
MYH13,Myosin Heavy Chain 13,Protein Coding,0.8809044,68
NDST2,N-Deacetylase And N-Sulfotransferase 2,Protein Coding,0.8809044,68
PARD6G,Par-6 Family Cell Polarity Regulator Gamma,Protein Coding,0.8809044,68
PCBP3,Poly(RC) Binding Protein 3,Protein Coding,0.8809044,68
RPH3AL,Rabphilin 3A Like (Without C2 Domains),Protein Coding,0.8809044,68
SCD5,Stearoyl-CoA Desaturase 5,Protein Coding,0.8809044,68
TNFSF8,TNF Superfamily Member 8,Protein Coding,0.8809044,68
TPD52,Tumor Protein D52,Protein Coding,0.8809044,68
TRB,T Cell Receptor Beta Locus,Protein Coding,0.8809044,68
AFMID,Arylformamidase,Protein Coding,0.8809044,67
ART4,ADP-Ribosyltransferase 4 (Inactive) (Dombrock Blood Group),Protein Coding,0.8809044,67
BNC1,Basonuclin Zinc Finger Protein 1,Protein Coding,0.8809044,67
CNDP1,Carnosine Dipeptidase 1,Protein Coding,0.8809044,67
DPH2,Diphthamide Biosynthesis 2,Protein Coding,0.8809044,67
DUSP13B,Dual Specificity Phosphatase 13B,Protein Coding,0.8809044,67
FAIM2,Fas Apoptotic Inhibitory Molecule 2,Protein Coding,0.8809044,67
FBXO44,F-Box Protein 44,Protein Coding,0.8809044,67
GSX2,GS Homeobox 2,Protein Coding,0.8809044,67
HAS1,Hyaluronan Synthase 1,Protein Coding,0.8809044,67
HEMK2,"HemK Methyltransferase 2, ETF1 Glutamine And Histone H4 Lysine",Protein Coding,0.8809044,67
HOXB8,Homeobox B8,Protein Coding,0.8809044,67
ICE2,Interactor Of Little Elongation Complex ELL Subunit 2,Protein Coding,0.8809044,67
INO80C,INO80 Complex Subunit C,Protein Coding,0.8809044,67
JAZF1,JAZF Zinc Finger 1,Protein Coding,0.8809044,67
LAMTOR4,"Late Endosomal/Lysosomal Adaptor, MAPK And MTOR Activator 4",Protein Coding,0.8809044,67
MMP26,Matrix Metallopeptidase 26,Protein Coding,0.8809044,67
OXGR1,Oxoglutarate Receptor 1,Protein Coding,0.8809044,67
PABPC1L,Poly(A) Binding Protein Cytoplasmic 1 Like,Protein Coding,0.8809044,67
SCUBE1,"Signal Peptide, CUB Domain And EGF Like Domain Containing 1",Protein Coding,0.8809044,67
SEC61G,SEC61 Translocon Subunit Gamma,Protein Coding,0.8809044,67
SLC41A3,Solute Carrier Family 41 Member 3,Protein Coding,0.8809044,67
SLC5A10,Solute Carrier Family 5 Member 10,Protein Coding,0.8809044,67
SLC5A12,Solute Carrier Family 5 Member 12,Protein Coding,0.8809044,67
SNX19,Sorting Nexin 19,Protein Coding,0.8809044,67
STYXL1,Serine/Threonine/Tyrosine Interacting Like 1,Protein Coding,0.8809044,67
SULT1C4,Sulfotransferase Family 1C Member 4,Protein Coding,0.8809044,67
UBXN11,UBX Domain Protein 11,Protein Coding,0.8809044,67
UGT2A1,UDP Glucuronosyltransferase Family 2 Member A1 Complex Locus,Protein Coding,0.8809044,67
ZNF354A,Zinc Finger Protein 354A,Protein Coding,0.8809044,67
ZNF568,Zinc Finger Protein 568,Protein Coding,0.8809044,67
ZNF655,Zinc Finger Protein 655,Protein Coding,0.8809044,67
ACP6,"Acid Phosphatase 6, Lysophosphatidic",Protein Coding,0.8809044,66
AGBL2,AGBL Carboxypeptidase 2,Protein Coding,0.8809044,66
APOC4,Apolipoprotein C4,Protein Coding,0.8809044,66
BBOF1,Basal Body Orientation Factor 1,Protein Coding,0.8809044,66
C1D,C1D Nuclear Receptor Corepressor,Protein Coding,0.8809044,66
CHST12,Carbohydrate Sulfotransferase 12,Protein Coding,0.8809044,66
DMXL1,Dmx Like 1,Protein Coding,0.8809044,66
DUSP14,Dual Specificity Phosphatase 14,Protein Coding,0.8809044,66
GALNT5,Polypeptide N-Acetylgalactosaminyltransferase 5,Protein Coding,0.8809044,66
GBA3,Glucosylceramidase Beta 3 (Gene/Pseudogene),Protein Coding,0.8809044,66
HOXD9,Homeobox D9,Protein Coding,0.8809044,66
IGSF3,Immunoglobulin Superfamily Member 3,Protein Coding,0.8809044,66
MARCHF2,Membrane Associated Ring-CH-Type Finger 2,Protein Coding,0.8809044,66
MDFI,MyoD Family Inhibitor,Protein Coding,0.8809044,66
MFSD12,Major Facilitator Superfamily Domain Containing 12,Protein Coding,0.8809044,66
NAA20,"N-Alpha-Acetyltransferase 20, NatB Catalytic Subunit",Protein Coding,0.8809044,66
PNPLA4,"Patatin Like Domain 4, Phospholipase And Triacylglycerol Lipase ",Protein Coding,0.8809044,66
RABL2A,"RAB, Member Of RAS Oncogene Family Like 2A",Protein Coding,0.8809044,66
RO60,"Ro60, Y RNA Binding Protein",Protein Coding,0.8809044,66
RUFY3,RUN And FYVE Domain Containing 3,Protein Coding,0.8809044,66
SPECC1,Sperm Antigen With Calponin Homology And Coiled-Coil Domains 1,Protein Coding,0.8809044,66
SPSB2,SplA/Ryanodine Receptor Domain And SOCS Box Containing 2,Protein Coding,0.8809044,66
SYCP1,Synaptonemal Complex Protein 1,Protein Coding,0.8809044,66
TLX3,T Cell Leukemia Homeobox 3,Protein Coding,0.8809044,66
TOR1B,Torsin Family 1 Member B,Protein Coding,0.8809044,66
TTLL6,Tubulin Tyrosine Ligase Like 6,Protein Coding,0.8809044,66
UGT2B28,UDP Glucuronosyltransferase Family 2 Member B28,Protein Coding,0.8809044,66
WNT8B,Wnt Family Member 8B,Protein Coding,0.8809044,66
ZSCAN21,Zinc Finger And SCAN Domain Containing 21,Protein Coding,0.8809044,66
ABHD10,"Abhydrolase Domain Containing 10, Depalmitoylase",Protein Coding,0.8809044,65
B3GNT7,"UDP-GlcNAc:BetaGal Beta-1,3-N-Acetylglucosaminyltransferase 7",Protein Coding,0.8809044,65
CKMT1B,"Creatine Kinase, Mitochondrial 1B",Protein Coding,0.8809044,65
DUOXA1,Dual Oxidase Maturation Factor 1,Protein Coding,0.8809044,65
DUSP26,Dual Specificity Phosphatase 26,Protein Coding,0.8809044,65
EFR3A,EFR3 Homolog A,Protein Coding,0.8809044,65
ENTPD1-AS1,ENTPD1 Antisense RNA 1,RNA Gene,0.8809044,65
FITM2,Fat Storage Inducing Transmembrane Protein 2,Protein Coding,0.8809044,65
GALNT4,Polypeptide N-Acetylgalactosaminyltransferase 4,Protein Coding,0.8809044,65
GLCE,Glucuronic Acid Epimerase,Protein Coding,0.8809044,65
GPR50,G Protein-Coupled Receptor 50,Protein Coding,0.8809044,65
HACD2,3-Hydroxyacyl-CoA Dehydratase 2,Protein Coding,0.8809044,65
INA,Internexin Neuronal Intermediate Filament Protein Alpha,Protein Coding,0.8809044,65
LYPD1,LY6/PLAUR Domain Containing 1,Protein Coding,0.8809044,65
LZTS2,Leucine Zipper Tumor Suppressor 2,Protein Coding,0.8809044,65
MESP1,Mesoderm Posterior BHLH Transcription Factor 1,Protein Coding,0.8809044,65
MIOS,Meiosis Regulator For Oocyte Development,Protein Coding,0.8809044,65
PCDHGA8,"Protocadherin Gamma Subfamily A, 8",Protein Coding,0.8809044,65
PTCD1,Pentatricopeptide Repeat Domain 1,Protein Coding,0.8809044,65
PTDSS2,Phosphatidylserine Synthase 2,Protein Coding,0.8809044,65
RABEPK,Rab9 Effector Protein With Kelch Motifs,Protein Coding,0.8809044,65
RAET1E,Retinoic Acid Early Transcript 1E,Protein Coding,0.8809044,65
RAP2B,"RAP2B, Member Of RAS Oncogene Family",Protein Coding,0.8809044,65
RLN2,Relaxin 2,Protein Coding,0.8809044,65
SAMSN1,"SAM Domain, SH3 Domain And Nuclear Localization Signals 1",Protein Coding,0.8809044,65
SEZ6L2,Seizure Related 6 Homolog Like 2,Protein Coding,0.8809044,65
SKAP2,Src Kinase Associated Phosphoprotein 2,Protein Coding,0.8809044,65
SNRPGP15,Small Nuclear Ribonucleoprotein Polypeptide G Pseudogene 15,Pseudogene,0.8809044,65
TPST1,Tyrosylprotein Sulfotransferase 1,Protein Coding,0.8809044,65
TRIM72,Tripartite Motif Containing 72,Protein Coding,0.8809044,65
TRO,Trophinin,Protein Coding,0.8809044,65
WWC2,WW And C2 Domain Containing 2,Protein Coding,0.8809044,65
ZNF236,Zinc Finger Protein 236,Protein Coding,0.8809044,65
ZNF532,Zinc Finger Protein 532,Protein Coding,0.8809044,65
AKAP3,A-Kinase Anchoring Protein 3,Protein Coding,0.8809044,64
APCDD1,APC Down-Regulated 1,Protein Coding,0.8809044,64
DCBLD2,"Discoidin, CUB And LCCL Domain Containing 2",Protein Coding,0.8809044,64
DENND5B,DENN Domain Containing 5B,Protein Coding,0.8809044,64
DMBX1,Diencephalon/Mesencephalon Homeobox 1,Protein Coding,0.8809044,64
FBXO10,F-Box Protein 10,Protein Coding,0.8809044,64
GSDMA,Gasdermin A,Protein Coding,0.8809044,64
HSF2BP,Heat Shock Transcription Factor 2 Binding Protein,Protein Coding,0.8809044,64
KDM4D,Lysine Demethylase 4D,Protein Coding,0.8809044,64
MBNL2,Muscleblind Like Splicing Regulator 2,Protein Coding,0.8809044,64
PCDH11X,Protocadherin 11 X-Linked,Protein Coding,0.8809044,64
SOX30,SRY-Box Transcription Factor 30,Protein Coding,0.8809044,64
SPOCD1,SPOC Domain Containing 1,Protein Coding,0.8809044,64
TCHP,Trichoplein Keratin Filament Binding,Protein Coding,0.8809044,64
TMC2,Transmembrane Channel Like 2,Protein Coding,0.8809044,64
TMED1,Transmembrane P24 Trafficking Protein 1,Protein Coding,0.8809044,64
TNNI1,"Troponin I1, Slow Skeletal Type",Protein Coding,0.8809044,64
TRAPPC14,Trafficking Protein Particle Complex Subunit 14,Protein Coding,0.8809044,64
TRIM34,Tripartite Motif Containing 34,Protein Coding,0.8809044,64
TSPAN5,Tetraspanin 5,Protein Coding,0.8809044,64
ZNF692,Zinc Finger Protein 692,Protein Coding,0.8809044,64
ADAMTSL5,ADAMTS Like 5,Protein Coding,0.8809044,63
CFAP45,Cilia And Flagella Associated Protein 45,Protein Coding,0.8809044,63
FAM107A,Family With Sequence Similarity 107 Member A,Protein Coding,0.8809044,63
FBXO24,F-Box Protein 24,Protein Coding,0.8809044,63
MED18,Mediator Complex Subunit 18,Protein Coding,0.8809044,63
MIR208A,MicroRNA 208a,RNA Gene,0.8809044,63
MIXL1,Mix Paired-Like Homeobox,Protein Coding,0.8809044,63
NLRP11,NLR Family Pyrin Domain Containing 11,Protein Coding,0.8809044,63
OTUB2,"OTU Deubiquitinase, Ubiquitin Aldehyde Binding 2",Protein Coding,0.8809044,63
PCDH18,Protocadherin 18,Protein Coding,0.8809044,63
PHETA1,PH Domain Containing Endocytic Trafficking Adaptor 1,Protein Coding,0.8809044,63
PPP1R18,Protein Phosphatase 1 Regulatory Subunit 18,Protein Coding,0.8809044,63
PRTG,Protogenin,Protein Coding,0.8809044,63
QRFPR,Pyroglutamylated RFamide Peptide Receptor,Protein Coding,0.8809044,63
RMC1,Regulator Of MON1-CCZ1,Protein Coding,0.8809044,63
SCAI,Suppressor Of Cancer Cell Invasion,Protein Coding,0.8809044,63
SLC22A14,Solute Carrier Family 22 Member 14,Protein Coding,0.8809044,63
SLC44A5,Solute Carrier Family 44 Member 5,Protein Coding,0.8809044,63
STYK1,Serine/Threonine/Tyrosine Kinase 1,Protein Coding,0.8809044,63
SUSD2,Sushi Domain Containing 2,Protein Coding,0.8809044,63
SYNJ2BP,Synaptojanin 2 Binding Protein,Protein Coding,0.8809044,63
SYT3,Synaptotagmin 3,Protein Coding,0.8809044,63
TOR1AIP2,Torsin 1A Interacting Protein 2,Protein Coding,0.8809044,63
TRIM44,Tripartite Motif Containing 44,Protein Coding,0.8809044,63
TSPAN33,Tetraspanin 33,Protein Coding,0.8809044,63
TWSG1,Twisted Gastrulation BMP Signaling Modulator 1,Protein Coding,0.8809044,63
TXNDC11,Thioredoxin Domain Containing 11,Protein Coding,0.8809044,63
USP38,Ubiquitin Specific Peptidase 38,Protein Coding,0.8809044,63
ZBTB8OS,Zinc Finger And BTB Domain Containing 8 Opposite Strand,Protein Coding,0.8809044,63
ZNF91,Zinc Finger Protein 91,Protein Coding,0.8809044,63
ZNF93,Zinc Finger Protein 93,Protein Coding,0.8809044,63
ZSCAN20,Zinc Finger And SCAN Domain Containing 20,Protein Coding,0.8809044,63
ACTR3B,Actin Related Protein 3B,Protein Coding,0.8809044,62
ARPC5L,Actin Related Protein 2/3 Complex Subunit 5 Like,Protein Coding,0.8809044,62
ART1,ADP-Ribosyltransferase 1,Protein Coding,0.8809044,62
CFAP221,Cilia And Flagella Associated Protein 221,Protein Coding,0.8809044,62
DELEC1,Deleted In Esophageal Cancer 1,RNA Gene,0.8809044,62
DNAJC15,DnaJ Heat Shock Protein Family (Hsp40) Member C15,Protein Coding,0.8809044,62
DRC8,Dynein Regulatory Complex Subunit 8,Protein Coding,0.8809044,62
DUSP18,Dual Specificity Phosphatase 18,Protein Coding,0.8809044,62
ENKUR,"Enkurin, TRPC Channel Interacting Protein",Protein Coding,0.8809044,62
FBXO15,F-Box Protein 15,Protein Coding,0.8809044,62
FMO4,Flavin Containing Dimethylaniline Monoxygenase 4,Protein Coding,0.8809044,62
IFI44L,Interferon Induced Protein 44 Like,Protein Coding,0.8809044,62
INTS10,Integrator Complex Subunit 10,Protein Coding,0.8809044,62
KCTD8,Potassium Channel Tetramerization Domain Containing 8,Protein Coding,0.8809044,62
KLRF1,Killer Cell Lectin Like Receptor F1,Protein Coding,0.8809044,62
MEMO1,Mediator Of Cell Motility 1,Protein Coding,0.8809044,62
MIA,MIA SH3 Domain Containing,Protein Coding,0.8809044,62
PID1,Phosphotyrosine Interaction Domain Containing 1,Protein Coding,0.8809044,62
PRIMA1,Proline Rich Membrane Anchor 1,Protein Coding,0.8809044,62
PUS7L,Pseudouridine Synthase 7 Like,Protein Coding,0.8809044,62
RASSF7,Ras Association Domain Family Member 7,Protein Coding,0.8809044,62
SGTB,Small Glutamine Rich Tetratricopeptide Repeat Co-Chaperone Beta,Protein Coding,0.8809044,62
SLC2A4RG,SLC2A4 Regulator,Protein Coding,0.8809044,62
SLCO1B7,Solute Carrier Organic Anion Transporter Family Member 1B7 (Putative),Pseudogene,0.8809044,62
TINAG,Tubulointerstitial Nephritis Antigen,Protein Coding,0.8809044,62
ULBP3,UL16 Binding Protein 3,Protein Coding,0.8809044,62
USP32,Ubiquitin Specific Peptidase 32,Protein Coding,0.8809044,62
ZNF100,Zinc Finger Protein 100,Protein Coding,0.8809044,62
ZNF185,Zinc Finger Protein 185 With LIM Domain,Protein Coding,0.8809044,62
ZNF334,Zinc Finger Protein 334,Protein Coding,0.8809044,62
ZNF436,Zinc Finger Protein 436,Protein Coding,0.8809044,62
ABTB3,Ankyrin Repeat And BTB Domain Containing 3,Protein Coding,0.8809044,61
ATXN8OS,ATXN8 Opposite Strand LncRNA,RNA Gene,0.8809044,61
BTG4,BTG Anti-Proliferation Factor 4,Protein Coding,0.8809044,61
CDADC1,Cytidine And DCMP Deaminase Domain Containing 1,Protein Coding,0.8809044,61
CLTRN,"Collectrin, Amino Acid Transport Regulator",Protein Coding,0.8809044,61
DCAKD,Dephospho-CoA Kinase Domain Containing,Protein Coding,0.8809044,61
DTHD1,Death Domain Containing 1,Protein Coding,0.8809044,61
EGFL6,EGF Like Domain Multiple 6,Protein Coding,0.8809044,61
EMC3,ER Membrane Protein Complex Subunit 3,Protein Coding,0.8809044,61
GJD4,Gap Junction Protein Delta 4,Protein Coding,0.8809044,61
GLYATL1,Glycine-N-Acyltransferase Like 1,Protein Coding,0.8809044,61
GRAMD1C,GRAM Domain Containing 1C,Protein Coding,0.8809044,61
IL26,Interleukin 26,Protein Coding,0.8809044,61
KICS2,KICSTOR Subunit 2,Protein Coding,0.8809044,61
LIN52,Lin-52 DREAM MuvB Core Complex Component,Protein Coding,0.8809044,61
MANEA,Mannosidase Endo-Alpha,Protein Coding,0.8809044,61
MRPS33,Mitochondrial Ribosomal Protein S33,Protein Coding,0.8809044,61
MSC,Musculin,Protein Coding,0.8809044,61
MZB1,Marginal Zone B And B1 Cell Specific Protein,Protein Coding,0.8809044,61
NUDT19,Nudix Hydrolase 19,Protein Coding,0.8809044,61
PIPSL,PIP5K1A And PSMD4 Like (Pseudogene),Pseudogene,0.8809044,61
PPP1R26,Protein Phosphatase 1 Regulatory Subunit 26,Protein Coding,0.8809044,61
SLC16A11,Solute Carrier Family 16 Member 11,Protein Coding,0.8809044,61
STXBP6,Syntaxin Binding Protein 6,Protein Coding,0.8809044,61
SYAP1,Synapse Associated Protein 1,Protein Coding,0.8809044,61
TBC1D30,TBC1 Domain Family Member 30,Protein Coding,0.8809044,61
TDRD6,Tudor Domain Containing 6,Protein Coding,0.8809044,61
TESC,Tescalcin,Protein Coding,0.8809044,61
TMIGD2,Transmembrane And Immunoglobulin Domain Containing 2,Protein Coding,0.8809044,61
TRNAU1AP,TRNA Selenocysteine 1 Associated Protein 1,Protein Coding,0.8809044,61
URB1,URB1 Ribosome Biogenesis Factor,Protein Coding,0.8809044,61
ZC3H7B,Zinc Finger CCCH-Type Containing 7B,Protein Coding,0.8809044,61
ZNF107,Zinc Finger Protein 107,Protein Coding,0.8809044,61
ZNF232,Zinc Finger Protein 232,Protein Coding,0.8809044,61
ZNF235,Zinc Finger Protein 235,Protein Coding,0.8809044,61
ZNF558,Zinc Finger Protein 558,Protein Coding,0.8809044,61
ZNF641,Zinc Finger Protein 641,Protein Coding,0.8809044,61
CHODL,Chondrolectin,Protein Coding,0.8809044,60
CNNM1,Cyclin And CBS Domain Divalent Metal Cation Transport Mediator 1,Protein Coding,0.8809044,60
CUTA,CutA Divalent Cation Tolerance Homolog,Protein Coding,0.8809044,60
DCAF15,DDB1 And CUL4 Associated Factor 15,Protein Coding,0.8809044,60
DND1,DND MicroRNA-Mediated Repression Inhibitor 1,Protein Coding,0.8809044,60
FBXW12,F-Box And WD Repeat Domain Containing 12,Protein Coding,0.8809044,60
GPR87,G Protein-Coupled Receptor 87,Protein Coding,0.8809044,60
IGHG3,Immunoglobulin Heavy Constant Gamma 3 (G3m Marker),Protein Coding,0.8809044,60
IL31,Interleukin 31,Protein Coding,0.8809044,60
KCTD11,Potassium Channel Tetramerization Domain Containing 11,Protein Coding,0.8809044,60
KRT24,Keratin 24,Protein Coding,0.8809044,60
LCTL,Lactase Like,Protein Coding,0.8809044,60
MIDEAS,Mitotic Deacetylase Associated SANT Domain Protein,Protein Coding,0.8809044,60
MIR323A,MicroRNA 323a,RNA Gene,0.8809044,60
NAA11,"N-Alpha-Acetyltransferase 11, NatA Catalytic Subunit",Protein Coding,0.8809044,60
NSUN5P2,NSUN5 Pseudogene 2,Pseudogene,0.8809044,60
PCDHAC2,"Protocadherin Alpha Subfamily C, 2",Protein Coding,0.8809044,60
PIGZ,Phosphatidylinositol Glycan Anchor Biosynthesis Class Z (Gwada Blood Group),Protein Coding,0.8809044,60
QTMAN,Queuosine-TRNA Mannosyltransferase,Protein Coding,0.8809044,60
RNF26,Ring Finger Protein 26,Protein Coding,0.8809044,60
SCML2,Scm Polycomb Group Protein Like 2,Protein Coding,0.8809044,60
SLC25A48,Solute Carrier Family 25 Member 48,Protein Coding,0.8809044,60
SMPDL3A,Sphingomyelin Phosphodiesterase Acid Like 3A,Protein Coding,0.8809044,60
SYNGR2,Synaptogyrin 2,Protein Coding,0.8809044,60
TOMM5,Translocase Of Outer Mitochondrial Membrane 5,Protein Coding,0.8809044,60
TRPT1,TRNA Phosphotransferase 1,Protein Coding,0.8809044,60
TSPAN9,Tetraspanin 9,Protein Coding,0.8809044,60
ZBED3,Zinc Finger BED-Type Containing 3,Protein Coding,0.8809044,60
ZNF208,Zinc Finger Protein 208,Protein Coding,0.8809044,60
ZNF395,Zinc Finger Protein 395,Protein Coding,0.8809044,60
ZNF557,Zinc Finger Protein 557,Protein Coding,0.8809044,60
ZNF781,Zinc Finger Protein 781 (Pseudogene),Pseudogene,0.8809044,60
AKR1B15,Aldo-Keto Reductase Family 1 Member B15,Protein Coding,0.8809044,59
CDC37L1,"Cell Division Cycle 37 Like 1, HSP90 Cochaperone",Protein Coding,0.8809044,59
CDYL2,Chromodomain Y Like 2,Protein Coding,0.8809044,59
COMMD8,COMM Domain Containing 8,Protein Coding,0.8809044,59
DBF4B,DBF4B-CDC7 Kinase Regulatory Subunit,Protein Coding,0.8809044,59
EGILA,EGFR Interacting LncRNA,RNA Gene,0.8809044,59
GPR171,G Protein-Coupled Receptor 171,Protein Coding,0.8809044,59
KRT35,Keratin 35,Protein Coding,0.8809044,59
LRRC15,Leucine Rich Repeat Containing 15,Protein Coding,0.8809044,59
MLF2,Myeloid Leukemia Factor 2,Protein Coding,0.8809044,59
MT1DP,"Metallothionein 1D, Pseudogene",Pseudogene,0.8809044,59
NPTX2,Neuronal Pentraxin 2,Protein Coding,0.8809044,59
PURB,Purine Rich Element Binding Protein B,Protein Coding,0.8809044,59
REG1B,Regenerating Family Member 1 Beta,Protein Coding,0.8809044,59
RLN3,Relaxin 3,Protein Coding,0.8809044,59
RNF187,Ring Finger Protein 187,Protein Coding,0.8809044,59
SCARA3,Scavenger Receptor Class A Member 3,Protein Coding,0.8809044,59
SLITRK4,SLIT And NTRK Like Family Member 4,Protein Coding,0.8809044,59
THAP9,THAP Domain Containing 9,Protein Coding,0.8809044,59
THEMIS2,Thymocyte Selection Associated Family Member 2,Protein Coding,0.8809044,59
TMCC1,Transmembrane And Coiled-Coil Domain Family 1,Protein Coding,0.8809044,59
TMEM79,Transmembrane Protein 79,Protein Coding,0.8809044,59
UQCRFS1P1,"Ubiquinol-Cytochrome C Reductase, Rieske Iron-Sulfur Polypeptide 1 Pseudogene 1",Pseudogene,0.8809044,59
ZCCHC14,Zinc Finger CCHC-Type Containing 14,Protein Coding,0.8809044,59
ZMYND19,Zinc Finger MYND-Type Containing 19,Protein Coding,0.8809044,59
ZNF311,Zinc Finger Protein 311,Protein Coding,0.8809044,59
ZNF540,Zinc Finger Protein 540,Protein Coding,0.8809044,59
ZSCAN9,Zinc Finger And SCAN Domain Containing 9,Protein Coding,0.8809044,59
AGR3,"Anterior Gradient 3, Protein Disulphide Isomerase Family Member",Protein Coding,0.8809044,58
CCNI,Cyclin I,Protein Coding,0.8809044,58
DNAJC14,DnaJ Heat Shock Protein Family (Hsp40) Member C14,Protein Coding,0.8809044,58
FBXO42,F-Box Protein 42,Protein Coding,0.8809044,58
FBXW9,F-Box And WD Repeat Domain Containing 9,Protein Coding,0.8809044,58
KRT73,Keratin 73,Protein Coding,0.8809044,58
LHFPL2,LHFPL Tetraspan Subfamily Member 2,Protein Coding,0.8809044,58
METTL4,"Methyltransferase 4, N6-Adenosine",Protein Coding,0.8809044,58
MIR936,MicroRNA 936,RNA Gene,0.8809044,58
MT-TN,Mitochondrially Encoded TRNA-Asn (AAU/C),RNA Gene,0.8809044,58
MT1B,Metallothionein 1B,Protein Coding,0.8809044,58
PRR3,Proline Rich 3,Protein Coding,0.8809044,58
RGSL1,Regulator Of G Protein Signaling Like 1,Protein Coding,0.8809044,58
RPUSD2,RNA Pseudouridine Synthase Domain Containing 2,Protein Coding,0.8809044,58
RTN4RL2,Reticulon 4 Receptor Like 2,Protein Coding,0.8809044,58
SPMIP6,Sperm Microtubule Inner Protein 6,Protein Coding,0.8809044,58
SPRY3,Sprouty RTK Signaling Antagonist 3,Protein Coding,0.8809044,58
SSX1,SSX Family Member 1,Protein Coding,0.8809044,58
TESMIN,Testis Expressed Metallothionein Like Protein,Protein Coding,0.8809044,58
WFDC1,WAP Four-Disulfide Core Domain 1,Protein Coding,0.8809044,58
ZBTB34,Zinc Finger And BTB Domain Containing 34,Protein Coding,0.8809044,58
ZC3H12D,Zinc Finger CCCH-Type Containing 12D,Protein Coding,0.8809044,58
ZNF780A,Zinc Finger Protein 780A,Protein Coding,0.8809044,58
CACUL1,CDK2 Associated Cullin Domain 1,Protein Coding,0.8809044,57
CCNYL1,Cyclin Y Like 1,Protein Coding,0.8809044,57
COMMD3-BMI1,COMMD3-BMI1 Readthrough,Protein Coding,0.8809044,57
CST1,Cystatin SN,Protein Coding,0.8809044,57
DENND2D,DENN Domain Containing 2D,Protein Coding,0.8809044,57
GRAMD2A,GRAM Domain Containing 2A,Protein Coding,0.8809044,57
INTS5,Integrator Complex Subunit 5,Protein Coding,0.8809044,57
JADE3,Jade Family PHD Finger 3,Protein Coding,0.8809044,57
JTB,Jumping Translocation Breakpoint,Protein Coding,0.8809044,57
KRT79,Keratin 79,Protein Coding,0.8809044,57
MAJIN,Membrane Anchored Junction Protein,Protein Coding,0.8809044,57
MAP1LC3B2,Microtubule Associated Protein 1 Light Chain 3 Beta 2,Protein Coding,0.8809044,57
MIR518C,MicroRNA 518c,RNA Gene,0.8809044,57
MIR518F,MicroRNA 518f,RNA Gene,0.8809044,57
MIR520D,MicroRNA 520d,RNA Gene,0.8809044,57
MIR640,MicroRNA 640,RNA Gene,0.8809044,57
MIR642B,MicroRNA 642b,RNA Gene,0.8809044,57
PCGEM1,PCGEM1 Prostate-Specific Transcript,RNA Gene,0.8809044,57
PEDS1,Plasmanylethanolamine Desaturase 1,Protein Coding,0.8809044,57
PSMA3-AS1,PSMA3 Antisense RNA 1,RNA Gene,0.8809044,57
PSORS1C1,Psoriasis Susceptibility 1 Candidate 1,Protein Coding,0.8809044,57
RTP2,Receptor Transporter Protein 2,Protein Coding,0.8809044,57
SLC35F1,Solute Carrier Family 35 Member F1,Protein Coding,0.8809044,57
TDRG1,Testis Development Related 1,RNA Gene,0.8809044,57
TM9SF1,Transmembrane 9 Superfamily Member 1,Protein Coding,0.8809044,57
TSIX,"TSIX Transcript, XIST Antisense RNA",RNA Gene,0.8809044,57
VOPP1,VOPP1 WW Domain Binding Protein,Protein Coding,0.8809044,57
ZG16,Zymogen Granule Protein 16,Protein Coding,0.8809044,57
ZNF257,Zinc Finger Protein 257,Protein Coding,0.8809044,57
ZNF718,Zinc Finger Protein 718,Protein Coding,0.8809044,57
ZNF75D,Zinc Finger Protein 75D,Protein Coding,0.8809044,57
ZNF775,Zinc Finger Protein 775,Protein Coding,0.8809044,57
ZNF780B,Zinc Finger Protein 780B,Protein Coding,0.8809044,57
ARRDC1-AS1,ARRDC1 Antisense RNA 1,RNA Gene,0.8809044,56
DCUN1D3,Defective In Cullin Neddylation 1 Domain Containing 3,Protein Coding,0.8809044,56
DEFA1B,Defensin Alpha 1B,Protein Coding,0.8809044,56
DUSP21,Dual Specificity Phosphatase 21,Protein Coding,0.8809044,56
FBXL8,F-Box And Leucine Rich Repeat Protein 8,Protein Coding,0.8809044,56
FRMD1,FERM Domain Containing 1,Protein Coding,0.8809044,56
HS6ST3,Heparan Sulfate 6-O-Sulfotransferase 3,Protein Coding,0.8809044,56
MDC1-AS1,MDC1 Antisense RNA 1,RNA Gene,0.8809044,56
MIIP,Migration And Invasion Inhibitory Protein,Protein Coding,0.8809044,56
MIR3591,MicroRNA 3591,RNA Gene,0.8809044,56
MIR4505,MicroRNA 4505,RNA Gene,0.8809044,56
MIR4761,MicroRNA 4761,RNA Gene,0.8809044,56
MIR569,MicroRNA 569,RNA Gene,0.8809044,56
MIR659,MicroRNA 659,RNA Gene,0.8809044,56
MIR770,MicroRNA 770,RNA Gene,0.8809044,56
PASD1,PAS Domain Containing Repressor 1,Protein Coding,0.8809044,56
PCDH11Y,Protocadherin 11 Y-Linked,Protein Coding,0.8809044,56
PGBD1,PiggyBac Transposable Element Derived 1,Protein Coding,0.8809044,56
POU5F1P4,POU Class 5 Homeobox 1 Pseudogene 4,Pseudogene,0.8809044,56
PPAN-P2RY11,PPAN-P2RY11 Readthrough,Protein Coding,0.8809044,56
SECISBP2L,SECIS Binding Protein 2 Like,Protein Coding,0.8809044,56
SLAIN1,SLAIN Motif Family Member 1,Protein Coding,0.8809044,56
SLC22A25,Solute Carrier Family 22 Member 25,Protein Coding,0.8809044,56
SLC60A1,Solute Carrier Family 60 Member 1,Protein Coding,0.8809044,56
SNHG29,Small Nucleolar RNA Host Gene 29,RNA Gene,0.8809044,56
ZC3H12B,Zinc Finger CCCH-Type Containing 12B,Protein Coding,0.8809044,56
ZNF251,Zinc Finger Protein 251,Protein Coding,0.8809044,56
ZNF615,Zinc Finger Protein 615,Protein Coding,0.8809044,56
ZNF658B,Zinc Finger Protein 658B (Pseudogene),Pseudogene,0.8809044,56
ZNF680,Zinc Finger Protein 680,Protein Coding,0.8809044,56
ZNF701,Zinc Finger Protein 701,Protein Coding,0.8809044,56
ZNF813,Zinc Finger Protein 813,Protein Coding,0.8809044,56
BOLA1,BolA Family Member 1,Protein Coding,0.8809044,55
CCNJ,Cyclin J,Protein Coding,0.8809044,55
CEACAM20,CEA Cell Adhesion Molecule 20,Protein Coding,0.8809044,55
CRYBG2,Crystallin Beta-Gamma Domain Containing 2,Protein Coding,0.8809044,55
DAOA-AS1,DAOA Antisense RNA 1,RNA Gene,0.8809044,55
DSEL,Dermatan Sulfate Epimerase Like,Protein Coding,0.8809044,55
EMC6,ER Membrane Protein Complex Subunit 6,Protein Coding,0.8809044,55
FNDC4,Fibronectin Type III Domain Containing 4,Protein Coding,0.8809044,55
GLCCI1,Glucocorticoid Induced 1,Protein Coding,0.8809044,55
HOXC13-AS,HOXC13 Antisense RNA,RNA Gene,0.8809044,55
ITPRID2,ITPR Interacting Domain Containing 2,Protein Coding,0.8809044,55
LINC01150,Long Intergenic Non-Protein Coding RNA 1150,RNA Gene,0.8809044,55
MIR1205,MicroRNA 1205,RNA Gene,0.8809044,55
MIR1249,MicroRNA 1249,RNA Gene,0.8809044,55
MIR1290,MicroRNA 1290,RNA Gene,0.8809044,55
MIR1915,MicroRNA 1915,RNA Gene,0.8809044,55
MIR4659A,MicroRNA 4659a,RNA Gene,0.8809044,55
MIR504,MicroRNA 504,RNA Gene,0.8809044,55
MIR519E,MicroRNA 519e,RNA Gene,0.8809044,55
MIR588,MicroRNA 588,RNA Gene,0.8809044,55
MIR604,MicroRNA 604,RNA Gene,0.8809044,55
MIR607,MicroRNA 607,RNA Gene,0.8809044,55
MT-TS2,Mitochondrially Encoded TRNA-Ser (AGU/C) 2,RNA Gene,0.8809044,55
NUTM1,NUT Midline Carcinoma Family Member 1,Protein Coding,0.8809044,55
PI16,Peptidase Inhibitor 16,Protein Coding,0.8809044,55
PITX1-AS1,PITX1 Antisense RNA 1,RNA Gene,0.8809044,55
SAMD14,Sterile Alpha Motif Domain Containing 14,Protein Coding,0.8809044,55
SH3D21,SH3 Domain Containing 21,Protein Coding,0.8809044,55
SNORD113-1,"Small Nucleolar RNA, C/D Box 113-1",RNA Gene,0.8809044,55
TTTY14,"Testis Expressed Transcript, Y-Linked 14",RNA Gene,0.8809044,55
ZFP62,ZFP62 Zinc Finger Protein,Protein Coding,0.8809044,55
ZNF26,Zinc Finger Protein 26,Protein Coding,0.8809044,55
ZNF8,Zinc Finger Protein 8,Protein Coding,0.8809044,55
ZSCAN16,Zinc Finger And SCAN Domain Containing 16,Protein Coding,0.8809044,55
AVL9,AVL9 Cell Migration Associated,Protein Coding,0.8809044,54
CDNF,Cerebral Dopamine Neurotrophic Factor,Protein Coding,0.8809044,54
FBXO46,F-Box Protein 46,Protein Coding,0.8809044,54
FSD1L,Fibronectin Type III And SPRY Domain Containing 1 Like,Protein Coding,0.8809044,54
GLYATL2,Glycine-N-Acyltransferase Like 2,Protein Coding,0.8809044,54
GOLGA8B,Golgin A8 Family Member B,Protein Coding,0.8809044,54
IDNK,IDNK Gluconokinase,Protein Coding,0.8809044,54
KANK3,KN Motif And Ankyrin Repeat Domains 3,Protein Coding,0.8809044,54
LINC00304,Long Intergenic Non-Protein Coding RNA 304,RNA Gene,0.8809044,54
LINC00342,Long Intergenic Non-Protein Coding RNA 342,RNA Gene,0.8809044,54
LINC00523,Long Intergenic Non-Protein Coding RNA 523,RNA Gene,0.8809044,54
LINC01004,Long Intergenic Non-Protein Coding RNA 1004,RNA Gene,0.8809044,54
MIR1229,MicroRNA 1229,RNA Gene,0.8809044,54
MIR1266,MicroRNA 1266,RNA Gene,0.8809044,54
MIR1304,MicroRNA 1304,RNA Gene,0.8809044,54
MIR4301,MicroRNA 4301,RNA Gene,0.8809044,54
MIR4508,MicroRNA 4508,RNA Gene,0.8809044,54
MIR4515,MicroRNA 4515,RNA Gene,0.8809044,54
MIR4738,MicroRNA 4738,RNA Gene,0.8809044,54
MIR5189,MicroRNA 5189,RNA Gene,0.8809044,54
MIR521-1,MicroRNA 521-1,RNA Gene,0.8809044,54
MIR550A1,MicroRNA 550a-1,RNA Gene,0.8809044,54
MIR557,MicroRNA 557,RNA Gene,0.8809044,54
MIR599,MicroRNA 599,RNA Gene,0.8809044,54
MIR643,MicroRNA 643,RNA Gene,0.8809044,54
MIR892B,MicroRNA 892b,RNA Gene,0.8809044,54
MIR937,MicroRNA 937,RNA Gene,0.8809044,54
PCDHB14,Protocadherin Beta 14,Protein Coding,0.8809044,54
PRAL,P53 Regulation Associated LncRNA,RNA Gene,0.8809044,54
PSMG3,Proteasome Assembly Chaperone 3,Protein Coding,0.8809044,54
RAD51-AS1,RAD51 Antisense RNA 1,RNA Gene,0.8809044,54
RN7SK,RNA Component Of 7SK Nuclear Ribonucleoprotein,RNA Gene,0.8809044,54
RPPH1,Ribonuclease P RNA Component H1,RNA Gene,0.8809044,54
SLC35F3,Solute Carrier Family 35 Member F3,Protein Coding,0.8809044,54
SMIM1,Small Integral Membrane Protein 1 (Vel Blood Group),Protein Coding,0.8809044,54
SNORD105,"Small Nucleolar RNA, C/D Box 105",RNA Gene,0.8809044,54
SNORD17,"Small Nucleolar RNA, C/D Box 17",RNA Gene,0.8809044,54
SVOP,SV2 Related Protein,Protein Coding,0.8809044,54
TAL2,TAL BHLH Transcription Factor 2,Protein Coding,0.8809044,54
TMC7,Transmembrane Channel Like 7,Protein Coding,0.8809044,54
TRARG1,Trafficking Regulator Of GLUT4 (SLC2A4) 1 (Gene/Pseudogene),Protein Coding,0.8809044,54
UBQLN3,Ubiquilin 3,Protein Coding,0.8809044,54
USHBP1,USH1 Protein Network Component Harmonin Binding Protein 1,Protein Coding,0.8809044,54
ZNF233,Zinc Finger Protein 233,Protein Coding,0.8809044,54
ZNF492,Zinc Finger Protein 492,Protein Coding,0.8809044,54
ZNF506,Zinc Finger Protein 506,Protein Coding,0.8809044,54
ZNF571,Zinc Finger Protein 571,Protein Coding,0.8809044,54
ZNF682,Zinc Finger Protein 682,Protein Coding,0.8809044,54
ZNF714,Zinc Finger Protein 714,Protein Coding,0.8809044,54
ZNF749,Zinc Finger Protein 749,Protein Coding,0.8809044,54
ACTR3C,Actin Related Protein 3C,Protein Coding,0.8809044,53
APCDD1L-DT,APCDD1L Divergent Transcript,RNA Gene,0.8809044,53
ARLNC1,Androgen Receptor Regulated Long Noncoding RNA 1,RNA Gene,0.8809044,53
C18orf54,Chromosome 18 Open Reading Frame 54,Protein Coding,0.8809044,53
DIP2C-AS1,DIP2C Antisense RNA 1,RNA Gene,0.8809044,53
DLEU1-AS1,DLEU1 Antisense RNA 1,RNA Gene,0.8809044,53
F8A1,Coagulation Factor VIII Associated 1,Protein Coding,0.8809044,53
FAM13A-AS1,FAM13A Antisense RNA 1,RNA Gene,0.8809044,53
FBXO16,F-Box Protein 16,Protein Coding,0.8809044,53
FOXCUT,FOXC1 Upstream Transcript,RNA Gene,0.8809044,53
HIF1A-AS3,HIF1A Antisense RNA 3,RNA Gene,0.8809044,53
HLA-F-AS1,HLA-F Antisense RNA 1,RNA Gene,0.8809044,53
HPN-AS1,HPN Antisense RNA 1,RNA Gene,0.8809044,53
LIN28B-AS1,LIN28B Antisense RNA 1,RNA Gene,0.8809044,53
LINC00312,Long Intergenic Non-Protein Coding RNA 312,RNA Gene,0.8809044,53
LINC00494,Long Intergenic Non-Protein Coding RNA 494,RNA Gene,0.8809044,53
LINC00536,Long Intergenic Non-Protein Coding RNA 536,RNA Gene,0.8809044,53
LINC00964,Long Intergenic Non-Protein Coding RNA 964,RNA Gene,0.8809044,53
LINC01013,Long Intergenic Non-Protein Coding RNA 1013,RNA Gene,0.8809044,53
LINC01094,Long Intergenic Non-Protein Coding RNA 1094,RNA Gene,0.8809044,53
LINC01132,Long Intergenic Non-Protein Coding RNA 1132,RNA Gene,0.8809044,53
LINC01149,Long Intergenic Non-Protein Coding RNA 1149,RNA Gene,0.8809044,53
LINC01215,Long Intergenic Non-Protein Coding RNA 1215,RNA Gene,0.8809044,53
LINC01354,Long Intergenic Non-Protein Coding RNA 1354,RNA Gene,0.8809044,53
LINC01433,Long Intergenic Non-Protein Coding RNA 1433,RNA Gene,0.8809044,53
LINC01595,Long Intergenic Non-Protein Coding RNA 1595,RNA Gene,0.8809044,53
LINC02551,Long Intergenic Non-Protein Coding RNA 2551,RNA Gene,0.8809044,53
MAILR,Macrophage Interferon Regulatory LncRNA,RNA Gene,0.8809044,53
MIR103B1,MicroRNA 103b-1,RNA Gene,0.8809044,53
MIR1286,MicroRNA 1286,RNA Gene,0.8809044,53
MIR1323,MicroRNA 1323,RNA Gene,0.8809044,53
MIR2114,MicroRNA 2114,RNA Gene,0.8809044,53
MIR2115,MicroRNA 2115,RNA Gene,0.8809044,53
MIR3194,MicroRNA 3194,RNA Gene,0.8809044,53
MIR3529,MicroRNA 3529,RNA Gene,0.8809044,53
MIR3615,MicroRNA 3615,RNA Gene,0.8809044,53
MIR3663,MicroRNA 3663,RNA Gene,0.8809044,53
MIR3941,MicroRNA 3941,RNA Gene,0.8809044,53
MIR4284,MicroRNA 4284,RNA Gene,0.8809044,53
MIR4423,MicroRNA 4423,RNA Gene,0.8809044,53
MIR450A2,MicroRNA 450a-2,RNA Gene,0.8809044,53
MIR4511,MicroRNA 4511,RNA Gene,0.8809044,53
MIR4706,MicroRNA 4706,RNA Gene,0.8809044,53
MIR4786,MicroRNA 4786,RNA Gene,0.8809044,53
MIR497HG,Mir-497-195 Cluster Host Gene,RNA Gene,0.8809044,53
MIR513B,MicroRNA 513b,RNA Gene,0.8809044,53
MIR513C,MicroRNA 513c,RNA Gene,0.8809044,53
MIR548A3,MicroRNA 548a-3,RNA Gene,0.8809044,53
MIR5581,MicroRNA 5581,RNA Gene,0.8809044,53
MIR583,MicroRNA 583,RNA Gene,0.8809044,53
MIR601,MicroRNA 601,RNA Gene,0.8809044,53
MIR6165,MicroRNA 6165,RNA Gene,0.8809044,53
MIR645,MicroRNA 645,RNA Gene,0.8809044,53
MIR647,MicroRNA 647,RNA Gene,0.8809044,53
MIR6727,MicroRNA 6727,RNA Gene,0.8809044,53
OR2AK2,Olfactory Receptor Family 2 Subfamily AK Member 2,Protein Coding,0.8809044,53
POU5F2,"POU Domain Class 5, Transcription Factor 2",Protein Coding,0.8809044,53
PRAF2,PRA1 Domain Family Member 2,Protein Coding,0.8809044,53
PVRIG,PVR Related Immunoglobulin Domain Containing,Protein Coding,0.8809044,53
RAB11B-AS1,RAB11B Antisense RNA 1,RNA Gene,0.8809044,53
RIBC2,RIB43A Domain With Coiled-Coils 2,Protein Coding,0.8809044,53
RMDN1,Regulator Of Microtubule Dynamics 1,Protein Coding,0.8809044,53
SLC38A4-AS1,SLC38A4 Antisense RNA 1,RNA Gene,0.8809044,53
SNHG25,Small Nucleolar RNA Host Gene 25,RNA Gene,0.8809044,53
SNORA52,"Small Nucleolar RNA, H/ACA Box 52",RNA Gene,0.8809044,53
SSX2,SSX Family Member 2,Protein Coding,0.8809044,53
ST7-AS1,ST7 Antisense RNA 1,RNA Gene,0.8809044,53
STXBP5-AS1,STXBP5 Antisense RNA 1,RNA Gene,0.8809044,53
TMEM92-AS1,TMEM92 Antisense RNA 1,RNA Gene,0.8809044,53
TSPAN13,Tetraspanin 13,Protein Coding,0.8809044,53
VHRT,Ventricular Heart Development Associated LncRNA,RNA Gene,0.8809044,53
YIPF4,Yip1 Domain Family Member 4,Protein Coding,0.8809044,53
ZNF543,Zinc Finger Protein 543,Protein Coding,0.8809044,53
ZNF726,Zinc Finger Protein 726,Protein Coding,0.8809044,53
ZNF852,Zinc Finger Protein 852,Protein Coding,0.8809044,53
ANKRD36B,Ankyrin Repeat Domain 36B,Protein Coding,0.8809044,52
BGLT3,Beta Globin Locus Transcript 3,RNA Gene,0.8809044,52
CCDC106,Coiled-Coil Domain Containing 106,Protein Coding,0.8809044,52
COPDA1,Chronic Obstructive Pulmonary Disease Associated LncRNA 1,RNA Gene,0.8809044,52
CREG2,Cellular Repressor Of E1A Stimulated Genes 2,Protein Coding,0.8809044,52
FAM220A,Family With Sequence Similarity 220 Member A,Protein Coding,0.8809044,52
HCG20,HLA Complex Group 20,RNA Gene,0.8809044,52
KBTBD3,Kelch Repeat And BTB Domain Containing 3,Protein Coding,0.8809044,52
KRT28,Keratin 28,Protein Coding,0.8809044,52
LINC00364,Long Intergenic Non-Protein Coding RNA 364,RNA Gene,0.8809044,52
LINC00989,Long Intergenic Non-Protein Coding RNA 989,RNA Gene,0.8809044,52
LINC01160,Long Intergenic Non-Protein Coding RNA 1160,RNA Gene,0.8809044,52
LINC01343,Long Intergenic Non-Protein Coding RNA 1343,RNA Gene,0.8809044,52
LINC01671,Long Intergenic Non-Protein Coding RNA 1671,RNA Gene,0.8809044,52
LINC01857,Long Intergenic Non-Protein Coding RNA 1857,RNA Gene,0.8809044,52
LSINCT5,Long Stress-Induced Non-Coding Transcript 5,RNA Gene,0.8809044,52
MCF2L-AS1,MCF2L Antisense RNA 1,RNA Gene,0.8809044,52
MIR103B2,MicroRNA 103b-2,RNA Gene,0.8809044,52
MIR1263,MicroRNA 1263,RNA Gene,0.8809044,52
MIR1293,MicroRNA 1293,RNA Gene,0.8809044,52
MIR2116,MicroRNA 2116,RNA Gene,0.8809044,52
MIR3148,MicroRNA 3148,RNA Gene,0.8809044,52
MIR3158-1,MicroRNA 3158-1,RNA Gene,0.8809044,52
MIR3162,MicroRNA 3162,RNA Gene,0.8809044,52
MIR3168,MicroRNA 3168,RNA Gene,0.8809044,52
MIR3195,MicroRNA 3195,RNA Gene,0.8809044,52
MIR3198-1,MicroRNA 3198-1,RNA Gene,0.8809044,52
MIR3681,MicroRNA 3681,RNA Gene,0.8809044,52
MIR376A2,MicroRNA 376a-2,RNA Gene,0.8809044,52
MIR4262,MicroRNA 4262,RNA Gene,0.8809044,52
MIR4279,MicroRNA 4279,RNA Gene,0.8809044,52
MIR4445,MicroRNA 4445,RNA Gene,0.8809044,52
MIR466,MicroRNA 466,RNA Gene,0.8809044,52
MIR4793,MicroRNA 4793,RNA Gene,0.8809044,52
MIR5001,MicroRNA 5001,RNA Gene,0.8809044,52
MIR517B,MicroRNA 517b,RNA Gene,0.8809044,52
MIR526A2,MicroRNA 526a-2,RNA Gene,0.8809044,52
MIR548A1,MicroRNA 548a-1,RNA Gene,0.8809044,52
MIR548I1,MicroRNA 548i-1,RNA Gene,0.8809044,52
MIR549A,MicroRNA 549a,RNA Gene,0.8809044,52
MIR587,MicroRNA 587,RNA Gene,0.8809044,52
MIR6825,MicroRNA 6825,RNA Gene,0.8809044,52
N4BP3,NEDD4 Binding Protein 3,Protein Coding,0.8809044,52
PCAT14,Prostate Cancer Associated Transcript 14,RNA Gene,0.8809044,52
PDIA3P1,Protein Disulfide Isomerase Family A Member 3 Pseudogene 1,Pseudogene,0.8809044,52
RPL34-DT,RPL34 Divergent Transcript,RNA Gene,0.8809044,52
SH3BGRL2,SH3 Domain Binding Glutamate Rich Protein Like 2,Protein Coding,0.8809044,52
SNORA71A,"Small Nucleolar RNA, H/ACA Box 71A",RNA Gene,0.8809044,52
SNORD105B,"Small Nucleolar RNA, C/D Box 105B",RNA Gene,0.8809044,52
SNORD116-13,"Small Nucleolar RNA, C/D Box 116-13",RNA Gene,0.8809044,52
SNORD31,"Small Nucleolar RNA, C/D Box 31",RNA Gene,0.8809044,52
SPATA9,Spermatogenesis Associated 9,Protein Coding,0.8809044,52
ST7-OT4,ST7 Overlapping Transcript 4,RNA Gene,0.8809044,52
TMEM64,Transmembrane Protein 64,Protein Coding,0.8809044,52
TRIM60,Tripartite Motif Containing 60,Protein Coding,0.8809044,52
TSPAN11,Tetraspanin 11,Protein Coding,0.8809044,52
TTC39A,Tetratricopeptide Repeat Domain 39A,Protein Coding,0.8809044,52
UNC5B-AS1,UNC5B Antisense RNA 1,RNA Gene,0.8809044,52
VNN3P,"Vanin 3, Pseudogene",Pseudogene,0.8809044,52
ZNF319,Zinc Finger Protein 319,Protein Coding,0.8809044,52
ZNF501,Zinc Finger Protein 501,Protein Coding,0.8809044,52
ZNF729,Zinc Finger Protein 729,Protein Coding,0.8809044,52
ZSCAN22,Zinc Finger And SCAN Domain Containing 22,Protein Coding,0.8809044,52
ANGPTL1,Angiopoietin Like 1,Protein Coding,0.8809044,51
ARPC4-TTLL3,ARPC4-TTLL3 Readthrough,Protein Coding,0.8809044,51
BEX4,Brain Expressed X-Linked 4,Protein Coding,0.8809044,51
CARD8-AS1,CARD8 Antisense RNA 1,RNA Gene,0.8809044,51
DEFB132,Defensin Beta 132,Protein Coding,0.8809044,51
DLEU2L,Deleted In Lymphocytic Leukemia 2 Like,RNA Gene,0.8809044,51
FAM66C,Family With Sequence Similarity 66 Member C,RNA Gene,0.8809044,51
FBXO34,F-Box Protein 34,Protein Coding,0.8809044,51
GAS5-AS1,GAS5 Antisense RNA 1,RNA Gene,0.8809044,51
IATPR,ITGB1 Adjacent Tumor Promoting LncRNA,RNA Gene,0.8809044,51
IRAG1-AS1,IRAG1 Antisense RNA 1,RNA Gene,0.8809044,51
LBHD1,LBH Domain Containing 1,Protein Coding,0.8809044,51
LINC00303,Long Intergenic Non-Protein Coding RNA 303,RNA Gene,0.8809044,51
LINC00485,Long Intergenic Non-Protein Coding RNA 485,RNA Gene,0.8809044,51
LINC00659,Long Intergenic Non-Protein Coding RNA 659,RNA Gene,0.8809044,51
LINC00880,Long Intergenic Non-Protein Coding RNA 880,RNA Gene,0.8809044,51
LINC00974,Long Intergenic Non-Protein Coding RNA 974,RNA Gene,0.8809044,51
LINC00977,Long Intergenic Non-Protein Coding RNA 977,RNA Gene,0.8809044,51
LINC01273,Long Intergenic Non-Protein Coding RNA 1273,RNA Gene,0.8809044,51
LINC01391,Long Intergenic Non-Protein Coding RNA 1391,RNA Gene,0.8809044,51
LLPH,"LLP Homolog, Long-Term Synaptic Facilitation Factor",Protein Coding,0.8809044,51
MAFTRR,MAF Transcriptional Regulator RNA,RNA Gene,0.8809044,51
MAGED4,MAGE Family Member D4,Protein Coding,0.8809044,51
MIR1255A,MicroRNA 1255a,RNA Gene,0.8809044,51
MIR1272,MicroRNA 1272,RNA Gene,0.8809044,51
MIR1303,MicroRNA 1303,RNA Gene,0.8809044,51
MIR1827,MicroRNA 1827,RNA Gene,0.8809044,51
MIR1972-1,MicroRNA 1972-1,RNA Gene,0.8809044,51
MIR3117,MicroRNA 3117,RNA Gene,0.8809044,51
MIR3126,MicroRNA 3126,RNA Gene,0.8809044,51
MIR3174,MicroRNA 3174,RNA Gene,0.8809044,51
MIR3186,MicroRNA 3186,RNA Gene,0.8809044,51
MIR3198-2,MicroRNA 3198-2,RNA Gene,0.8809044,51
MIR3648-2,MicroRNA 3648-2,RNA Gene,0.8809044,51
MIR3680-2,MicroRNA 3680-2,RNA Gene,0.8809044,51
MIR4251,MicroRNA 4251,RNA Gene,0.8809044,51
MIR4488,MicroRNA 4488,RNA Gene,0.8809044,51
MIR4664,MicroRNA 4664,RNA Gene,0.8809044,51
MIR4752,MicroRNA 4752,RNA Gene,0.8809044,51
MIR4778,MicroRNA 4778,RNA Gene,0.8809044,51
MIR4779,MicroRNA 4779,RNA Gene,0.8809044,51
MIR523,MicroRNA 523,RNA Gene,0.8809044,51
MIR548A2,MicroRNA 548a-2,RNA Gene,0.8809044,51
MIR634,MicroRNA 634,RNA Gene,0.8809044,51
MIR764,MicroRNA 764,RNA Gene,0.8809044,51
MIR7850,MicroRNA 7850,RNA Gene,0.8809044,51
MIR924,MicroRNA 924,RNA Gene,0.8809044,51
NRSN2-AS1,NRSN2 Antisense RNA 1,RNA Gene,0.8809044,51
NRXN1-DT,NRXN1 Divergent Transcript,RNA Gene,0.8809044,51
PTCSC1,Papillary Thyroid Carcinoma Susceptibility Candidate 1,RNA Gene,0.8809044,51
SH3BP5-AS1,SH3BP5 Antisense RNA 1,RNA Gene,0.8809044,51
SNORD14D,"Small Nucleolar RNA, C/D Box 14D",RNA Gene,0.8809044,51
ST7L,Suppression Of Tumorigenicity 7 Like,Protein Coding,0.8809044,51
TERLR1,TERT Regulating LncRNA 1,RNA Gene,0.8809044,51
TMEM223,Transmembrane Protein 223,Protein Coding,0.8809044,51
TMEM47,Transmembrane Protein 47,Protein Coding,0.8809044,51
ZNF716,Zinc Finger Protein 716,Protein Coding,0.8809044,51
ZNF836,Zinc Finger Protein 836,Protein Coding,0.8809044,51
ZNF879,Zinc Finger Protein 879,Protein Coding,0.8809044,51
DBX2,Developing Brain Homeobox 2,Protein Coding,0.8809044,50
FZD10-AS1,FZD10 Antisense RNA 1,RNA Gene,0.8809044,50
GPATCH11,G-Patch Domain Containing 11,Protein Coding,0.8809044,50
KRT26,Keratin 26,Protein Coding,0.8809044,50
LINC00515,Long Intergenic Non-Protein Coding RNA 515,RNA Gene,0.8809044,50
LINC00674,Long Intergenic Non-Protein Coding RNA 674,RNA Gene,0.8809044,50
LINC01007,Long Intergenic Non-Protein Coding RNA 1007,RNA Gene,0.8809044,50
LINC01080,Long Intergenic Non-Protein Coding RNA 1080,RNA Gene,0.8809044,50
LINC01767,Long Intergenic Non-Protein Coding RNA 1767,RNA Gene,0.8809044,50
LINC02027,Long Intergenic Non-Protein Coding RNA 2027,RNA Gene,0.8809044,50
LINC02038,Long Intergenic Non-Protein Coding RNA 2038,RNA Gene,0.8809044,50
LINC02159,Long Intergenic Non-Protein Coding RNA 2159,RNA Gene,0.8809044,50
LINC02476,Long Intergenic Non-Protein Coding RNA 2476,RNA Gene,0.8809044,50
LINC02484,Long Intergenic Non-Protein Coding RNA 2484,RNA Gene,0.8809044,50
LINC02525,Long Intergenic Non-Protein Coding RNA 2525,RNA Gene,0.8809044,50
LINC03068,Long Intergenic Non-Protein Coding RNA 3068,RNA Gene,0.8809044,50
MAGED4B,MAGE Family Member D4B,Protein Coding,0.8809044,50
MIR1283-1,MicroRNA 1283-1,RNA Gene,0.8809044,50
MIR1321,MicroRNA 1321,RNA Gene,0.8809044,50
MIR3128,MicroRNA 3128,RNA Gene,0.8809044,50
MIR3131,MicroRNA 3131,RNA Gene,0.8809044,50
MIR3611,MicroRNA 3611,RNA Gene,0.8809044,50
MIR3667,MicroRNA 3667,RNA Gene,0.8809044,50
MIR3689A,MicroRNA 3689a,RNA Gene,0.8809044,50
MIR3910-1,MicroRNA 3910-1,RNA Gene,0.8809044,50
MIR3911,MicroRNA 3911,RNA Gene,0.8809044,50
MIR3916,MicroRNA 3916,RNA Gene,0.8809044,50
MIR4278,MicroRNA 4278,RNA Gene,0.8809044,50
MIR4458HG,MIR4458 Host Gene,RNA Gene,0.8809044,50
MIR4661,MicroRNA 4661,RNA Gene,0.8809044,50
MIR4775,MicroRNA 4775,RNA Gene,0.8809044,50
MIR514B,MicroRNA 514b,RNA Gene,0.8809044,50
MIR5195,MicroRNA 5195,RNA Gene,0.8809044,50
MIR548E,MicroRNA 548e,RNA Gene,0.8809044,50
MIR548H1,MicroRNA 548h-1,RNA Gene,0.8809044,50
MIR548I2,MicroRNA 548i-2,RNA Gene,0.8809044,50
MIR5590,MicroRNA 5590,RNA Gene,0.8809044,50
MIR591,MicroRNA 591,RNA Gene,0.8809044,50
MIR596,MicroRNA 596,RNA Gene,0.8809044,50
MIR6783,MicroRNA 6783,RNA Gene,0.8809044,50
MIR6785,MicroRNA 6785,RNA Gene,0.8809044,50
MIR6875,MicroRNA 6875,RNA Gene,0.8809044,50
MIR7975,MicroRNA 7975,RNA Gene,0.8809044,50
MT1P3,Metallothionein 1 Pseudogene 3,Pseudogene,0.8809044,50
OTOR,Otoraplin,Protein Coding,0.8809044,50
PKD1P1,"Polycystin 1, Transient Receptor Potential Channel Interacting Pseudogene 1",Pseudogene,0.8809044,50
PRDM16-DT,PRDM16 Divergent Transcript,RNA Gene,0.8809044,50
RMDN2-AS1,RMDN2 Antisense RNA 1,RNA Gene,0.8809044,50
SACS-AS1,SACS Antisense RNA 1,RNA Gene,0.8809044,50
SNHG21,Small Nucleolar RNA Host Gene 21,RNA Gene,0.8809044,50
TLNRD1,Talin Rod Domain Containing 1,Protein Coding,0.8809044,50
XXYLT1-AS2,XXYLT1 Antisense RNA 2,RNA Gene,0.8809044,50
ZKSCAN2-DT,ZKSCAN2 Divergent Transcript,RNA Gene,0.8809044,50
ZNF814,Zinc Finger Protein 814,Protein Coding,0.8809044,50
ANCR,Angelman Syndrome Chromosome Region,Uncategorized,0.8809044,49
ANXA2P1,Annexin A2 Pseudogene 1,Pseudogene,0.8809044,49
CMTM1,CKLF Like MARVEL Transmembrane Domain Containing 1,Protein Coding,0.8809044,49
FAM170B-AS1,FAM170B Antisense RNA 1,RNA Gene,0.8809044,49
FAM222B,Family With Sequence Similarity 222 Member B,Protein Coding,0.8809044,49
FAM41C,Family With Sequence Similarity 41 Member C,RNA Gene,0.8809044,49
FOXR2,Forkhead Box R2,Protein Coding,0.8809044,49
FRMD6-AS1,FRMD6 Antisense RNA 1,RNA Gene,0.8809044,49
FSIP1,Fibrous Sheath Interacting Protein 1,Protein Coding,0.8809044,49
LINC01291,Long Intergenic Non-Protein Coding RNA 1291,RNA Gene,0.8809044,49
LINC01697,Long Intergenic Non-Protein Coding RNA 1697,RNA Gene,0.8809044,49
LINC02614,Long Intergenic Non-Protein Coding RNA 2614,RNA Gene,0.8809044,49
LOC110386951,CYP19A1 Promoter II/1.3,Functional Element,0.8809044,49
MAGEB1,MAGE Family Member B1,Protein Coding,0.8809044,49
MCTS2,MCTS Family Member 2,Protein Coding,0.8809044,49
MIR1243,MicroRNA 1243,RNA Gene,0.8809044,49
MIR1261,MicroRNA 1261,RNA Gene,0.8809044,49
MIR2682,MicroRNA 2682,RNA Gene,0.8809044,49
MIR3171,MicroRNA 3171,RNA Gene,0.8809044,49
MIR371B,MicroRNA 371b,RNA Gene,0.8809044,49
MIR3976,MicroRNA 3976,RNA Gene,0.8809044,49
MIR4267,MicroRNA 4267,RNA Gene,0.8809044,49
MIR4317,MicroRNA 4317,RNA Gene,0.8809044,49
MIR4439,MicroRNA 4439,RNA Gene,0.8809044,49
MIR4790,MicroRNA 4790,RNA Gene,0.8809044,49
MIR5003,MicroRNA 5003,RNA Gene,0.8809044,49
MIR548I3,MicroRNA 548i-3,RNA Gene,0.8809044,49
MIR5692A2,MicroRNA 5692a-2,RNA Gene,0.8809044,49
MIR6071,MicroRNA 6071,RNA Gene,0.8809044,49
MIR922,MicroRNA 922,RNA Gene,0.8809044,49
NKAPL,NFKB Activating Protein Like,Protein Coding,0.8809044,49
OR2T5,Olfactory Receptor Family 2 Subfamily T Member 5,Protein Coding,0.8809044,49
OSMR-DT,OSMR Divergent Transcript,RNA Gene,0.8809044,49
PCCA-DT,PCCA Divergent Transcript,RNA Gene,0.8809044,49
PEDS1-UBE2V1,PEDS1-UBE2V1 Readthrough,Protein Coding,0.8809044,49
PTOV1-AS1,PTOV1 Antisense RNA 1,RNA Gene,0.8809044,49
RAB30-DT,RAB30 Divergent Transcript,RNA Gene,0.8809044,49
SNORD49A,"Small Nucleolar RNA, C/D Box 49A",RNA Gene,0.8809044,49
SNORD50B,"Small Nucleolar RNA, C/D Box 50B",RNA Gene,0.8809044,49
SPRYD4,SPRY Domain Containing 4,Protein Coding,0.8809044,49
ST7-AS2,ST7 Antisense RNA 2,RNA Gene,0.8809044,49
THRIL,TNF And HNRNPL Related Immunoregulatory Long Non-Coding RNA,RNA Gene,0.8809044,49
UPK1A-AS1,UPK1A Antisense RNA 1,RNA Gene,0.8809044,49
USP46-DT,USP46 Divergent Transcript,RNA Gene,0.8809044,49
WDR89,WD Repeat Domain 89,Protein Coding,0.8809044,49
ZNG1F,Zn Regulated GTPase Metalloprotein Activator 1F,Protein Coding,0.8809044,49
CKS1BP7,CDC28 Protein Kinase Regulatory Subunit 1B Pseudogene 7,Pseudogene,0.8809044,48
DACT3-AS1,DACT3 Antisense RNA 1,RNA Gene,0.8809044,48
ENSG00000243902,Extracellular Leucine Rich Repeat And Fibronectin Type III Domain Containing 2,RNA Gene,0.8809044,48
ERICH2-DT,ERICH2 Divergent Transcript,RNA Gene,0.8809044,48
FAM138A,Family With Sequence Similarity 138 Member A,RNA Gene,0.8809044,48
LINC00106,Long Intergenic Non-Protein Coding RNA 106,RNA Gene,0.8809044,48
LINC00601,Long Intergenic Non-Protein Coding RNA 601,RNA Gene,0.8809044,48
LINC01980,Long Intergenic Non-Protein Coding RNA 1980,RNA Gene,0.8809044,48
LINC02055,Long Intergenic Non-Protein Coding RNA 2055,RNA Gene,0.8809044,48
LINC02249,Long Intergenic Non-Protein Coding RNA 2249,RNA Gene,0.8809044,48
LINC02997,Long Intergenic Non-Protein Coding RNA 2997,RNA Gene,0.8809044,48
MIR1199,MicroRNA 1199,RNA Gene,0.8809044,48
MIR1257,MicroRNA 1257,RNA Gene,0.8809044,48
MIR1470,MicroRNA 1470,RNA Gene,0.8809044,48
MIR1539,MicroRNA 1539,RNA Gene,0.8809044,48
MIR1843,MicroRNA 1843,RNA Gene,0.8809044,48
MIR3158-2,MicroRNA 3158-2,RNA Gene,0.8809044,48
MIR3910-2,MicroRNA 3910-2,RNA Gene,0.8809044,48
MIR4449,MicroRNA 4449,RNA Gene,0.8809044,48
MIR4641,MicroRNA 4641,RNA Gene,0.8809044,48
MIR4674,MicroRNA 4674,RNA Gene,0.8809044,48
MIR5692A1,MicroRNA 5692a-1,RNA Gene,0.8809044,48
MIR6829,MicroRNA 6829,RNA Gene,0.8809044,48
OR2T29,Olfactory Receptor Family 2 Subfamily T Member 29,Protein Coding,0.8809044,48
RCC2-AS1,RCC2 Antisense RNA 1,RNA Gene,0.8809044,48
SCARNA9L,Small Cajal Body-Specific RNA 9 Like,Pseudogene,0.8809044,48
SIRLNT,SIRT1 Regulating LncRNA Tumor Promoter,RNA Gene,0.8809044,48
SNORD75,"Small Nucleolar RNA, C/D Box 75",RNA Gene,0.8809044,48
TC2N,"Tandem C2 Domains, Nuclear",Protein Coding,0.8809044,48
TCHHL1,Trichohyalin Like 1,Protein Coding,0.8809044,48
TRL-TAG1-1,TRNA-Leu (Anticodon TAG) 1-1,RNA Gene,0.8809044,48
TRPC7-AS1,TRPC7 Antisense RNA 1,RNA Gene,0.8809044,48
TRS-TGA2-1,TRNA-Ser (Anticodon TGA) 2-1,RNA Gene,0.8809044,48
UBTD1,Ubiquitin Domain Containing 1,Protein Coding,0.8809044,48
UCKL1-AS1,UCKL1 Antisense RNA 1,RNA Gene,0.8809044,48
USP27X-DT,USP27X Divergent Transcript,RNA Gene,0.8809044,48
VCX3A,Variable Charge X-Linked 3A,Protein Coding,0.8809044,48
ZNNT1,ZNF706 Neighboring Transcript 1,RNA Gene,0.8809044,48
CYSRT1,Cysteine Rich Tail 1,Protein Coding,0.8809044,47
DLX2-DT,DLX2 Divergent Transcript,RNA Gene,0.8809044,47
DPRX,Divergent-Paired Related Homeobox,Protein Coding,0.8809044,47
FBXO36,F-Box Protein 36,Protein Coding,0.8809044,47
HTR2A-AS1,HTR2A Antisense RNA 1,RNA Gene,0.8809044,47
KHDC1,KH Domain Containing 1,Protein Coding,0.8809044,47
LINC00538,Long Intergenic Non-Protein Coding RNA 538,RNA Gene,0.8809044,47
LINC01359,Long Intergenic Non-Protein Coding RNA 1359,RNA Gene,0.8809044,47
LINC02518,Long Intergenic Non-Protein Coding RNA 2518,RNA Gene,0.8809044,47
LINC02884,Long Intergenic Non-Protein Coding RNA 2884,RNA Gene,0.8809044,47
LINC03138,Long Intergenic Non-Protein Coding RNA 3138,RNA Gene,0.8809044,47
LNROP,Long Non-Coding Regulator Of POU2F2,RNA Gene,0.8809044,47
LOC153910,Uncharacterized LOC153910,RNA Gene,0.8809044,47
LOC254896,Uncharacterized LOC254896,RNA Gene,0.8809044,47
MIR3650,MicroRNA 3650,RNA Gene,0.8809044,47
MIR9986,MicroRNA 9986,RNA Gene,0.8809044,47
MT1HL1,Metallothionein 1H Like 1,Protein Coding,0.8809044,47
NNAT,Neuronatin,Protein Coding,0.8809044,47
NXPE3,Neurexophilin And PC-Esterase Domain Family Member 3,Protein Coding,0.8809044,47
PELP1-DT,PELP1 Divergent Transcript,RNA Gene,0.8809044,47
PLEKHS1,Pleckstrin Homology Domain Containing S1,Protein Coding,0.8809044,47
PLGLB1,Plasminogen Like B1,Protein Coding,0.8809044,47
PPDPF,Pancreatic Progenitor Cell Differentiation And Proliferation Factor,Protein Coding,0.8809044,47
RBM43,RNA Binding Motif Protein 43,Protein Coding,0.8809044,47
RBMXL3,RBMX Like 3,Protein Coding,0.8809044,47
SLC25A30-AS1,SLC25A30 Antisense RNA 1,RNA Gene,0.8809044,47
SPINK6,Serine Peptidase Inhibitor Kazal Type 6,Protein Coding,0.8809044,47
ZNF880,Zinc Finger Protein 880,Protein Coding,0.8809044,47
ATXN7L3B,Ataxin 7 Like 3B,Protein Coding,0.8809044,46
CCDC144A,Coiled-Coil Domain Containing 144A,Protein Coding,0.8809044,46
CCDC158,Coiled-Coil Domain Containing 158,Protein Coding,0.8809044,46
FAM170B,Family With Sequence Similarity 170 Member B,Protein Coding,0.8809044,46
FTO-IT1,FTO Intronic Transcript 1,RNA Gene,0.8809044,46
LINC03089,Long Intergenic Non-Protein Coding RNA 3089,RNA Gene,0.8809044,46
LOC106014249,PAX6 Upstream Regulatory Region,Functional Element,0.8809044,46
MIR12125,MicroRNA 12125,RNA Gene,0.8809044,46
MIR548BC,MicroRNA 548BC,RNA Gene,0.8809044,46
MIR5589,MicroRNA 5589,RNA Gene,0.8809044,46
NAPSB,Napsin B Aspartic Peptidase (Pseudogene),Pseudogene,0.8809044,46
NQO1-DT,NQO1 Divergent Transcript,RNA Gene,0.8809044,46
POLR2J4,RNA Polymerase II Subunit J4 (Pseudogene),Pseudogene,0.8809044,46
RPAP3-DT,RPAP3 Divergent Transcript,RNA Gene,0.8809044,46
SEC62-AS1,SEC62 Antisense RNA 1,RNA Gene,0.8809044,46
TIMM23B,Translocase Of Inner Mitochondrial Membrane 23 Homolog B,Protein Coding,0.8809044,46
ANKRD55-AS1,ANKRD55 Antisense RNA 1,RNA Gene,0.8809044,45
GPC6-AS1,GPC6 Antisense RNA 1,RNA Gene,0.8809044,45
IGKV4-1,Immunoglobulin Kappa Variable 4-1,Protein Coding,0.8809044,45
KIAA2013,KIAA2013,Protein Coding,0.8809044,45
LINC01842,Long Intergenic Non-Protein Coding RNA 1842,RNA Gene,0.8809044,45
LINC03067,Long Intergenic Non-Protein Coding RNA 3067,RNA Gene,0.8809044,45
LINC03072,Long Intergenic Non-Protein Coding RNA 3072,RNA Gene,0.8809044,45
LINC03121,Long Intergenic Non-Protein Coding RNA 3121,RNA Gene,0.8809044,45
LOC111216272,ADH1A Promoter,Functional Element,0.8809044,45
LOC111216273,ADH1B Promoter,Functional Element,0.8809044,45
LOC111216291,ADH6 Promoter,Functional Element,0.8809044,45
MIR9985,MicroRNA 9985,RNA Gene,0.8809044,45
NAV2-AS4,NAV2 Antisense RNA 4,RNA Gene,0.8809044,45
NDST1-AS1,NDST1 Antisense RNA 1,RNA Gene,0.8809044,45
POLH-AS1,POLH Antisense RNA 1,RNA Gene,0.8809044,45
RPL17-C18orf32,RPL17-C18orf32 Readthrough,Protein Coding,0.8809044,45
TIALD,Transcript Inducer Of AURKA Lysosomal Degradation,RNA Gene,0.8809044,45
TMEM41A-DT,TMEM41A Divergent Transcript,RNA Gene,0.8809044,45
UBE2MP1,Ubiquitin Conjugating Enzyme E2 M Pseudogene 1,Pseudogene,0.8809044,45
ACF,Asymmetric Crying Facies (Cayler Cardiofacial Syndrome),Genetic Locus,0.8809044,44
ITPRID1,ITPR Interacting Domain Containing 1,Protein Coding,0.8809044,44
LINC03044,Long Intergenic Non-Protein Coding RNA 3044,RNA Gene,0.8809044,44
LINC03073,Long Intergenic Non-Protein Coding RNA 3073,RNA Gene,0.8809044,44
SYNJ2BP-COX16,SYNJ2BP-COX16 Readthrough,Protein Coding,0.8809044,44
CLDN10-AS1,CLDN10 Antisense RNA 1,RNA Gene,0.8809044,43
DCAF4L2,DDB1 And CUL4 Associated Factor 4 Like 2,Protein Coding,0.8809044,43
DCAF8L1,DDB1 And CUL4 Associated Factor 8 Like 1,Protein Coding,0.8809044,43
ENSG00000267175,Novel Transcript,RNA Gene,0.8809044,43
LOC101927269,Uncharacterized LOC101927269,RNA Gene,0.8809044,43
TCEAL3-AS1,TCEAL3 Antisense RNA 1,RNA Gene,0.8809044,43
TUSC1,Tumor Suppressor Candidate 1,Protein Coding,0.8809044,43
C21orf58,Chromosome 21 Open Reading Frame 58,Protein Coding,0.8809044,42
CRYZL2P-SEC16B,CRYZL2P-SEC16B Readthrough,Protein Coding,0.8809044,42
ENSG00000257681,"Novel Transcript, Antisense To STAB2",RNA Gene,0.8809044,42
KRT8P3,Keratin 8 Pseudogene 3,Pseudogene,0.8809044,42
LOC105369632,Uncharacterized LOC105369632,RNA Gene,0.8809044,42
RPL18P4,Ribosomal Protein L18 Pseudogene 4,Pseudogene,0.8809044,42
TMEM61,Transmembrane Protein 61,Protein Coding,0.8809044,42
UBE2NL,Ubiquitin Conjugating Enzyme E2 N Like (Gene/Pseudogene),Protein Coding,0.8809044,42
VSIG10L-AS1,VSIG10L Antisense RNA 1,RNA Gene,0.8809044,42
ENSG00000275437,"Novel Transcript, Sense Intronic To CABLES2",RNA Gene,0.8809044,41
LOC149684,Uncharacterized LOC149684,RNA Gene,0.8809044,41
POU2F1-DT,POU2F1 Divergent Transcript,RNA Gene,0.8809044,41
ENSG00000261668,"Novel Transcript, Antisense HSPA4L",RNA Gene,0.8809044,40
F8A3,Coagulation Factor VIII Associated 3,Protein Coding,0.8809044,40
IGKV2D-29,Immunoglobulin Kappa Variable 2D-29,Protein Coding,0.8809044,40
IGKV3-15,Immunoglobulin Kappa Variable 3-15,Protein Coding,0.8809044,40
KRTAP10-2,Keratin Associated Protein 10-2,Protein Coding,0.8809044,39
LRCOL1,Leucine Rich Colipase Like 1,Protein Coding,0.8809044,39
PLEKHD1,Pleckstrin Homology And Coiled-Coil Domain Containing D1,Protein Coding,0.8809044,39
RAMACL,RNA Guanine-7 Methyltransferase Activating Subunit Like,Protein Coding,0.8809044,39
XAGE1A,X Antigen Family Member 1A,Protein Coding,0.8809044,39
IGH,Immunoglobulin Heavy Locus,Protein Coding,0.8809044,38
NUTM2A,NUT Family Member 2A,Protein Coding,0.8809044,38
REELD1,Reeler Domain Containing 1,Protein Coding,0.8809044,38
CT45A6,Cancer/Testis Antigen Family 45 Member A6,Protein Coding,0.8809044,37
FAM43B,Family With Sequence Similarity 43 Member B,Protein Coding,0.8809044,37
HOXB@,Homeobox B Cluster,Gene Cluster,0.8809044,37
LOC119230225,IFNAR1 Promoter Region,Functional Element,0.8809044,37
GAGE2A,G Antigen 2A,Protein Coding,0.8809044,36
INSYN2B,Inhibitory Synaptic Factor Family Member 2B,Protein Coding,0.8809044,36
EEF1B2P5,Eukaryotic Translation Elongation Factor 1 Beta 2 Pseudogene 5,Pseudogene,0.8809044,35
TEDDM1,Transmembrane Epididymal Protein 1,Protein Coding,0.8809044,35
AKR1B10P1,Aldo-Keto Reductase Family 1 Member B10 Pseudogene 1,Pseudogene,0.8809044,34
ENSG00000275223,Novel Transcript,RNA Gene,0.8809044,31
MROH7-TTC4,MROH7-TTC4 Readthrough (NMD Candidate),Protein Coding,0.8809044,31
lnc-ITGB1-1,,RNA Gene,0.8809044,31
SMIM32,Small Integral Membrane Protein 32,Protein Coding,0.8809044,29
lnc-ZEB2-19,,RNA Gene,0.8809044,26
lnc-ARF6-3,,RNA Gene,0.8809044,25
lnc-BCAS2-1,,RNA Gene,0.8809044,25
GCASPC,Gall Bladder Cancer Associated Suppressor Of Pyruvate Carboxylase LncRNA,RNA Gene,0.8809044,24
LOC117204001,ANPEP Proximal Promoter,Functional Element,0.8809044,23
LOC128125822,Uncharacterized LOC128125822,Protein Coding,0.8809044,23
GAGE2D,G Antigen 2D,Protein Coding,0.8809044,22
LINC03160,Long Intergenic Non-Protein Coding RNA 3160,RNA Gene,0.8809044,22
MN026163,,RNA Gene,0.8809044,21
lnc-CCDC141-1,,RNA Gene,0.8809044,21
lnc-POU4F3-4,,RNA Gene,0.8809044,21
lnc-USP9X-3,,RNA Gene,0.8809044,21
LOC102724334,Histone H2B Type F-S-Like,Protein Coding,0.8809044,20
LOC102724023,Glutamine Amidotransferase Class 1 Domain Containing 3B,Protein Coding,0.8809044,17
UGT1A8,UDP Glucuronosyltransferase Family 1 Member A8,Protein Coding,0.8639551,89
VEGFD,Vascular Endothelial Growth Factor D,Protein Coding,0.8639551,73
BPIFA1,BPI Fold Containing Family A Member 1,Protein Coding,0.8639551,65
CAMTA1,Calmodulin Binding Transcription Activator 1,Protein Coding,0.84449434,82
F8,Coagulation Factor VIII,Protein Coding,0.82034147,99
SLC12A2,Solute Carrier Family 12 Member 2,Protein Coding,0.82034147,97
GDNF,Glial Cell Derived Neurotrophic Factor,Protein Coding,0.82034147,93
FBN2,Fibrillin 2,Protein Coding,0.82034147,91
TLR6,Toll Like Receptor 6,Protein Coding,0.82034147,87
ZRSR2,"Zinc Finger CCCH-Type, RNA Binding Motif And Serine/Arginine Rich 2",Protein Coding,0.82034147,73
SP4,Sp4 Transcription Factor,Protein Coding,0.82034147,69
PNPLA7,"Patatin Like Domain 7, Lysophospholipase",Protein Coding,0.82034147,68
GRHL1,Grainyhead Like Transcription Factor 1,Protein Coding,0.82034147,67
ARL4C,ARF Like GTPase 4C,Protein Coding,0.82034147,66
LYPLAL1,Lysophospholipase Like 1,Protein Coding,0.82034147,62
ZNRF2,Zinc And Ring Finger 2,Protein Coding,0.82034147,61
MIR208B,MicroRNA 208b,RNA Gene,0.82034147,60
CUEDC2,CUE Domain Containing 2,Protein Coding,0.82034147,58
TLX1NB,TLX1 Neighbor,RNA Gene,0.82034147,53
TBC1D20,TBC1 Domain Family Member 20,Protein Coding,0.8157517,84
GPS2,G Protein Pathway Suppressor 2,Protein Coding,0.8157517,80
FBXL2,F-Box And Leucine Rich Repeat Protein 2,Protein Coding,0.8157517,67
ATP11A,ATPase Phospholipid Transporting 11A,Protein Coding,0.81126547,87
UGT2B4,UDP Glucuronosyltransferase Family 2 Member B4,Protein Coding,0.81126547,74
WFDC2,WAP Four-Disulfide Core Domain 2,Protein Coding,0.81126547,67
MUC21,"Mucin 21, Cell Surface Associated",Protein Coding,0.81126547,64
TMEM54,Transmembrane Protein 54,Protein Coding,0.81126547,44
NKX2-5,NK2 Homeobox 5,Protein Coding,0.81111324,98
BCOR,BCL6 Corepressor,Protein Coding,0.81111324,93
IFT172,Intraflagellar Transport 172,Protein Coding,0.81111324,91
ZNF423,Zinc Finger Protein 423,Protein Coding,0.81111324,90
TBX5,T-Box Transcription Factor 5,Protein Coding,0.81111324,89
ADAMTS10,ADAM Metallopeptidase With Thrombospondin Type 1 Motif 10,Protein Coding,0.81111324,87
TFAP2B,Transcription Factor AP-2 Beta,Protein Coding,0.81111324,87
TTC21B,Tetratricopeptide Repeat Domain 21B,Protein Coding,0.81111324,87
ATP4A,ATPase H+/K+ Transporting Subunit Alpha,Protein Coding,0.81111324,86
TMEM67,Transmembrane Protein 67,Protein Coding,0.81111324,86
SDCCAG8,SHH Signaling And Ciliogenesis Regulator SDCCAG8,Protein Coding,0.81111324,85
LCT,Lactase,Protein Coding,0.81111324,84
LYST,Lysosomal Trafficking Regulator,Protein Coding,0.81111324,84
TREX1,Three Prime Repair Exonuclease 1,Protein Coding,0.81111324,84
CRB2,Crumbs Cell Polarity Complex Component 2,Protein Coding,0.81111324,83
ZIC3,Zic Family Zinc Finger 3,Protein Coding,0.81111324,83
LEFTY2,Left-Right Determination Factor 2,Protein Coding,0.81111324,82
SDHAF2,Succinate Dehydrogenase Complex Assembly Factor 2,Protein Coding,0.81111324,82
TBX20,T-Box Transcription Factor 20,Protein Coding,0.81111324,82
CRELD1,CRELD Disulfide Isomerase 1,Protein Coding,0.81111324,81
NEUROG3,Neurogenin 3,Protein Coding,0.81111324,81
ADAMTS17,ADAM Metallopeptidase With Thrombospondin Type 1 Motif 17,Protein Coding,0.81111324,80
ANKS6,Ankyrin Repeat And Sterile Alpha Motif Domain Containing 6,Protein Coding,0.81111324,80
LMF1,Lipase Maturation Factor 1,Protein Coding,0.81111324,79
MAPKBP1,Mitogen-Activated Protein Kinase Binding Protein 1,Protein Coding,0.81111324,79
SIX5,SIX Homeobox 5,Protein Coding,0.81111324,79
MYH8,Myosin Heavy Chain 8,Protein Coding,0.81111324,78
CEP89,Centrosomal Protein 89,Protein Coding,0.81111324,77
HAND1,Heart And Neural Crest Derivatives Expressed 1,Protein Coding,0.81111324,77
DZIP1L,DAZ Interacting Zinc Finger Protein 1 Like,Protein Coding,0.81111324,76
AOAH,Acyloxyacyl Hydrolase,Protein Coding,0.81111324,70
NKX2-6,NK2 Homeobox 6,Protein Coding,0.81111324,70
TMEM127,Transmembrane Protein 127,Protein Coding,0.81111324,70
COA8,Cytochrome C Oxidase Assembly Factor 8,Protein Coding,0.81111324,69
INSL6,Insulin Like 6,Protein Coding,0.81111324,68
MYHAS,Myosin Heavy Chain Gene Cluster Antisense RNA,RNA Gene,0.81111324,68
TGDS,"TDP-Glucose 4,6-Dehydratase",Protein Coding,0.81111324,68
CFAP418,Cilia And Flagella Associated Protein 418,Protein Coding,0.81111324,66
CFTR-AS1,CFTR Antisense RNA 1,RNA Gene,0.81111324,61
LOC106804612,Hemoglobin Subunit Alpha 2 Recombination Region,Functional Element,0.81111324,61
LOC129933707,ATAC-STARR-Seq Lymphoblastoid Silent Region 11468,Functional Element,0.81111324,56
MIR6870,MicroRNA 6870,RNA Gene,0.81111324,54
LOC112449713,Sharpr-MPRA Regulatory Region 10524,Functional Element,0.81111324,53
LOC130058947,ATAC-STARR-Seq Lymphoblastoid Silent Region 7451,Functional Element,0.81111324,51
HBB-LCR,Beta-Globin Locus Control Region,Functional Element,0.81111324,50
LOC130009838,ATAC-STARR-Seq Lymphoblastoid Silent Region 5378,Functional Element,0.81111324,50
PSC,"Cholangitis, Primary Sclerosing",Genetic Locus,0.81111324,45
ENSG00000266919,Hsa-Mir-423,RNA Gene,0.81111324,44
IGHM,Immunoglobulin Heavy Constant Mu,Protein Coding,0.80798554,70
IGKC,Immunoglobulin Kappa Constant,Protein Coding,0.80798554,63
MIR4424,MicroRNA 4424,RNA Gene,0.80446565,51
FAM157A,Family With Sequence Similarity 157 Member A,RNA Gene,0.80446565,48
GRB10,Growth Factor Receptor Bound Protein 10,Protein Coding,0.77692425,92
ANK1,Ankyrin 1,Protein Coding,0.7671859,100
CACNA1D,Calcium Voltage-Gated Channel Subunit Alpha1 D,Protein Coding,0.7671859,100
DAG1,Dystroglycan 1,Protein Coding,0.7671859,100
PRKAR1B,Protein Kinase CAMP-Dependent Type I Regulatory Subunit Beta,Protein Coding,0.7671859,100
CACNA1G,Calcium Voltage-Gated Channel Subunit Alpha1 G,Protein Coding,0.7671859,99
CYP11B1,Cytochrome P450 Family 11 Subfamily B Member 1,Protein Coding,0.7671859,98
IL12RB2,Interleukin 12 Receptor Subunit Beta 2,Protein Coding,0.7671859,97
KCNJ5,Potassium Inwardly Rectifying Channel Subfamily J Member 5,Protein Coding,0.7671859,96
SLC4A1,Solute Carrier Family 4 Member 1 (Diego Blood Group),Protein Coding,0.7671859,96
GHRHR,Growth Hormone Releasing Hormone Receptor,Protein Coding,0.7671859,95
MAF,MAF BZIP Transcription Factor,Protein Coding,0.7671859,95
MYH6,Myosin Heavy Chain 6,Protein Coding,0.7671859,95
ATP6V1B1,ATPase H+ Transporting V1 Subunit B1,Protein Coding,0.7671859,94
CYP11B2,Cytochrome P450 Family 11 Subfamily B Member 2,Protein Coding,0.7671859,94
ITGAL,Integrin Subunit Alpha L,Protein Coding,0.7671859,94
MYH7,Myosin Heavy Chain 7,Protein Coding,0.7671859,94
ATP2B3,ATPase Plasma Membrane Ca2+ Transporting 3,Protein Coding,0.7671859,93
SPEN,Spen Family Transcriptional Repressor,Protein Coding,0.7671859,92
MC2R,Melanocortin 2 Receptor,Protein Coding,0.7671859,91
SHOC2,SHOC2 Leucine Rich Repeat Scaffold Protein,Protein Coding,0.7671859,91
LAMC3,Laminin Subunit Gamma 3,Protein Coding,0.7671859,90
ALDH1A2,Aldehyde Dehydrogenase 1 Family Member A2,Protein Coding,0.7671859,89
GUCY1A1,Guanylate Cyclase 1 Soluble Subunit Alpha 1,Protein Coding,0.7671859,89
SLC26A4,Solute Carrier Family 26 Member 4,Protein Coding,0.7671859,89
SLX4,SLX4 Structure-Specific Endonuclease Subunit,Protein Coding,0.7671859,89
PDE4A,Phosphodiesterase 4A,Protein Coding,0.7671859,88
TRIP11,Thyroid Hormone Receptor Interactor 11,Protein Coding,0.7671859,88
CLCN5,Cl-/H+ Antiporter 5,Protein Coding,0.7671859,87
KRIT1,KRIT1 Ankyrin Repeat Containing,Protein Coding,0.7671859,87
MSX2,Msh Homeobox 2,Protein Coding,0.7671859,87
SP7,Sp7 Transcription Factor,Protein Coding,0.7671859,86
MIB2,MIB E3 Ubiquitin Protein Ligase 2,Protein Coding,0.7671859,85
NPHS2,"NPHS2 Stomatin Family Member, Podocin",Protein Coding,0.7671859,85
PSENEN,"Presenilin Enhancer, Gamma-Secretase Subunit",Protein Coding,0.7671859,85
SNAPC4,Small Nuclear RNA Activating Complex Polypeptide 4,Protein Coding,0.7671859,85
TBX6,T-Box Transcription Factor 6,Protein Coding,0.7671859,85
APH1A,Aph-1A Gamma-Secretase Subunit,Protein Coding,0.7671859,84
GIPR,Gastric Inhibitory Polypeptide Receptor,Protein Coding,0.7671859,84
PDE4C,Phosphodiesterase 4C,Protein Coding,0.7671859,84
PTCH2,Patched 2,Protein Coding,0.7671859,84
TBX2,T-Box Transcription Factor 2,Protein Coding,0.7671859,84
ARHGAP31,Rho GTPase Activating Protein 31,Protein Coding,0.7671859,83
FRMPD4,FERM And PDZ Domain Containing 4,Protein Coding,0.7671859,83
MATK,Megakaryocyte-Associated Tyrosine Kinase,Protein Coding,0.7671859,83
AMPH,Amphiphysin,Protein Coding,0.7671859,82
ARMC5,Armadillo Repeat Containing 5,Protein Coding,0.7671859,82
DOCK6,Dedicator Of Cytokinesis 6,Protein Coding,0.7671859,82
ADA2,Adenosine Deaminase 2,Protein Coding,0.7671859,81
AFG2B,AAA ATPase AFG2B,Protein Coding,0.7671859,81
APBA1,Amyloid Beta Precursor Protein Binding Family A Member 1,Protein Coding,0.7671859,81
ATP1A4,ATPase Na+/K+ Transporting Subunit Alpha 4,Protein Coding,0.7671859,81
MED13L,Mediator Complex Subunit 13L,Protein Coding,0.7671859,81
POGLUT1,Protein O-Glucosyltransferase 1,Protein Coding,0.7671859,81
CRH,Corticotropin Releasing Hormone,Protein Coding,0.7671859,80
HAND2,Heart And Neural Crest Derivatives Expressed 2,Protein Coding,0.7671859,80
CHST14,Carbohydrate Sulfotransferase 14,Protein Coding,0.7671859,79
MFAP5,Microfibril Associated Protein 5,Protein Coding,0.7671859,79
MSH4,MutS Homolog 4,Protein Coding,0.7671859,79
PKD1L1,"Polycystin 1 Like 1, Transient Receptor Potential Channel Interacting",Protein Coding,0.7671859,79
CASP5,Caspase 5,Protein Coding,0.7671859,78
GYG2,Glycogenin 2,Protein Coding,0.7671859,78
BPI,Bactericidal Permeability Increasing Protein,Protein Coding,0.7671859,77
FOXI1,Forkhead Box I1,Protein Coding,0.7671859,77
HES7,Hes Family BHLH Transcription Factor 7,Protein Coding,0.7671859,77
KPTN,"Kaptin, Actin Binding Protein",Protein Coding,0.7671859,77
SST,Somatostatin,Protein Coding,0.7671859,77
ADAMTS19,ADAM Metallopeptidase With Thrombospondin Type 1 Motif 19,Protein Coding,0.7671859,76
FKBP14,FKBP Prolyl Isomerase 14,Protein Coding,0.7671859,76
FREM2,FRAS1 Related Extracellular Matrix 2,Protein Coding,0.7671859,76
NEURL1,Neuralized E3 Ubiquitin Protein Ligase 1,Protein Coding,0.7671859,76
QRSL1,Glutaminyl-TRNA Amidotransferase Subunit QRSL1,Protein Coding,0.7671859,75
RNPC3,"RNA Binding Region (RNP1, RRM) Containing 3",Protein Coding,0.7671859,75
RHD,Rh Blood Group D Antigen,Protein Coding,0.7671859,74
TRH,Thyrotropin Releasing Hormone,Protein Coding,0.7671859,74
GYPA,Glycophorin A (MNS Blood Group),Protein Coding,0.7671859,73
NDRG4,NDRG Family Member 4,Protein Coding,0.7671859,73
TBX22,T-Box Transcription Factor 22,Protein Coding,0.7671859,73
HEYL,Hes Related Family BHLH Transcription Factor With YRPW Motif Like,Protein Coding,0.7671859,72
MAML2,Mastermind Like Transcriptional Coactivator 2,Protein Coding,0.7671859,72
MAML3,Mastermind Like Transcriptional Coactivator 3,Protein Coding,0.7671859,72
MESP2,Mesoderm Posterior BHLH Transcription Factor 2,Protein Coding,0.7671859,72
XPNPEP1,X-Prolyl Aminopeptidase 1,Protein Coding,0.7671859,72
CRABP1,Cellular Retinoic Acid Binding Protein 1,Protein Coding,0.7671859,71
NEK3,NIMA Related Kinase 3,Protein Coding,0.7671859,71
AREL1,Apoptosis Resistant E3 Ubiquitin Protein Ligase 1,Protein Coding,0.7671859,70
BMP3,Bone Morphogenetic Protein 3,Protein Coding,0.7671859,70
CSH1,Chorionic Somatomammotropin Hormone 1,Protein Coding,0.7671859,70
GHRH,Growth Hormone Releasing Hormone,Protein Coding,0.7671859,70
PIGM,Phosphatidylinositol Glycan Anchor Biosynthesis Class M,Protein Coding,0.7671859,70
RNASE1,"Ribonuclease A Family Member 1, Pancreatic",Protein Coding,0.7671859,70
COX17,Cytochrome C Oxidase Copper Chaperone COX17,Protein Coding,0.7671859,69
MFNG,MFNG O-Fucosylpeptide 3-Beta-N-Acetylglucosaminyltransferase,Protein Coding,0.7671859,68
PPCDC,Phosphopantothenoylcysteine Decarboxylase,Protein Coding,0.7671859,68
MBD6,Methyl-CpG Binding Domain Protein 6,Protein Coding,0.7671859,67
ZNF875,Zinc Finger Protein 875,Protein Coding,0.7671859,67
RBPJL,Recombination Signal Binding Protein For Immunoglobulin Kappa J Region Like,Protein Coding,0.7671859,66
ZNF133,Zinc Finger Protein 133,Protein Coding,0.7671859,66
NEUROG1,Neurogenin 1,Protein Coding,0.7671859,65
RFNG,RFNG O-Fucosylpeptide 3-Beta-N-Acetylglucosaminyltransferase,Protein Coding,0.7671859,65
TET2-AS1,TET2 Antisense RNA 1,RNA Gene,0.7671859,65
RAD51L3-RFFL,RAD51L3-RFFL Readthrough,RNA Gene,0.7671859,64
BTBD3,BTB Domain Containing 3,Protein Coding,0.7671859,63
RAB3IL1,RAB3A Interacting Protein Like 1,Protein Coding,0.7671859,63
RIPPLY2,Ripply Transcriptional Repressor 2,Protein Coding,0.7671859,63
XXYLT1,Xyloside Xylosyltransferase 1,Protein Coding,0.7671859,62
GPR101,G Protein-Coupled Receptor 101,Protein Coding,0.7671859,61
MT-TH,Mitochondrially Encoded TRNA-His (CAU/C),RNA Gene,0.7671859,61
MT-TT,Mitochondrially Encoded TRNA-Thr (ACN),RNA Gene,0.7671859,61
HES4,Hes Family BHLH Transcription Factor 4,Protein Coding,0.7671859,60
LOC107303338,3p25 FANCD2 Alu-Mediated Recombination Region,Functional Element,0.7671859,60
LOC129390903,MPRA-Validated Peak2919 Silencer,Functional Element,0.7671859,59
ZNF546,Zinc Finger Protein 546,Protein Coding,0.7671859,59
MT-TQ,Mitochondrially Encoded TRNA-Gln (CAA/G),RNA Gene,0.7671859,58
KLLN,"Killin, P53 Regulated DNA Replication Inhibitor",Protein Coding,0.7671859,57
LOC130008148,ATAC-STARR-Seq Lymphoblastoid Silent Region 4588,Functional Element,0.7671859,57
ANKRD49,Ankyrin Repeat Domain 49,Protein Coding,0.7671859,56
ASTE1,Asteroid Structure-Specific Endonuclease 1,Protein Coding,0.7671859,56
HBQ1,Hemoglobin Subunit Theta 1,Protein Coding,0.7671859,56
ONECUT3,One Cut Homeobox 3,Protein Coding,0.7671859,56
HES3,Hes Family BHLH Transcription Factor 3,Protein Coding,0.7671859,55
MT-TG,Mitochondrially Encoded TRNA-Gly (GGN),RNA Gene,0.7671859,55
MT-TK,Mitochondrially Encoded TRNA-Lys (AAA/G),RNA Gene,0.7671859,55
LOC126859807,MED14-Independent Group 3 Enhancer GRCh37_chr6:138196296-138197495,Functional Element,0.7671859,53
LOC130001603,ATAC-STARR-Seq Lymphoblastoid Silent Region 19811,Functional Element,0.7671859,53
PTCSC2,Papillary Thyroid Carcinoma Susceptibility Candidate 2,RNA Gene,0.7671859,53
LOC129933695,ATAC-STARR-Seq Lymphoblastoid Active Region 15732,Functional Element,0.7671859,52
MIR4763,MicroRNA 4763,RNA Gene,0.7671859,52
LOC129936471,ATAC-STARR-Seq Lymphoblastoid Active Region 19671,Functional Element,0.7671859,49
LOC129933708,ATAC-STARR-Seq Lymphoblastoid Silent Region 11469,Functional Element,0.7671859,48
LOC129997916,ATAC-STARR-Seq Lymphoblastoid Active Region 25614,Functional Element,0.7671859,48
LRRC66,Leucine Rich Repeat Containing 66,Protein Coding,0.7671859,48
NGID-105180392,Beta-Globin 3' Hypersensitive Site 1,Functional Element,0.7671859,48
LOC130009836,ATAC-STARR-Seq Lymphoblastoid Active Region 7783,Functional Element,0.7671859,47
LOC130009837,ATAC-STARR-Seq Lymphoblastoid Active Region 7784,Functional Element,0.7671859,47
PRSS58,Serine Protease 58,Protein Coding,0.7671859,47
SLX4IP,SLX4 Interacting Protein,Protein Coding,0.7671859,47
CCDC171,Coiled-Coil Domain Containing 171,Protein Coding,0.7671859,45
LOC129935405,ATAC-STARR-Seq Lymphoblastoid Active Region 16981,Functional Element,0.7671859,45
CCER2,Coiled-Coil Glutamate Rich Protein 2,Protein Coding,0.7671859,42
KSR1,Kinase Suppressor Of Ras 1,Protein Coding,0.742599,87
STX3,Syntaxin 3,Protein Coding,0.742599,86
SLCO3A1,Solute Carrier Organic Anion Transporter Family Member 3A1,Protein Coding,0.742599,76
CEACAM6,CEA Cell Adhesion Molecule 6,Protein Coding,0.742599,74
DR1,Down-Regulator Of Transcription 1,Protein Coding,0.742599,72
ATP9B,ATPase Phospholipid Transporting 9B,Protein Coding,0.742599,69
IFNA5,Interferon Alpha 5,Protein Coding,0.742599,67
UTP23,UTP23 Small Subunit Processome Component,Protein Coding,0.742599,63
TLCD3A,TLC Domain Containing 3A,Protein Coding,0.742599,52
EXOC3L4,Exocyst Complex Component 3 Like 4,Protein Coding,0.742599,51
CCDC17,Coiled-Coil Domain Containing 17,Protein Coding,0.742599,47
CD79B,CD79b Molecule,Protein Coding,0.7393191,96
BLNK,B Cell Linker,Protein Coding,0.7393191,95
IGLL1,Immunoglobulin Lambda Like Polypeptide 1,Protein Coding,0.7393191,81
KCNMA1,Potassium Calcium-Activated Channel Subfamily M Alpha 1,Protein Coding,0.71512896,100
GABRB3,Gamma-Aminobutyric Acid Type A Receptor Subunit Beta3,Protein Coding,0.71512896,98
SCN3B,Sodium Voltage-Gated Channel Beta Subunit 3,Protein Coding,0.71512896,95
SLC25A20,Solute Carrier Family 25 Member 20,Protein Coding,0.71512896,89
DAGLA,Diacylglycerol Lipase Alpha,Protein Coding,0.71512896,85
GAN,Gigaxonin,Protein Coding,0.71512896,85
SLC29A3,Solute Carrier Family 29 Member 3,Protein Coding,0.71512896,85
TPH2,Tryptophan Hydroxylase 2,Protein Coding,0.71512896,83
KCTD7,Potassium Channel Tetramerization Domain Containing 7,Protein Coding,0.71512896,81
CCBE1,Collagen And Calcium Binding EGF Domains 1,Protein Coding,0.71512896,79
NTNG1,Netrin G1,Protein Coding,0.71512896,79
SSH1,Slingshot Protein Phosphatase 1,Protein Coding,0.71512896,79
UNC5C,Unc-5 Netrin Receptor C,Protein Coding,0.71512896,78
SS18L1,SS18L1 Subunit Of BAF Chromatin Remodeling Complex,Protein Coding,0.71512896,75
SH3BP1,SH3 Domain Binding Protein 1,Protein Coding,0.71512896,74
TRIM69,Tripartite Motif Containing 69,Protein Coding,0.71512896,74
CREB3L4,CAMP Responsive Element Binding Protein 3 Like 4,Protein Coding,0.71512896,73
H2AC6,H2A Clustered Histone 6,Protein Coding,0.71512896,72
LILRB3,Leukocyte Immunoglobulin Like Receptor B3,Protein Coding,0.71512896,72
MAP1A,Microtubule Associated Protein 1A,Protein Coding,0.71512896,72
BMP10,Bone Morphogenetic Protein 10,Protein Coding,0.71512896,71
CLCF1,Cardiotrophin Like Cytokine Factor 1,Protein Coding,0.71512896,69
JMJD8,Jumonji Domain Containing 8,Protein Coding,0.71512896,68
LILRB5,Leukocyte Immunoglobulin Like Receptor B5,Protein Coding,0.71512896,68
VGF,VGF Nerve Growth Factor Inducible,Protein Coding,0.71512896,68
INTS3,Integrator Complex Subunit 3,Protein Coding,0.71512896,67
UBXN8,UBX Domain Protein 8,Protein Coding,0.71512896,66
EGFR-AS1,EGFR Antisense RNA 1,RNA Gene,0.71512896,65
TBC1D31,TBC1 Domain Family Member 31,Protein Coding,0.71512896,65
ZKSCAN3,Zinc Finger With KRAB And SCAN Domains 3,Protein Coding,0.71512896,65
MLXIP,MLX Interacting Protein,Protein Coding,0.71512896,64
GPR31,G Protein-Coupled Receptor 31,Protein Coding,0.71512896,63
EIF4E3,Eukaryotic Translation Initiation Factor 4E Family Member 3,Protein Coding,0.71512896,58
MIR517C,MicroRNA 517c,RNA Gene,0.71512896,56
THAP3,THAP Domain Containing 3,Protein Coding,0.71512896,56
VSIG1,V-Set And Immunoglobulin Domain Containing 1,Protein Coding,0.71512896,55
MT1L,Metallothionein 1L (Pseudogene),Pseudogene,0.71512896,54
MIR3935,MicroRNA 3935,RNA Gene,0.71512896,53
MIR548B,MicroRNA 548b,RNA Gene,0.71512896,53
MIR1178,MicroRNA 1178,RNA Gene,0.71512896,52
LINC00847,Long Intergenic Non-Protein Coding RNA 847,RNA Gene,0.71512896,51
LINC00943,Long Intergenic Non-Protein Coding RNA 943,RNA Gene,0.71512896,50
MIR6508,MicroRNA 6508,RNA Gene,0.71512896,50
MIR7111,MicroRNA 7111,RNA Gene,0.71512896,50
PZP2P,"PZP Alpha-2-Macroglobulin Like 2, Pseudogene",Pseudogene,0.71512896,50
HEXIM2-AS2,HEXIM2 Antisense RNA 2,RNA Gene,0.71512896,48
RACGAP1P1,Rac GTPase Activating Protein 1 Pseudogene 1,Pseudogene,0.71512896,48
CT83,Cancer/Testis Antigen 83,Protein Coding,0.71512896,38
CCL15-CCL14,CCL15-CCL14 Readthrough (NMD Candidate),Protein Coding,0.71512896,37
SYS1-DBNDD2,SYS1-DBNDD2 Readthrough (NMD Candidate),Protein Coding,0.71512896,33
FGFR1OP2,FGFR1 Oncogene Partner 2,Protein Coding,0.7134106,60
PLCG2,Phospholipase C Gamma 2,Protein Coding,0.7082578,100
PLEK,Pleckstrin,Protein Coding,0.7082578,74
SH3BP5,SH3 Domain Binding Protein 5,Protein Coding,0.7082578,67
LRRC8B,Leucine Rich Repeat Containing 8 VRAC Subunit B,Protein Coding,0.7082578,66
GOPC,Golgi Associated PDZ And Coiled-Coil Motif Containing,Protein Coding,0.6787189,77
GFAP,Glial Fibrillary Acidic Protein,Protein Coding,0.65456605,100
CHM,CHM Rab Escort Protein,Protein Coding,0.65456605,86
WDFY3,WD Repeat And FYVE Domain Containing 3,Protein Coding,0.65456605,85
ZNFX1,Zinc Finger NFX1-Type Containing 1,Protein Coding,0.65456605,81
TPCN2,Two Pore Segment Channel 2,Protein Coding,0.65456605,79
GRHL3,Grainyhead Like Transcription Factor 3,Protein Coding,0.65456605,77
PSKH1,Protein Serine Kinase H1,Protein Coding,0.65456605,67
IL22RA2,Interleukin 22 Receptor Subunit Alpha 2,Protein Coding,0.65456605,65
UBP1,Upstream Binding Protein 1,Protein Coding,0.65456605,65
TFCP2L1,Transcription Factor CP2 Like 1,Protein Coding,0.65456605,64
CST6,Cystatin E/M,Protein Coding,0.65456605,62
RNU6ATAC,"RNA, U6atac Small Nuclear",RNA Gene,0.65456605,59
RNU2-1,"RNA, U2 Small Nuclear 1",RNA Gene,0.65456605,56
LINC01587,Long Intergenic Non-Protein Coding RNA 1587,RNA Gene,0.65456605,55
MIR4668,MicroRNA 4668,RNA Gene,0.65456605,54
HAS2-AS1,HAS2 Antisense RNA 1,RNA Gene,0.65456605,53
LINC00458,Long Intergenic Non-Protein Coding RNA 458,RNA Gene,0.65456605,53
LINC00504,Long Intergenic Non-Protein Coding RNA 504,RNA Gene,0.65456605,53
MIR1915HG,MIR1915 Host Gene,RNA Gene,0.65456605,53
SNHG33,Small Nucleolar RNA Host Gene 33,RNA Gene,0.65456605,52
LINC00092,Long Intergenic Non-Protein Coding RNA 92,RNA Gene,0.65456605,51
CFAP58-DT,CFAP58 Divergent Transcript,RNA Gene,0.65456605,50
MIR4311,MicroRNA 4311,RNA Gene,0.65456605,50
LINC01610,Long Intergenic Non-Protein Coding RNA 1610,RNA Gene,0.65456605,48
LINC02449,Long Intergenic Non-Protein Coding RNA 2449,RNA Gene,0.65456605,48
ERVW-4,Endogenous Retrovirus Group W Member 4,Uncategorized,0.65456605,45
PRKCZ,Protein Kinase C Zeta,Protein Coding,0.5768236,94
ASCC1,Activating Signal Cointegrator 1 Complex Subunit 1,Protein Coding,0.5768236,88
EPB41L3,Erythrocyte Membrane Protein Band 4.1 Like 3,Protein Coding,0.5768236,86
ATP10A,ATPase Phospholipid Transporting 10A (Putative),Protein Coding,0.5768236,84
SFTPC,Surfactant Protein C,Protein Coding,0.5768236,83
GCG,Glucagon,Protein Coding,0.5768236,81
SLCO1C1,Solute Carrier Organic Anion Transporter Family Member 1C1,Protein Coding,0.5768236,79
SLCO4A1,Solute Carrier Organic Anion Transporter Family Member 4A1,Protein Coding,0.5768236,78
ACP3,Acid Phosphatase 3,Protein Coding,0.5768236,74
ABCC11,ATP Binding Cassette Subfamily C Member 11,Protein Coding,0.5768236,73
ATP8B2,ATPase Phospholipid Transporting 8B2,Protein Coding,0.5768236,73
SCGB1A1,Secretoglobin Family 1A Member 1,Protein Coding,0.5768236,73
ATP10B,ATPase Phospholipid Transporting 10B (Putative),Protein Coding,0.5768236,72
ATP8B3,ATPase Phospholipid Transporting 8B3,Protein Coding,0.5768236,72
MUC17,"Mucin 17, Cell Surface Associated",Protein Coding,0.5768236,72
CRYGC,Crystallin Gamma C,Protein Coding,0.5768236,71
DOK3,Docking Protein 3,Protein Coding,0.5768236,71
ATP8B4,ATPase Phospholipid Transporting 8B4 (Putative),Protein Coding,0.5768236,70
AMIGO2,Adhesion Molecule With Ig Like Domain 2,Protein Coding,0.5768236,66
PAEP,Progestagen Associated Endometrial Protein,Protein Coding,0.5768236,66
ANKLE1,Ankyrin Repeat And LEM Domain Containing 1,Protein Coding,0.5768236,65
GAST,Gastrin,Protein Coding,0.5768236,65
CEACAM7,CEA Cell Adhesion Molecule 7,Protein Coding,0.5768236,64
CELA3B,Chymotrypsin Like Elastase 3B,Protein Coding,0.5768236,64
SUPT7L,"SPT7 Like, STAGA Complex Subunit Gamma",Protein Coding,0.5768236,63
GDF7,Growth Differentiation Factor 7,Protein Coding,0.5768236,62
MIER3,MIER Family Member 3,Protein Coding,0.5768236,62
SLC35F6,Solute Carrier Family 35 Member F6,Protein Coding,0.5768236,62
ZG16B,Zymogen Granule Protein 16B,Protein Coding,0.5768236,62
NAPSA,Napsin A Aspartic Peptidase,Protein Coding,0.5768236,61
BORCS5,BLOC-1 Related Complex Subunit 5,Protein Coding,0.5768236,60
ATPAF1,ATP Synthase Mitochondrial F1 Complex Assembly Factor 1,Protein Coding,0.5768236,59
LOC126861662,MED14-Independent Group 3 Enhancer GRCh37_chr12:122293687-122294886,Functional Element,0.5768236,53
C19orf48P,"Chromosome 19 Open Reading Frame 48, Pseudogene",Pseudogene,0.5768236,52
LUADT1,Lung Adenocarcinoma Associated Transcript 1,RNA Gene,0.5768236,51
MYO1D-DT,MYO1D Divergent Transcript,RNA Gene,0.5768236,48
HVBS7,Hepatitis B Virus Integration Site 7,Uncategorized,0.5768236,39
RTEL1,Regulator Of Telomere Elongation Helicase 1,Protein Coding,0.57354367,94
INS-IGF2,INS-IGF2 Readthrough,Protein Coding,0.57354367,61
LOC126860395,BRD4-Independent Group 4 Enhancer GRCh37_chr8:57079228-57080427,Functional Element,0.57354367,49
LOC129933372,ATAC-STARR-Seq Lymphoblastoid Active Region 15495,Functional Element,0.57354367,46
GIMAP1-GIMAP5,GIMAP1-GIMAP5 Readthrough,Protein Coding,0.57354367,39
RORB,RAR Related Orphan Receptor B,Protein Coding,0.5476352,90
CEP43,Centrosomal Protein 43,Protein Coding,0.5476352,81
FGFR3P1,Fibroblast Growth Factor Receptor 3 Pseudogene 1,Pseudogene,0.5476352,49
LIG4,DNA Ligase 4,Protein Coding,0.5424824,97
IL10RA,Interleukin 10 Receptor Subunit Alpha,Protein Coding,0.5424824,95
UNC93B1,Unc-93B1 Regulator Of TLR Signaling,Protein Coding,0.5424824,90
LCP2,Lymphocyte Cytosolic Protein 2,Protein Coding,0.5424824,82
PADI6,Peptidyl Arginine Deiminase 6,Protein Coding,0.5424824,75
ZFP57,ZFP57 Zinc Finger Protein,Protein Coding,0.5424824,74
SHOX,SHOX Homeobox,Protein Coding,0.5424824,73
SPN,Sialophorin,Protein Coding,0.5424824,71
LRRC8D,Leucine Rich Repeat Containing 8 VRAC Subunit D,Protein Coding,0.5424824,68
PLEK2,Pleckstrin 2,Protein Coding,0.5424824,66
ZDBF2,Zinc Finger DBF-Type Containing 2,Protein Coding,0.5424824,63
ZNF445,Zinc Finger Protein 445,Protein Coding,0.5424824,63
MAL,"Mal, T Cell Differentiation Protein (MAL Blood Group)",Protein Coding,0.5424824,62
TAF7L,TATA-Box Binding Protein Associated Factor 7 Like,Protein Coding,0.5424824,61
VPREB1,V-Set Pre-B Cell Surrogate Light Chain 1,Protein Coding,0.5424824,59
KHDC3L,"KH Domain Containing 3 Like, Subcortical Maternal Complex Member",Protein Coding,0.5424824,58
RTL1,Retrotransposon Gag Like 1,Protein Coding,0.5424824,58
ZNF597,Zinc Finger Protein 597,Protein Coding,0.5424824,58
OOEP,Oocyte Expressed Protein,Protein Coding,0.5424824,57
CMKLR2-AS,CMKLR2 Antisense RNA,RNA Gene,0.5424824,55
MESTIT1,"MEST Intronic Transcript 1, Antisense RNA",RNA Gene,0.5424824,54
FAM50B,Family With Sequence Similarity 50 Member B,Protein Coding,0.5424824,52
RNR4,"RNA, Ribosomal 45S Cluster 4",RNA Gene,0.5424824,50
LOC102723407,Immunoglobulin Heavy Variable 4-38-2-Like,Protein Coding,0.5424824,32
C9,Complement C9,Protein Coding,0.43860054,92
GSTA3,Glutathione S-Transferase Alpha 3,Protein Coding,0.40606523,72
KIR2DL2,"Killer Cell Immunoglobulin Like Receptor, Two Ig Domains And Long Cytoplasmic Tail 2",Protein Coding,0.40606523,56
IRF9,Interferon Regulatory Factor 9,Protein Coding,0.37068513,91
ARID4A,AT-Rich Interaction Domain 4A,Protein Coding,0.37068513,77
IGFBP4,Insulin Like Growth Factor Binding Protein 4,Protein Coding,0.37068513,75
PLPP2,Phospholipid Phosphatase 2,Protein Coding,0.37068513,71
HDGFL3,HDGF Like 3,Protein Coding,0.37068513,57
TP53I11,Tumor Protein P53 Inducible Protein 11,Protein Coding,0.37068513,55
PTPRF,Protein Tyrosine Phosphatase Receptor Type F,Protein Coding,0.33155087,94
GHRL,Ghrelin And Obestatin Prepropeptide,Protein Coding,0.33155087,81
F11R,F11 Receptor,Protein Coding,0.33155087,80
FOXO4,Forkhead Box O4,Protein Coding,0.33155087,78
LHX2,LIM Homeobox 2,Protein Coding,0.33155087,77
OSTM1,Osteoclastogenesis Associated Transmembrane Protein 1,Protein Coding,0.33155087,77
UGT2B17,UDP Glucuronosyltransferase Family 2 Member B17,Protein Coding,0.33155087,74
SESN1,Sestrin 1,Protein Coding,0.33155087,73
ISG20,Interferon Stimulated Exonuclease Gene 20,Protein Coding,0.33155087,69
IFNL1,Interferon Lambda 1,Protein Coding,0.33155087,67
SUB1,SUB1 Regulator Of Transcription,Protein Coding,0.33155087,67
DOK4,Docking Protein 4,Protein Coding,0.33155087,65
INHBE,Inhibin Subunit Beta E,Protein Coding,0.33155087,65
ELOVL3,ELOVL Fatty Acid Elongase 3,Protein Coding,0.33155087,64
ARL4D,ARF Like GTPase 4D,Protein Coding,0.33155087,62
IRX2-DT,IRX2 Divergent Transcript,RNA Gene,0.33155087,61
KIR2DS4,"Killer Cell Immunoglobulin Like Receptor, Two Ig Domains And Short Cytoplasmic Tail 4 (Gene/Pseudogene)",Protein Coding,0.33155087,61
MIR7152,MicroRNA 7152,RNA Gene,0.33155087,49
CACNA2D1,Calcium Voltage-Gated Channel Auxiliary Subunit Alpha2delta 1,Protein Coding,0.2871315,100
PPP3CA,Protein Phosphatase 3 Catalytic Subunit Alpha,Protein Coding,0.2871315,100
GABRG2,Gamma-Aminobutyric Acid Type A Receptor Subunit Gamma2,Protein Coding,0.2871315,99
SYNE1,Spectrin Repeat Containing Nuclear Envelope Protein 1,Protein Coding,0.2871315,93
CAMKK2,Calcium/Calmodulin Dependent Protein Kinase Kinase 2,Protein Coding,0.2871315,91
CPAP,Centrosome Assembly And Centriole Elongation Protein,Protein Coding,0.2871315,91
PRKAG1,Protein Kinase AMP-Activated Non-Catalytic Subunit Gamma 1,Protein Coding,0.2871315,91
PRLR,Prolactin Receptor,Protein Coding,0.2871315,90
ERLIN2,ER Lipid Raft Associated 2,Protein Coding,0.2871315,89
MYLK2,Myosin Light Chain Kinase 2,Protein Coding,0.2871315,88
CHN1,Chimerin 1,Protein Coding,0.2871315,87
FGF1,Fibroblast Growth Factor 1,Protein Coding,0.2871315,87
IL1RAP,Interleukin 1 Receptor Accessory Protein,Protein Coding,0.2871315,87
ABI2,Abl Interactor 2,Protein Coding,0.2871315,86
HTR2B,5-Hydroxytryptamine Receptor 2B,Protein Coding,0.2871315,85
HSD11B1,Hydroxysteroid 11-Beta Dehydrogenase 1,Protein Coding,0.2871315,84
C4BPA,Complement Component 4 Binding Protein Alpha,Protein Coding,0.2871315,83
MECR,Mitochondrial Trans-2-Enoyl-CoA Reductase,Protein Coding,0.2871315,83
RAD17,RAD17 Checkpoint Clamp Loader Component,Protein Coding,0.2871315,83
SERPIND1,Serpin Family D Member 1,Protein Coding,0.2871315,82
APBB1IP,Amyloid Beta Precursor Protein Binding Family B Member 1 Interacting Protein,Protein Coding,0.2871315,80
CAMK1D,Calcium/Calmodulin Dependent Protein Kinase ID,Protein Coding,0.2871315,80
TBX21,T-Box Transcription Factor 21,Protein Coding,0.2871315,79
ZBP1,Z-DNA Binding Protein 1,Protein Coding,0.2871315,78
BCL2A1,BCL2 Related Protein A1,Protein Coding,0.2871315,77
NSD3,Nuclear Receptor Binding SET Domain Protein 3,Protein Coding,0.2871315,77
GRP,Gastrin Releasing Peptide,Protein Coding,0.2871315,75
UBXN6,UBX Domain Protein 6,Protein Coding,0.2871315,72
PRDM14,PR/SET Domain 14,Protein Coding,0.2871315,70
STARD7,StAR Related Lipid Transfer Domain Containing 7,Protein Coding,0.2871315,70
PAOX,Polyamine Oxidase,Protein Coding,0.2871315,69
DBP,D-Box Binding PAR BZIP Transcription Factor,Protein Coding,0.2871315,68
PCOLCE,Procollagen C-Endopeptidase Enhancer,Protein Coding,0.2871315,67
MYLK4,Myosin Light Chain Kinase Family Member 4,Protein Coding,0.2871315,66
RHBDD1,Rhomboid Domain Containing 1,Protein Coding,0.2871315,66
CIDEB,Cell Death Inducing DFFA Like Effector B,Protein Coding,0.2871315,65
ETNPPL,Ethanolamine-Phosphate Phospho-Lyase,Protein Coding,0.2871315,65
GSTT2,Glutathione S-Transferase Theta 2 (Gene/Pseudogene),Protein Coding,0.2871315,65
INMT,Indolethylamine N-Methyltransferase,Protein Coding,0.2871315,63
TOB1,"Transducer Of ERBB2, 1",Protein Coding,0.2871315,63
BTBD10,BTB Domain Containing 10,Protein Coding,0.2871315,61
GSTA5,Glutathione S-Transferase Alpha 5,Protein Coding,0.2871315,61
ITIH5,Inter-Alpha-Trypsin Inhibitor Heavy Chain 5,Protein Coding,0.2871315,60
LRRC23,Leucine Rich Repeat Containing 23,Protein Coding,0.2871315,60
OCIAD2,OCIA Domain Containing 2,Protein Coding,0.2871315,59
SNHG10,Small Nucleolar RNA Host Gene 10,RNA Gene,0.2871315,58
ZNF763,Zinc Finger Protein 763,Protein Coding,0.2871315,58
ADIRF,Adipogenesis Regulatory Factor,Protein Coding,0.2871315,57
LY6D,Lymphocyte Antigen 6 Family Member D,Protein Coding,0.2871315,57
PIP4P2,"Phosphatidylinositol-4,5-Bisphosphate 4-Phosphatase 2",Protein Coding,0.2871315,57
PRRX2,Paired Related Homeobox 2,Protein Coding,0.2871315,57
RNU6-2,"RNA, U6 Small Nuclear 2",RNA Gene,0.2871315,57
NREP,Neuronal Regeneration Related Protein,Protein Coding,0.2871315,56
OR1A2,Olfactory Receptor Family 1 Subfamily A Member 2,Protein Coding,0.2871315,55
SCAND1,SCAN Domain Containing 1,Protein Coding,0.2871315,55
MIR1973,MicroRNA 1973,RNA Gene,0.2871315,51
LOC110366354,CYP3A4 5' Regulatory Region,Functional Element,0.2871315,45
LOC110599585,CYP2E1 5' Regulatory Region,Functional Element,0.2871315,45
ENSG00000262732,"Novel Transcript, Antisense To ERCC4",RNA Gene,0.2871315,41
PROS1,Protein S,Protein Coding,0.23444186,100
RHO,Rhodopsin,Protein Coding,0.23444186,100
SLC1A2,Solute Carrier Family 1 Member 2,Protein Coding,0.23444186,100
TNC,Tenascin C,Protein Coding,0.23444186,100
F11,Coagulation Factor XI,Protein Coding,0.23444186,98
DLG3,Discs Large MAGUK Scaffold Protein 3,Protein Coding,0.23444186,97
SCNN1A,Sodium Channel Epithelial 1 Subunit Alpha,Protein Coding,0.23444186,97
OXTR,Oxytocin Receptor,Protein Coding,0.23444186,96
P2RY12,Purinergic Receptor P2Y12,Protein Coding,0.23444186,96
PBX1,PBX Homeobox 1,Protein Coding,0.23444186,96
POLR2F,"RNA Polymerase II, I And III Subunit F",Protein Coding,0.23444186,96
SHANK3,SH3 And Multiple Ankyrin Repeat Domains 3,Protein Coding,0.23444186,96
PDE3A,Phosphodiesterase 3A,Protein Coding,0.23444186,95
NPR2,Natriuretic Peptide Receptor 2,Protein Coding,0.23444186,94
SIGMAR1,Sigma Non-Opioid Intracellular Receptor 1,Protein Coding,0.23444186,92
DSC2,Desmocollin 2,Protein Coding,0.23444186,91
ABL2,"ABL Proto-Oncogene 2, Non-Receptor Tyrosine Kinase",Protein Coding,0.23444186,90
CHRNB1,Cholinergic Receptor Nicotinic Beta 1 Subunit,Protein Coding,0.23444186,90
STAR,Steroidogenic Acute Regulatory Protein,Protein Coding,0.23444186,90
AMH,Anti-Mullerian Hormone,Protein Coding,0.23444186,89
GUCY2C,Guanylate Cyclase 2C,Protein Coding,0.23444186,89
LRAT,Lecithin Retinol Acyltransferase,Protein Coding,0.23444186,89
MAPKAPK2,MAPK Activated Protein Kinase 2,Protein Coding,0.23444186,89
CTNNA3,Catenin Alpha 3,Protein Coding,0.23444186,88
GK,Glycerol Kinase,Protein Coding,0.23444186,88
PRICKLE1,Prickle Planar Cell Polarity Protein 1,Protein Coding,0.23444186,88
PTK6,Protein Tyrosine Kinase 6,Protein Coding,0.23444186,88
SLC4A7,Solute Carrier Family 4 Member 7,Protein Coding,0.23444186,88
BACE1,Beta-Secretase 1,Protein Coding,0.23444186,87
NID1,Nidogen 1,Protein Coding,0.23444186,87
PCSK5,Proprotein Convertase Subtilisin/Kexin Type 5,Protein Coding,0.23444186,87
ADAMTSL4,ADAMTS Like 4,Protein Coding,0.23444186,86
AFG2A,AAA ATPase AFG2A,Protein Coding,0.23444186,86
CNTNAP1,Contactin Associated Protein 1,Protein Coding,0.23444186,86
CR1,Complement C3b/C4b Receptor 1 (Knops Blood Group),Protein Coding,0.23444186,86
IL1R2,Interleukin 1 Receptor Type 2,Protein Coding,0.23444186,86
MCFD2,"Multiple Coagulation Factor Deficiency 2, ER Cargo Receptor Complex Subunit",Protein Coding,0.23444186,86
MYLIP,Myosin Regulatory Light Chain Interacting Protein,Protein Coding,0.23444186,86
ACBD5,Acyl-CoA Binding Domain Containing 5,Protein Coding,0.23444186,85
COL9A3,Collagen Type IX Alpha 3 Chain,Protein Coding,0.23444186,85
PSMB10,Proteasome 20S Subunit Beta 10,Protein Coding,0.23444186,85
PARP10,Poly(ADP-Ribose) Polymerase Family Member 10,Protein Coding,0.23444186,84
RPIA,Ribose 5-Phosphate Isomerase A,Protein Coding,0.23444186,84
SP110,SP110 Nuclear Body Protein,Protein Coding,0.23444186,84
TANK,TRAF Family Member Associated NFKB Activator,Protein Coding,0.23444186,84
LTC4S,Leukotriene C4 Synthase,Protein Coding,0.23444186,83
P2RY1,Purinergic Receptor P2Y1,Protein Coding,0.23444186,83
PDE9A,Phosphodiesterase 9A,Protein Coding,0.23444186,83
POMK,Protein O-Mannose Kinase,Protein Coding,0.23444186,83
NDUFAF1,NADH:Ubiquinone Oxidoreductase Complex Assembly Factor 1,Protein Coding,0.23444186,82
ORC6,Origin Recognition Complex Subunit 6,Protein Coding,0.23444186,82
PLA2G1B,Phospholipase A2 Group IB,Protein Coding,0.23444186,82
TTPA,Alpha Tocopherol Transfer Protein,Protein Coding,0.23444186,82
CCL11,C-C Motif Chemokine Ligand 11,Protein Coding,0.23444186,81
CXADR,CXADR Cell Adhesion Molecule,Protein Coding,0.23444186,81
LRIG1,Leucine Rich Repeats And Immunoglobulin Like Domains 1,Protein Coding,0.23444186,81
MAP3K12,Mitogen-Activated Protein Kinase Kinase Kinase 12,Protein Coding,0.23444186,81
NCR1,Natural Cytotoxicity Triggering Receptor 1,Protein Coding,0.23444186,81
NGEF,Neuronal Guanine Nucleotide Exchange Factor,Protein Coding,0.23444186,81
TANC2,"Tetratricopeptide Repeat, Ankyrin Repeat And Coiled-Coil Containing 2",Protein Coding,0.23444186,81
CPN1,Carboxypeptidase N Subunit 1,Protein Coding,0.23444186,80
HOGA1,4-Hydroxy-2-Oxoglutarate Aldolase 1,Protein Coding,0.23444186,80
KRT4,Keratin 4,Protein Coding,0.23444186,80
MYLK3,Myosin Light Chain Kinase 3,Protein Coding,0.23444186,80
RASGRP3,RAS Guanyl Releasing Protein 3,Protein Coding,0.23444186,80
ACSM3,Acyl-CoA Synthetase Medium Chain Family Member 3,Protein Coding,0.23444186,79
ANAPC4,Anaphase Promoting Complex Subunit 4,Protein Coding,0.23444186,79
CREB3L2,CAMP Responsive Element Binding Protein 3 Like 2,Protein Coding,0.23444186,79
EPHA6,EPH Receptor A6,Protein Coding,0.23444186,79
LGMN,Legumain,Protein Coding,0.23444186,79
MCEE,Methylmalonyl-CoA Epimerase,Protein Coding,0.23444186,79
RLIM,"Ring Finger Protein, LIM Domain Interacting",Protein Coding,0.23444186,79
ARID5B,AT-Rich Interaction Domain 5B,Protein Coding,0.23444186,78
MSMO1,Methylsterol Monooxygenase 1,Protein Coding,0.23444186,78
UBE2L6,Ubiquitin Conjugating Enzyme E2 L6,Protein Coding,0.23444186,78
CDH6,Cadherin 6,Protein Coding,0.23444186,77
DERL1,Derlin 1,Protein Coding,0.23444186,77
GDA,Guanine Deaminase,Protein Coding,0.23444186,77
PITX3,Paired Like Homeodomain 3,Protein Coding,0.23444186,77
SGMS2,Sphingomyelin Synthase 2,Protein Coding,0.23444186,77
SLC6A6,Solute Carrier Family 6 Member 6,Protein Coding,0.23444186,77
SYNPO,Synaptopodin,Protein Coding,0.23444186,77
CISH,Cytokine Inducible SH2 Containing Protein,Protein Coding,0.23444186,76
ENPP3,Ectonucleotide Pyrophosphatase/Phosphodiesterase 3,Protein Coding,0.23444186,76
FMNL1,Formin Like 1,Protein Coding,0.23444186,76
GABARAPL2,GABA Type A Receptor Associated Protein Like 2,Protein Coding,0.23444186,76
IFNLR1,Interferon Lambda Receptor 1,Protein Coding,0.23444186,76
IL19,Interleukin 19,Protein Coding,0.23444186,76
LMO2,LIM Domain Only 2,Protein Coding,0.23444186,76
NFYB,Nuclear Transcription Factor Y Subunit Beta,Protein Coding,0.23444186,76
SLC25A26,Solute Carrier Family 25 Member 26,Protein Coding,0.23444186,76
SULT1E1,Sulfotransferase Family 1E Member 1,Protein Coding,0.23444186,76
UBE2H,Ubiquitin Conjugating Enzyme E2 H,Protein Coding,0.23444186,76
CYP2S1,Cytochrome P450 Family 2 Subfamily S Member 1,Protein Coding,0.23444186,75
KLHL24,Kelch Like Family Member 24,Protein Coding,0.23444186,75
KLK7,Kallikrein Related Peptidase 7,Protein Coding,0.23444186,75
PDZD2,PDZ Domain Containing 2,Protein Coding,0.23444186,75
PELI1,Pellino E3 Ubiquitin Protein Ligase 1,Protein Coding,0.23444186,75
CTDSP1,CTD Small Phosphatase 1,Protein Coding,0.23444186,74
DIO2,Iodothyronine Deiodinase 2,Protein Coding,0.23444186,74
FABP2,Fatty Acid Binding Protein 2,Protein Coding,0.23444186,74
KCNIP3,Potassium Voltage-Gated Channel Interacting Protein 3,Protein Coding,0.23444186,74
MCU,Mitochondrial Calcium Uniporter,Protein Coding,0.23444186,74
MMRN1,Multimerin 1,Protein Coding,0.23444186,74
CD83,CD83 Molecule,Protein Coding,0.23444186,73
DRAM2,DNA Damage Regulated Autophagy Modulator 2,Protein Coding,0.23444186,73
DUSP8,Dual Specificity Phosphatase 8,Protein Coding,0.23444186,73
KIR2DL1,"Killer Cell Immunoglobulin Like Receptor, Two Ig Domains And Long Cytoplasmic Tail 1",Protein Coding,0.23444186,73
KRT15,Keratin 15,Protein Coding,0.23444186,73
MGST3,Microsomal Glutathione S-Transferase 3,Protein Coding,0.23444186,73
STAP1,Signal Transducing Adaptor Family Member 1,Protein Coding,0.23444186,73
ABCD2,ATP Binding Cassette Subfamily D Member 2,Protein Coding,0.23444186,72
CHML,CHM Like Rab Escort Protein,Protein Coding,0.23444186,72
LPCAT2,Lysophosphatidylcholine Acyltransferase 2,Protein Coding,0.23444186,72
LPCAT3,Lysophosphatidylcholine Acyltransferase 3,Protein Coding,0.23444186,72
PEAK1,Pseudopodium Enriched Atypical Kinase 1,Protein Coding,0.23444186,72
REEP6,Receptor Accessory Protein 6,Protein Coding,0.23444186,72
RSPO3,R-Spondin 3,Protein Coding,0.23444186,72
SLC6A14,Solute Carrier Family 6 Member 14,Protein Coding,0.23444186,72
ADAMTS8,ADAM Metallopeptidase With Thrombospondin Type 1 Motif 8,Protein Coding,0.23444186,71
CDC42BPG,CDC42 Binding Protein Kinase Gamma,Protein Coding,0.23444186,71
DPP7,Dipeptidyl Peptidase 7,Protein Coding,0.23444186,71
IL22RA1,Interleukin 22 Receptor Subunit Alpha 1,Protein Coding,0.23444186,71
SLC20A1,Solute Carrier Family 20 Member 1,Protein Coding,0.23444186,71
CENPN,Centromere Protein N,Protein Coding,0.23444186,70
COX7A1,Cytochrome C Oxidase Subunit 7A1,Protein Coding,0.23444186,70
HIBADH,3-Hydroxyisobutyrate Dehydrogenase,Protein Coding,0.23444186,70
IFIT2,Interferon Induced Protein With Tetratricopeptide Repeats 2,Protein Coding,0.23444186,70
INSIG2,Insulin Induced Gene 2,Protein Coding,0.23444186,70
POLR3G,RNA Polymerase III Subunit G,Protein Coding,0.23444186,70
RGL1,Ral Guanine Nucleotide Dissociation Stimulator Like 1,Protein Coding,0.23444186,70
RNF144B,Ring Finger Protein 144B,Protein Coding,0.23444186,70
SLC17A9,Solute Carrier Family 17 Member 9,Protein Coding,0.23444186,70
TSC22D1,TSC22 Domain Family Member 1,Protein Coding,0.23444186,70
UHMK1,U2AF Homology Motif Kinase 1,Protein Coding,0.23444186,70
B3GNT3,"UDP-GlcNAc:BetaGal Beta-1,3-N-Acetylglucosaminyltransferase 3",Protein Coding,0.23444186,69
CENPI,Centromere Protein I,Protein Coding,0.23444186,69
DENND2B,DENN Domain Containing 2B,Protein Coding,0.23444186,69
ETNK2,Ethanolamine Kinase 2,Protein Coding,0.23444186,69
GNG10,G Protein Subunit Gamma 10,Protein Coding,0.23444186,69
GPR39,G Protein-Coupled Receptor 39,Protein Coding,0.23444186,69
IL20,Interleukin 20,Protein Coding,0.23444186,69
LY6E,Lymphocyte Antigen 6 Family Member E,Protein Coding,0.23444186,69
UBXN7,UBX Domain Protein 7,Protein Coding,0.23444186,69
ERN2,Endoplasmic Reticulum To Nucleus Signaling 2,Protein Coding,0.23444186,68
ESCO1,Establishment Of Sister Chromatid Cohesion N-Acetyltransferase 1,Protein Coding,0.23444186,68
GPAT3,Glycerol-3-Phosphate Acyltransferase 3,Protein Coding,0.23444186,68
HSF2,Heat Shock Transcription Factor 2,Protein Coding,0.23444186,68
MOXD1,Monooxygenase DBH Like 1,Protein Coding,0.23444186,68
RASSF2,Ras Association Domain Family Member 2,Protein Coding,0.23444186,68
SDR16C5,Short Chain Dehydrogenase/Reductase Family 16C Member 5,Protein Coding,0.23444186,68
SULT1C2,Sulfotransferase Family 1C Member 2,Protein Coding,0.23444186,68
ADGRF1,Adhesion G Protein-Coupled Receptor F1,Protein Coding,0.23444186,67
CLMP,CXADR Like Cell Adhesion Molecule,Protein Coding,0.23444186,67
CPEB2,Cytoplasmic Polyadenylation Element Binding Protein 2,Protein Coding,0.23444186,67
KLHL13,Kelch Like Family Member 13,Protein Coding,0.23444186,67
SSR1,Signal Sequence Receptor Subunit 1,Protein Coding,0.23444186,67
UROC1,Urocanate Hydratase 1,Protein Coding,0.23444186,67
CMKLR2,Chemerin Chemokine-Like Receptor 2,Protein Coding,0.23444186,66
DNAJC12,DnaJ Heat Shock Protein Family (Hsp40) Member C12,Protein Coding,0.23444186,66
HSPA13,Heat Shock Protein Family A (Hsp70) Member 13,Protein Coding,0.23444186,66
IFITM2,Interferon Induced Transmembrane Protein 2,Protein Coding,0.23444186,66
PCSK4,Proprotein Convertase Subtilisin/Kexin Type 4,Protein Coding,0.23444186,66
CLMN,Calmin,Protein Coding,0.23444186,65
ELP5,Elongator Acetyltransferase Complex Subunit 5,Protein Coding,0.23444186,65
PLA2G12A,Phospholipase A2 Group XIIA,Protein Coding,0.23444186,65
RAB20,"RAB20, Member RAS Oncogene Family",Protein Coding,0.23444186,65
ROPN1L,Rhophilin Associated Tail Protein 1 Like,Protein Coding,0.23444186,65
SLC12A8,Solute Carrier Family 12 Member 8,Protein Coding,0.23444186,65
TIMD4,T Cell Immunoglobulin And Mucin Domain Containing 4,Protein Coding,0.23444186,65
TNFAIP2,TNF Alpha Induced Protein 2,Protein Coding,0.23444186,65
ABHD11,Abhydrolase Domain Containing 11,Protein Coding,0.23444186,64
CALML4,Calmodulin Like 4,Protein Coding,0.23444186,64
GPM6B,Glycoprotein M6B,Protein Coding,0.23444186,64
GREM2,"Gremlin 2, DAN Family BMP Antagonist",Protein Coding,0.23444186,64
IGFN1,Immunoglobulin Like And Fibronectin Type III Domain Containing 1,Protein Coding,0.23444186,64
NAT8,N-Acetyltransferase 8 (Putative),Protein Coding,0.23444186,64
SDF2L1,Stromal Cell Derived Factor 2 Like 1,Protein Coding,0.23444186,64
TSC22D3,TSC22 Domain Family Member 3,Protein Coding,0.23444186,64
ZDHHC20,ZDHHC Palmitoyltransferase 20,Protein Coding,0.23444186,64
ABHD4,"Abhydrolase Domain Containing 4, N-Acyl Phospholipase B",Protein Coding,0.23444186,63
B3GALT1,"Beta-1,3-Galactosyltransferase 1",Protein Coding,0.23444186,63
BORA,BORA Aurora Kinase A Activator,Protein Coding,0.23444186,63
CLYBL,Citramalyl-CoA Lyase,Protein Coding,0.23444186,63
JCHAIN,Joining Chain Of Multimeric IgA And IgM,Protein Coding,0.23444186,63
SUSD4,Sushi Domain Containing 4,Protein Coding,0.23444186,63
SYT12,Synaptotagmin 12,Protein Coding,0.23444186,63
TMEM25,Transmembrane Protein 25,Protein Coding,0.23444186,63
TTYH3,Tweety Family Member 3,Protein Coding,0.23444186,63
USP43,Ubiquitin Specific Peptidase 43,Protein Coding,0.23444186,63
ACBD4,Acyl-CoA Binding Domain Containing 4,Protein Coding,0.23444186,62
GCHFR,GTP Cyclohydrolase I Feedback Regulator,Protein Coding,0.23444186,62
HASPIN,Histone H3 Associated Protein Kinase,Protein Coding,0.23444186,62
INTS2,Integrator Complex Subunit 2,Protein Coding,0.23444186,62
SARAF,Store-Operated Calcium Entry Associated Regulatory Factor,Protein Coding,0.23444186,62
AK6,Adenylate Kinase 6,Protein Coding,0.23444186,61
EMP1,Epithelial Membrane Protein 1,Protein Coding,0.23444186,61
PXYLP1,2-Phosphoxylose Phosphatase 1,Protein Coding,0.23444186,61
SAA2,Serum Amyloid A2,Protein Coding,0.23444186,61
TMBIM1,Transmembrane BAX Inhibitor Motif Containing 1,Protein Coding,0.23444186,61
AKIRIN2,Akirin 2,Protein Coding,0.23444186,60
DCLK3,Doublecortin Like Kinase 3,Protein Coding,0.23444186,60
MID1IP1,MID1 Interacting Protein 1,Protein Coding,0.23444186,60
MIR409,MicroRNA 409,RNA Gene,0.23444186,60
MPND,MPN Domain Containing,Protein Coding,0.23444186,60
PGA5,Pepsinogen A5,Protein Coding,0.23444186,60
TMEM87B,Transmembrane Protein 87B,Protein Coding,0.23444186,60
CRISP3,Cysteine Rich Secretory Protein 3,Protein Coding,0.23444186,59
FKBP7,FKBP Prolyl Isomerase 7,Protein Coding,0.23444186,59
FOXS1,Forkhead Box S1,Protein Coding,0.23444186,59
LYPD6B,LY6/PLAUR Domain Containing 6B,Protein Coding,0.23444186,59
YIPF2,Yip1 Domain Family Member 2,Protein Coding,0.23444186,59
BRI3,Brain Protein I3,Protein Coding,0.23444186,58
CDR2,Cerebellar Degeneration Related Protein 2,Protein Coding,0.23444186,58
CLEC4F,C-Type Lectin Domain Family 4 Member F,Protein Coding,0.23444186,58
KIR3DL3,"Killer Cell Immunoglobulin Like Receptor, Three Ig Domains And Long Cytoplasmic Tail 3",Protein Coding,0.23444186,58
LGSN,"Lengsin, Lens Protein With Glutamine Synthetase Domain",Protein Coding,0.23444186,58
NT5DC3,5'-Nucleotidase Domain Containing 3,Protein Coding,0.23444186,58
PKIG,CAMP-Dependent Protein Kinase Inhibitor Gamma,Protein Coding,0.23444186,58
FBXL14,F-Box And Leucine Rich Repeat Protein 14,Protein Coding,0.23444186,57
JKAMP,JNK1/MAPK8 Associated Membrane Protein,Protein Coding,0.23444186,57
KRT84,Keratin 84,Protein Coding,0.23444186,57
MMD,Monocyte To Macrophage Differentiation Associated,Protein Coding,0.23444186,57
PHKA2-AS1,PHKA2 Antisense RNA 1,RNA Gene,0.23444186,57
PLP2,Proteolipid Protein 2,Protein Coding,0.23444186,57
PROM2,Prominin 2,Protein Coding,0.23444186,57
ZFAND4,Zinc Finger AN1-Type Containing 4,Protein Coding,0.23444186,57
CARD19,Caspase Recruitment Domain Family Member 19,Protein Coding,0.23444186,56
DEDD2,Death Effector Domain Containing 2,Protein Coding,0.23444186,56
MIMS1,Mitochondrial Inner Membrane Scaffold 1,Protein Coding,0.23444186,56
MOB3B,MOB Kinase Activator 3B,Protein Coding,0.23444186,56
ARID3C,AT-Rich Interaction Domain 3C,Protein Coding,0.23444186,55
LOC129934096,ATAC-STARR-Seq Lymphoblastoid Active Region 16036,Functional Element,0.23444186,55
MIR1825,MicroRNA 1825,RNA Gene,0.23444186,55
MIR616,MicroRNA 616,RNA Gene,0.23444186,55
BLCAP,BLCAP Apoptosis Inducing Factor,Protein Coding,0.23444186,54
ELFN2,Extracellular Leucine Rich Repeat And Fibronectin Type III Domain Containing 2,Protein Coding,0.23444186,54
FAM3B,FAM3 Metabolism Regulating Signaling Molecule B,Protein Coding,0.23444186,54
JCAD,Junctional Cadherin 5 Associated,Protein Coding,0.23444186,54
MIR544A,MicroRNA 544a,RNA Gene,0.23444186,54
MIR593,MicroRNA 593,RNA Gene,0.23444186,54
MTMR11,Myotubularin Related Protein 11,Protein Coding,0.23444186,54
NRON,Non-Coding Repressor Of NFAT,RNA Gene,0.23444186,54
UAP1L1,UDP-N-Acetylglucosamine Pyrophosphorylase 1 Like 1,Protein Coding,0.23444186,54
EPIC1,Epigenetically Induced MYC Interacting LncRNA 1,RNA Gene,0.23444186,53
FAHD2A,Fumarylacetoacetate Hydrolase Domain Containing 2A,Protein Coding,0.23444186,53
G0S2,G0/G1 Switch 2,Protein Coding,0.23444186,53
L3HYPDH,Trans-L-3-Hydroxyproline Dehydratase,Protein Coding,0.23444186,53
MIR378C,MicroRNA 378c,RNA Gene,0.23444186,53
OSGIN2,Oxidative Stress Induced Growth Inhibitor Family Member 2,Protein Coding,0.23444186,53
SH2D5,SH2 Domain Containing 5,Protein Coding,0.23444186,53
LINC00324,Long Intergenic Non-Protein Coding RNA 324,RNA Gene,0.23444186,52
RBMY1B,RNA Binding Motif Protein Y-Linked Family 1 Member B,Protein Coding,0.23444186,52
TMEM37,Transmembrane Protein 37,Protein Coding,0.23444186,52
WFDC21P,"WAP Four-Disulfide Core Domain 21, Pseudogene",Pseudogene,0.23444186,52
ECSCR,Endothelial Cell Surface Expressed Chemotaxis And Apoptosis Regulator,Protein Coding,0.23444186,51
MIR1914,MicroRNA 1914,RNA Gene,0.23444186,51
MIR658,MicroRNA 658,RNA Gene,0.23444186,51
MMD2,Monocyte To Macrophage Differentiation Associated 2,Protein Coding,0.23444186,51
RFLNB,Refilin B,Protein Coding,0.23444186,51
TRP-AGG2-5,TRNA-Pro (Anticodon AGG) 2-5,RNA Gene,0.23444186,51
KIR2DS5,"Killer Cell Immunoglobulin Like Receptor, Two Ig Domains And Short Cytoplasmic Tail 5",Protein Coding,0.23444186,50
SWT1,SWT1 RNA Endoribonuclease Homolog,Protein Coding,0.23444186,50
ZFAND2A,Zinc Finger AN1-Type Containing 2A,Protein Coding,0.23444186,50
PRRT3-AS1,PRRT3 Antisense RNA 1,RNA Gene,0.23444186,49
SSX4,SSX Family Member 4,Protein Coding,0.23444186,49
STMP1,Short Transmembrane Mitochondrial Protein 1,Protein Coding,0.23444186,49
TTC39C,Tetratricopeptide Repeat Domain 39C,Protein Coding,0.23444186,49
TPRG1-AS1,TPRG1 Antisense RNA 1,RNA Gene,0.23444186,48
SMIM30,Small Integral Membrane Protein 30,Protein Coding,0.23444186,47
AVPI1,Arginine Vasopressin Induced 1,Protein Coding,0.23444186,46
LOC110599580,CYP1B1 Promoter,Functional Element,0.23444186,46
OLFML1,Olfactomedin Like 1,Protein Coding,0.23444186,44
SSX4B,SSX Family Member 4B,Protein Coding,0.23444186,44
SSX7,SSX Family Member 7,Protein Coding,0.23444186,43
C12orf75,Chromosome 12 Open Reading Frame 75,Protein Coding,0.23444186,42
LYSMD2,LysM Domain Containing 2,Protein Coding,0.23444186,42
SOWAHB,Sosondowah Ankyrin Repeat Domain Family Member B,Protein Coding,0.23444186,42
PBOV1,Prostate And Breast Cancer Overexpressed 1,Protein Coding,0.23444186,39
RTE1,Repressor Of Telomerase Expression 1,Genetic Locus,0.23444186,38
ATP2B2,ATPase Plasma Membrane Ca2+ Transporting 2,Protein Coding,0.16577543,100
CSF2RB,Colony Stimulating Factor 2 Receptor Subunit Beta,Protein Coding,0.16577543,100
GRIA2,Glutamate Ionotropic Receptor AMPA Type Subunit 2,Protein Coding,0.16577543,100
GRIN1,Glutamate Ionotropic Receptor NMDA Type Subunit 1,Protein Coding,0.16577543,100
HSPG2,Heparan Sulfate Proteoglycan 2,Protein Coding,0.16577543,100
LRP2,LDL Receptor Related Protein 2,Protein Coding,0.16577543,100
PLA2G6,Phospholipase A2 Group VI,Protein Coding,0.16577543,100
SCN2A,Sodium Voltage-Gated Channel Alpha Subunit 2,Protein Coding,0.16577543,100
SNAP25,Synaptosome Associated Protein 25,Protein Coding,0.16577543,100
BMP1,Bone Morphogenetic Protein 1,Protein Coding,0.16577543,99
ADCY1,Adenylate Cyclase 1,Protein Coding,0.16577543,98
BCHE,Butyrylcholinesterase,Protein Coding,0.16577543,98
CTDP1,CTD Phosphatase Subunit 1,Protein Coding,0.16577543,98
KCNJ2,Potassium Inwardly Rectifying Channel Subfamily J Member 2,Protein Coding,0.16577543,98
TBXAS1,Thromboxane A Synthase 1,Protein Coding,0.16577543,98
DNA2,DNA Replication Helicase/Nuclease 2,Protein Coding,0.16577543,97
GRIN2D,Glutamate Ionotropic Receptor NMDA Type Subunit 2D,Protein Coding,0.16577543,97
MAPKAPK3,MAPK Activated Protein Kinase 3,Protein Coding,0.16577543,97
PAK3,P21 (RAC1) Activated Kinase 3,Protein Coding,0.16577543,97
SLC12A3,Solute Carrier Family 12 Member 3,Protein Coding,0.16577543,97
KCND3,Potassium Voltage-Gated Channel Subfamily D Member 3,Protein Coding,0.16577543,96
TBXA2R,Thromboxane A2 Receptor,Protein Coding,0.16577543,96
AAAS,Aladin WD Repeat Nucleoporin,Protein Coding,0.16577543,95
CNTN1,Contactin 1,Protein Coding,0.16577543,95
DBH,Dopamine Beta-Hydroxylase,Protein Coding,0.16577543,95
EDNRA,Endothelin Receptor Type A,Protein Coding,0.16577543,95
SUFU,SUFU Negative Regulator Of Hedgehog Signaling,Protein Coding,0.16577543,95
CHRNE,Cholinergic Receptor Nicotinic Epsilon Subunit,Protein Coding,0.16577543,94
NFIA,Nuclear Factor I A,Protein Coding,0.16577543,94
SLC12A1,Solute Carrier Family 12 Member 1,Protein Coding,0.16577543,94
TINF2,TERF1 Interacting Nuclear Factor 2,Protein Coding,0.16577543,94
CDK5RAP2,CDK5 Regulatory Subunit Associated Protein 2,Protein Coding,0.16577543,93
CHAT,Choline O-Acetyltransferase,Protein Coding,0.16577543,93
IRF6,Interferon Regulatory Factor 6,Protein Coding,0.16577543,93
PXDN,Peroxidasin,Protein Coding,0.16577543,93
SCN11A,Sodium Voltage-Gated Channel Alpha Subunit 11,Protein Coding,0.16577543,93
TXNRD2,Thioredoxin Reductase 2,Protein Coding,0.16577543,93
AARS2,"Alanyl-TRNA Synthetase 2, Mitochondrial",Protein Coding,0.16577543,92
CBLB,Cbl Proto-Oncogene B,Protein Coding,0.16577543,92
CNGB1,Cyclic Nucleotide Gated Channel Subunit Beta 1,Protein Coding,0.16577543,92
GHSR,Growth Hormone Secretagogue Receptor,Protein Coding,0.16577543,92
KCNQ5,Potassium Voltage-Gated Channel Subfamily Q Member 5,Protein Coding,0.16577543,92
POMT2,Protein O-Mannosyltransferase 2,Protein Coding,0.16577543,92
RPS6KA2,Ribosomal Protein S6 Kinase A2,Protein Coding,0.16577543,92
ST3GAL3,"ST3 Beta-Galactoside Alpha-2,3-Sialyltransferase 3",Protein Coding,0.16577543,92
STRADA,STE20 Related Adaptor Alpha,Protein Coding,0.16577543,92
APOA5,Apolipoprotein A5,Protein Coding,0.16577543,91
CNTNAP2,Contactin Associated Protein 2,Protein Coding,0.16577543,91
COL4A5,Collagen Type IV Alpha 5 Chain,Protein Coding,0.16577543,91
CTSF,Cathepsin F,Protein Coding,0.16577543,91
DYNC2H1,Dynein Cytoplasmic 2 Heavy Chain 1,Protein Coding,0.16577543,91
FMO3,Flavin Containing Dimethylaniline Monoxygenase 3,Protein Coding,0.16577543,91
GALNT3,Polypeptide N-Acetylgalactosaminyltransferase 3,Protein Coding,0.16577543,91
HSD17B3,Hydroxysteroid 17-Beta Dehydrogenase 3,Protein Coding,0.16577543,91
NPPA,Natriuretic Peptide A,Protein Coding,0.16577543,91
PDE1C,Phosphodiesterase 1C,Protein Coding,0.16577543,91
PKN1,Protein Kinase N1,Protein Coding,0.16577543,91
PLD2,Phospholipase D2,Protein Coding,0.16577543,91
SLC26A2,Solute Carrier Family 26 Member 2,Protein Coding,0.16577543,91
TNNT2,"Troponin T2, Cardiac Type",Protein Coding,0.16577543,91
ATP6AP2,ATPase H+ Transporting Accessory Protein 2,Protein Coding,0.16577543,90
ATP6V0A4,ATPase H+ Transporting V0 Subunit A4,Protein Coding,0.16577543,90
BCAT2,Branched Chain Amino Acid Transaminase 2,Protein Coding,0.16577543,90
BGN,Biglycan,Protein Coding,0.16577543,90
CD33,CD33 Molecule,Protein Coding,0.16577543,90
CHKB,Choline Kinase Beta,Protein Coding,0.16577543,90
GATM,Glycine Amidinotransferase,Protein Coding,0.16577543,90
GNAT1,G Protein Subunit Alpha Transducin 1,Protein Coding,0.16577543,90
ITGB7,Integrin Subunit Beta 7,Protein Coding,0.16577543,90
KCNH5,Potassium Voltage-Gated Channel Subfamily H Member 5,Protein Coding,0.16577543,90
RIPK2,Receptor Interacting Serine/Threonine Kinase 2,Protein Coding,0.16577543,90
SHANK2,SH3 And Multiple Ankyrin Repeat Domains 2,Protein Coding,0.16577543,90
SLC34A1,Solute Carrier Family 34 Member 1,Protein Coding,0.16577543,90
STS,Steroid Sulfatase,Protein Coding,0.16577543,90
AQP2,Aquaporin 2,Protein Coding,0.16577543,89
EDN3,Endothelin 3,Protein Coding,0.16577543,89
EPB41L1,Erythrocyte Membrane Protein Band 4.1 Like 1,Protein Coding,0.16577543,89
GYG1,Glycogenin 1,Protein Coding,0.16577543,89
LARGE1,LARGE Xylosyl- And Glucuronyltransferase 1,Protein Coding,0.16577543,89
LRSAM1,Leucine Rich Repeat And Sterile Alpha Motif Containing 1,Protein Coding,0.16577543,89
PLXNA2,Plexin A2,Protein Coding,0.16577543,89
PTPN22,Protein Tyrosine Phosphatase Non-Receptor Type 22,Protein Coding,0.16577543,89
SPTLC2,Serine Palmitoyltransferase Long Chain Base Subunit 2,Protein Coding,0.16577543,89
ADAM22,ADAM Metallopeptidase Domain 22,Protein Coding,0.16577543,88
ADSS1,Adenylosuccinate Synthase 1,Protein Coding,0.16577543,88
BRD1,Bromodomain Containing 1,Protein Coding,0.16577543,88
COL17A1,Collagen Type XVII Alpha 1 Chain,Protein Coding,0.16577543,88
EPHB3,EPH Receptor B3,Protein Coding,0.16577543,88
ESRRA,Estrogen Related Receptor Alpha,Protein Coding,0.16577543,88
FAM20C,FAM20C Golgi Associated Secretory Pathway Kinase,Protein Coding,0.16577543,88
KCNJ8,Potassium Inwardly Rectifying Channel Subfamily J Member 8,Protein Coding,0.16577543,88
MED13,Mediator Complex Subunit 13,Protein Coding,0.16577543,88
MICAL1,"Microtubule Associated Monooxygenase, Calponin And LIM Domain Containing 1",Protein Coding,0.16577543,88
MLYCD,Malonyl-CoA Decarboxylase,Protein Coding,0.16577543,88
PDE1A,Phosphodiesterase 1A,Protein Coding,0.16577543,88
PDE4B,Phosphodiesterase 4B,Protein Coding,0.16577543,88
PHYH,Phytanoyl-CoA 2-Hydroxylase,Protein Coding,0.16577543,88
PLTP,Phospholipid Transfer Protein,Protein Coding,0.16577543,88
SLC6A20,Solute Carrier Family 6 Member 20,Protein Coding,0.16577543,88
TRIM63,Tripartite Motif Containing 63,Protein Coding,0.16577543,88
TUBGCP6,Tubulin Gamma Complex Component 6,Protein Coding,0.16577543,88
USH1C,USH1 Protein Network Component Harmonin,Protein Coding,0.16577543,88
AMPD3,Adenosine Monophosphate Deaminase 3,Protein Coding,0.16577543,87
ANTXR2,ANTXR Cell Adhesion Molecule 2,Protein Coding,0.16577543,87
AURKC,Aurora Kinase C,Protein Coding,0.16577543,87
CCKBR,Cholecystokinin B Receptor,Protein Coding,0.16577543,87
CCM2,CCM2 Scaffold Protein,Protein Coding,0.16577543,87
CRADD,CARD And Death Domain Containing Adaptor Protein,Protein Coding,0.16577543,87
GFI1,Growth Factor Independent 1 Transcriptional Repressor,Protein Coding,0.16577543,87
HTR4,5-Hydroxytryptamine Receptor 4,Protein Coding,0.16577543,87
INPP5K,Inositol Polyphosphate-5-Phosphatase K,Protein Coding,0.16577543,87
KLHL3,Kelch Like Family Member 3,Protein Coding,0.16577543,87
NPR3,Natriuretic Peptide Receptor 3,Protein Coding,0.16577543,87
PRKAB1,Protein Kinase AMP-Activated Non-Catalytic Subunit Beta 1,Protein Coding,0.16577543,87
ABCA7,ATP Binding Cassette Subfamily A Member 7,Protein Coding,0.16577543,86
ADRB1,Adrenoceptor Beta 1,Protein Coding,0.16577543,86
COG4,Component Of Oligomeric Golgi Complex 4,Protein Coding,0.16577543,86
CYP2U1,Cytochrome P450 Family 2 Subfamily U Member 1,Protein Coding,0.16577543,86
D2HGDH,D-2-Hydroxyglutarate Dehydrogenase,Protein Coding,0.16577543,86
DHDDS,Dehydrodolichyl Diphosphate Synthase Subunit,Protein Coding,0.16577543,86
GMPPB,GDP-Mannose Pyrophosphorylase B,Protein Coding,0.16577543,86
MYPN,Myopalladin,Protein Coding,0.16577543,86
PRODH,Proline Dehydrogenase 1,Protein Coding,0.16577543,86
PTPRZ1,Protein Tyrosine Phosphatase Receptor Type Z1,Protein Coding,0.16577543,86
RBFOX3,RNA Binding Fox-1 Homolog 3,Protein Coding,0.16577543,86
RIN2,Ras And Rab Interactor 2,Protein Coding,0.16577543,86
SC5D,Sterol-C5-Desaturase,Protein Coding,0.16577543,86
TCN2,Transcobalamin 2,Protein Coding,0.16577543,86
TPK1,Thiamin Pyrophosphokinase 1,Protein Coding,0.16577543,86
ZFYVE26,Zinc Finger FYVE-Type Containing 26,Protein Coding,0.16577543,86
ATL1,Atlastin GTPase 1,Protein Coding,0.16577543,85
ATXN1,Ataxin 1,Protein Coding,0.16577543,85
BBS5,Bardet-Biedl Syndrome 5,Protein Coding,0.16577543,85
CIB2,Calcium And Integrin Binding Family Member 2,Protein Coding,0.16577543,85
CSRP3,Cysteine And Glycine Rich Protein 3,Protein Coding,0.16577543,85
DGKD,Diacylglycerol Kinase Delta,Protein Coding,0.16577543,85
ITGB8,Integrin Subunit Beta 8,Protein Coding,0.16577543,85
KCNAB2,Potassium Voltage-Gated Channel Subfamily A Regulatory Beta Subunit 2,Protein Coding,0.16577543,85
MAP2,Microtubule Associated Protein 2,Protein Coding,0.16577543,85
MBD5,Methyl-CpG Binding Domain Protein 5,Protein Coding,0.16577543,85
MYOM1,Myomesin 1,Protein Coding,0.16577543,85
NALCN,"Sodium Leak Channel, Non-Selective",Protein Coding,0.16577543,85
NDST1,N-Deacetylase And N-Sulfotransferase 1,Protein Coding,0.16577543,85
PDE5A,Phosphodiesterase 5A,Protein Coding,0.16577543,85
PDXK,Pyridoxal Kinase,Protein Coding,0.16577543,85
PTGFR,Prostaglandin F Receptor,Protein Coding,0.16577543,85
PTPN14,Protein Tyrosine Phosphatase Non-Receptor Type 14,Protein Coding,0.16577543,85
PTPRM,Protein Tyrosine Phosphatase Receptor Type M,Protein Coding,0.16577543,85
SEC24B,"SEC24 Homolog B, COPII Component",Protein Coding,0.16577543,85
TRMT1,TRNA Methyltransferase 1,Protein Coding,0.16577543,85
ARFGEF1,ARF Guanine Nucleotide Exchange Factor 1,Protein Coding,0.16577543,84
CEBPE,CCAAT Enhancer Binding Protein Epsilon,Protein Coding,0.16577543,84
COLEC11,Collectin Subfamily Member 11,Protein Coding,0.16577543,84
HOMER2,Homer Scaffold Protein 2,Protein Coding,0.16577543,84
LHX4,LIM Homeobox 4,Protein Coding,0.16577543,84
LY96,Lymphocyte Antigen 96,Protein Coding,0.16577543,84
MBTPS2,"Membrane Bound Transcription Factor Peptidase, Site 2",Protein Coding,0.16577543,84
MSTN,Myostatin,Protein Coding,0.16577543,84
MYT1L,Myelin Transcription Factor 1 Like,Protein Coding,0.16577543,84
NPR1,Natriuretic Peptide Receptor 1,Protein Coding,0.16577543,84
NRXN3,Neurexin 3,Protein Coding,0.16577543,84
OTULIN,OTU Deubiquitinase With Linear Linkage Specificity,Protein Coding,0.16577543,84
P2RX2,Purinergic Receptor P2X 2,Protein Coding,0.16577543,84
P2RY6,Pyrimidinergic Receptor P2Y6,Protein Coding,0.16577543,84
PHEX,Phosphate Regulating Endopeptidase X-Linked,Protein Coding,0.16577543,84
PTGDS,Prostaglandin D2 Synthase,Protein Coding,0.16577543,84
RAB33B,"RAB33B, Member RAS Oncogene Family",Protein Coding,0.16577543,84
RIPK4,Receptor Interacting Serine/Threonine Kinase 4,Protein Coding,0.16577543,84
SLC25A24,Solute Carrier Family 25 Member 24,Protein Coding,0.16577543,84
VIPR2,Vasoactive Intestinal Peptide Receptor 2,Protein Coding,0.16577543,84
ASPA,Aspartoacylase,Protein Coding,0.16577543,83
ASTN2,Astrotactin 2,Protein Coding,0.16577543,83
CLCN4,Cl-/H+ Antiporter 4,Protein Coding,0.16577543,83
CLN8,CLN8 Transmembrane ER And ERGIC Protein,Protein Coding,0.16577543,83
CNTRL,Centriolin,Protein Coding,0.16577543,83
DLX3,Distal-Less Homeobox 3,Protein Coding,0.16577543,83
DNAJB2,DnaJ Heat Shock Protein Family (Hsp40) Member B2,Protein Coding,0.16577543,83
DPEP1,Dipeptidase 1,Protein Coding,0.16577543,83
DRC4,Dynein Regulatory Complex Subunit 4,Protein Coding,0.16577543,83
FAAH,Fatty Acid Amide Hydrolase,Protein Coding,0.16577543,83
FGF14,Fibroblast Growth Factor 14,Protein Coding,0.16577543,83
KLF11,KLF Transcription Factor 11,Protein Coding,0.16577543,83
MAN2A1,Mannosidase Alpha Class 2A Member 1,Protein Coding,0.16577543,83
MANBA,Mannosidase Beta,Protein Coding,0.16577543,83
MSR1,Macrophage Scavenger Receptor 1,Protein Coding,0.16577543,83
NEBL,Nebulette,Protein Coding,0.16577543,83
NRG2,Neuregulin 2,Protein Coding,0.16577543,83
PAX7,Paired Box 7,Protein Coding,0.16577543,83
SDCBP,Syndecan Binding Protein,Protein Coding,0.16577543,83
SH3BP2,SH3 Domain Binding Protein 2,Protein Coding,0.16577543,83
SIL1,SIL1 Nucleotide Exchange Factor,Protein Coding,0.16577543,83
SORBS1,Sorbin And SH3 Domain Containing 1,Protein Coding,0.16577543,83
SPPL2A,Signal Peptide Peptidase Like 2A,Protein Coding,0.16577543,83
TENM3,Teneurin Transmembrane Protein 3,Protein Coding,0.16577543,83
TMPRSS3,Transmembrane Serine Protease 3,Protein Coding,0.16577543,83
XYLT1,Xylosyltransferase 1,Protein Coding,0.16577543,83
ADRB3,Adrenoceptor Beta 3,Protein Coding,0.16577543,82
ANKH,ANKH Inorganic Pyrophosphate Transport Regulator,Protein Coding,0.16577543,82
C9orf72,C9orf72-SMCR8 Complex Subunit,Protein Coding,0.16577543,82
CDC23,Cell Division Cycle 23,Protein Coding,0.16577543,82
COQ7,"Coenzyme Q7, Hydroxylase",Protein Coding,0.16577543,82
CYP46A1,Cytochrome P450 Family 46 Subfamily A Member 1,Protein Coding,0.16577543,82
DCT,Dopachrome Tautomerase,Protein Coding,0.16577543,82
FMN2,Formin 2,Protein Coding,0.16577543,82
HYDIN,HYDIN Axonemal Central Pair Apparatus Protein,Protein Coding,0.16577543,82
IFT57,Intraflagellar Transport 57,Protein Coding,0.16577543,82
JAM2,Junctional Adhesion Molecule 2,Protein Coding,0.16577543,82
LAMTOR2,"Late Endosomal/Lysosomal Adaptor, MAPK And MTOR Activator 2",Protein Coding,0.16577543,82
LBP,Lipopolysaccharide Binding Protein,Protein Coding,0.16577543,82
LTB4R,Leukotriene B4 Receptor,Protein Coding,0.16577543,82
MFSD8,Major Facilitator Superfamily Domain Containing 8,Protein Coding,0.16577543,82
MNAT1,MNAT1 Component Of CDK Activating Kinase,Protein Coding,0.16577543,82
OSBPL2,Oxysterol Binding Protein Like 2,Protein Coding,0.16577543,82
PGAP1,Post-GPI Attachment To Proteins Inositol Deacylase 1,Protein Coding,0.16577543,82
UBAP1,Ubiquitin Associated Protein 1,Protein Coding,0.16577543,82
ZBTB18,Zinc Finger And BTB Domain Containing 18,Protein Coding,0.16577543,82
CRYM,Crystallin Mu,Protein Coding,0.16577543,81
DAAM2,Dishevelled Associated Activator Of Morphogenesis 2,Protein Coding,0.16577543,81
DEGS1,"Delta 4-Desaturase, Sphingolipid 1",Protein Coding,0.16577543,81
DOK7,Docking Protein 7,Protein Coding,0.16577543,81
DPM2,"Dolichyl-Phosphate Mannosyltransferase Subunit 2, Regulatory",Protein Coding,0.16577543,81
EDEM3,ER Degradation Enhancing Alpha-Mannosidase Like Protein 3,Protein Coding,0.16577543,81
FFAR1,Free Fatty Acid Receptor 1,Protein Coding,0.16577543,81
FGF13,Fibroblast Growth Factor 13,Protein Coding,0.16577543,81
JPH2,Junctophilin 2,Protein Coding,0.16577543,81
KLK4,Kallikrein Related Peptidase 4,Protein Coding,0.16577543,81
KRT13,Keratin 13,Protein Coding,0.16577543,81
NOS1AP,Nitric Oxide Synthase 1 Adaptor Protein,Protein Coding,0.16577543,81
RGS14,Regulator Of G Protein Signaling 14,Protein Coding,0.16577543,81
SEMA7A,Semaphorin 7A (JohnMiltonHagen Blood Group),Protein Coding,0.16577543,81
SLC26A1,Solute Carrier Family 26 Member 1,Protein Coding,0.16577543,81
SRGAP3,SLIT-ROBO Rho GTPase Activating Protein 3,Protein Coding,0.16577543,81
TAF4B,TATA-Box Binding Protein Associated Factor 4b,Protein Coding,0.16577543,81
TRIP10,Thyroid Hormone Receptor Interactor 10,Protein Coding,0.16577543,81
ZDHHC9,ZDHHC Palmitoyltransferase 9,Protein Coding,0.16577543,81
ZNF462,Zinc Finger Protein 462,Protein Coding,0.16577543,81
ABCA5,ATP Binding Cassette Subfamily A Member 5,Protein Coding,0.16577543,80
AP1S2,Adaptor Related Protein Complex 1 Subunit Sigma 2,Protein Coding,0.16577543,80
CA1,Carbonic Anhydrase 1,Protein Coding,0.16577543,80
CA5A,Carbonic Anhydrase 5A,Protein Coding,0.16577543,80
CDH4,Cadherin 4,Protein Coding,0.16577543,80
COQ9,Coenzyme Q9,Protein Coding,0.16577543,80
CRTAP,Cartilage Associated Protein,Protein Coding,0.16577543,80
DSG4,Desmoglein 4,Protein Coding,0.16577543,80
EIF4G3,Eukaryotic Translation Initiation Factor 4 Gamma 3,Protein Coding,0.16577543,80
F13B,Coagulation Factor XIII B Chain,Protein Coding,0.16577543,80
FAM20A,FAM20A Golgi Associated Secretory Pathway Pseudokinase,Protein Coding,0.16577543,80
GALM,Galactose Mutarotase,Protein Coding,0.16577543,80
GPD2,Glycerol-3-Phosphate Dehydrogenase 2,Protein Coding,0.16577543,80
GRIN3B,Glutamate Ionotropic Receptor NMDA Type Subunit 3B,Protein Coding,0.16577543,80
GTPBP2,GTP Binding Protein 2,Protein Coding,0.16577543,80
GUK1,Guanylate Kinase 1,Protein Coding,0.16577543,80
HAAO,"3-Hydroxyanthranilate 3,4-Dioxygenase",Protein Coding,0.16577543,80
HK3,Hexokinase 3,Protein Coding,0.16577543,80
INTS1,Integrator Complex Subunit 1,Protein Coding,0.16577543,80
JPH3,Junctophilin 3,Protein Coding,0.16577543,80
MARK1,Microtubule Affinity Regulating Kinase 1,Protein Coding,0.16577543,80
RNASEH2B,Ribonuclease H2 Subunit B,Protein Coding,0.16577543,80
SCLT1,Sodium Channel And Clathrin Linker 1,Protein Coding,0.16577543,80
SLC22A3,Solute Carrier Family 22 Member 3,Protein Coding,0.16577543,80
SLC6A12,Solute Carrier Family 6 Member 12,Protein Coding,0.16577543,80
UBA3,Ubiquitin Like Modifier Activating Enzyme 3,Protein Coding,0.16577543,80
ZBTB24,Zinc Finger And BTB Domain Containing 24,Protein Coding,0.16577543,80
ATP6V0B,ATPase H+ Transporting V0 Subunit B,Protein Coding,0.16577543,79
CNTFR,Ciliary Neurotrophic Factor Receptor,Protein Coding,0.16577543,79
DAPK2,Death Associated Protein Kinase 2,Protein Coding,0.16577543,79
DCAF6,DDB1 And CUL4 Associated Factor 6,Protein Coding,0.16577543,79
DPM3,"Dolichyl-Phosphate Mannosyltransferase Subunit 3, Regulatory",Protein Coding,0.16577543,79
FLRT1,Fibronectin Leucine Rich Transmembrane Protein 1,Protein Coding,0.16577543,79
FNTB,"Farnesyltransferase, CAAX Box, Subunit Beta",Protein Coding,0.16577543,79
GNGT1,G Protein Subunit Gamma Transducin 1,Protein Coding,0.16577543,79
MGP,Matrix Gla Protein,Protein Coding,0.16577543,79
MMACHC,Metabolism Of Cobalamin Associated C,Protein Coding,0.16577543,79
MTMR14,Myotubularin Related Protein 14,Protein Coding,0.16577543,79
NECTIN3,Nectin Cell Adhesion Molecule 3,Protein Coding,0.16577543,79
NME3,NME/NM23 Nucleoside Diphosphate Kinase 3,Protein Coding,0.16577543,79
NPTN,Neuroplastin,Protein Coding,0.16577543,79
POU4F3,POU Class 4 Homeobox 3,Protein Coding,0.16577543,79
RAP1GDS1,Rap1 GTPase-GDP Dissociation Stimulator 1,Protein Coding,0.16577543,79
RTN2,Reticulon 2,Protein Coding,0.16577543,79
SELENON,Selenoprotein N,Protein Coding,0.16577543,79
SLC30A5,Solute Carrier Family 30 Member 5,Protein Coding,0.16577543,79
SLC44A1,Solute Carrier Family 44 Member 1,Protein Coding,0.16577543,79
TAF5,TATA-Box Binding Protein Associated Factor 5,Protein Coding,0.16577543,79
TBC1D32,TBC1 Domain Family Member 32,Protein Coding,0.16577543,79
UBE2E1,Ubiquitin Conjugating Enzyme E2 E1,Protein Coding,0.16577543,79
ADAMTS7,ADAM Metallopeptidase With Thrombospondin Type 1 Motif 7,Protein Coding,0.16577543,78
ADAMTSL2,ADAMTS Like 2,Protein Coding,0.16577543,78
AP1M2,Adaptor Related Protein Complex 1 Subunit Mu 2,Protein Coding,0.16577543,78
APIP,APAF1 Interacting Protein,Protein Coding,0.16577543,78
APLP1,Amyloid Beta Precursor Like Protein 1,Protein Coding,0.16577543,78
ATRN,Attractin,Protein Coding,0.16577543,78
CD226,CD226 Molecule,Protein Coding,0.16577543,78
CHN2,Chimerin 2,Protein Coding,0.16577543,78
DFFB,DNA Fragmentation Factor Subunit Beta,Protein Coding,0.16577543,78
DMC1,DNA Meiotic Recombinase 1,Protein Coding,0.16577543,78
DNAJB13,DnaJ Heat Shock Protein Family (Hsp40) Member B13,Protein Coding,0.16577543,78
EVL,Enah/Vasp-Like,Protein Coding,0.16577543,78
GRID1,Glutamate Ionotropic Receptor Delta Type Subunit 1,Protein Coding,0.16577543,78
HACL1,2-Hydroxyacyl-CoA Lyase 1,Protein Coding,0.16577543,78
IL18BP,Interleukin 18 Binding Protein,Protein Coding,0.16577543,78
INHA,Inhibin Subunit Alpha,Protein Coding,0.16577543,78
KRT86,Keratin 86,Protein Coding,0.16577543,78
MYO7B,Myosin VIIB,Protein Coding,0.16577543,78
PAM,Peptidylglycine Alpha-Amidating Monooxygenase,Protein Coding,0.16577543,78
PIP5K1B,Phosphatidylinositol-4-Phosphate 5-Kinase Type 1 Beta,Protein Coding,0.16577543,78
PLCH2,Phospholipase C Eta 2,Protein Coding,0.16577543,78
PPIP5K2,Diphosphoinositol Pentakisphosphate Kinase 2,Protein Coding,0.16577543,78
PRX,Periaxin,Protein Coding,0.16577543,78
PTPRG,Protein Tyrosine Phosphatase Receptor Type G,Protein Coding,0.16577543,78
RAB6B,"RAB6B, Member RAS Oncogene Family",Protein Coding,0.16577543,78
RAB8B,"RAB8B, Member RAS Oncogene Family",Protein Coding,0.16577543,78
RAB9A,"RAB9A, Member RAS Oncogene Family",Protein Coding,0.16577543,78
RHOQ,Ras Homolog Family Member Q,Protein Coding,0.16577543,78
SLC22A11,Solute Carrier Family 22 Member 11,Protein Coding,0.16577543,78
TXNL4A,Thioredoxin Like 4A,Protein Coding,0.16577543,78
AP1S3,Adaptor Related Protein Complex 1 Subunit Sigma 3,Protein Coding,0.16577543,77
C8G,Complement C8 Gamma Chain,Protein Coding,0.16577543,77
CFHR1,Complement Factor H Related 1,Protein Coding,0.16577543,77
CLN5,CLN5 Lysosomal BMP Synthase,Protein Coding,0.16577543,77
DGKH,Diacylglycerol Kinase Eta,Protein Coding,0.16577543,77
DHRS3,Dehydrogenase/Reductase 3,Protein Coding,0.16577543,77
DHX58,DExH-Box Helicase 58,Protein Coding,0.16577543,77
ERI1,Exoribonuclease 1,Protein Coding,0.16577543,77
GSTM4,Glutathione S-Transferase Mu 4,Protein Coding,0.16577543,77
IGSF1,Immunoglobulin Superfamily Member 1,Protein Coding,0.16577543,77
IL20RB,Interleukin 20 Receptor Subunit Beta,Protein Coding,0.16577543,77
KLK8,Kallikrein Related Peptidase 8,Protein Coding,0.16577543,77
KYAT1,Kynurenine Aminotransferase 1,Protein Coding,0.16577543,77
L2HGDH,L-2-Hydroxyglutarate Dehydrogenase,Protein Coding,0.16577543,77
LAMTOR3,"Late Endosomal/Lysosomal Adaptor, MAPK And MTOR Activator 3",Protein Coding,0.16577543,77
LCP1,Lymphocyte Cytosolic Protein 1,Protein Coding,0.16577543,77
LONP2,"Lon Peptidase 2, Peroxisomal",Protein Coding,0.16577543,77
MAST2,Microtubule Associated Serine/Threonine Kinase 2,Protein Coding,0.16577543,77
MTMR3,Myotubularin Related Protein 3,Protein Coding,0.16577543,77
NDUFAB1,NADH:Ubiquinone Oxidoreductase Subunit AB1,Protein Coding,0.16577543,77
PARP3,Poly(ADP-Ribose) Polymerase Family Member 3,Protein Coding,0.16577543,77
PCSK7,Proprotein Convertase Subtilisin/Kexin Type 7,Protein Coding,0.16577543,77
PIEZO2,Piezo Type Mechanosensitive Ion Channel Component 2,Protein Coding,0.16577543,77
PLA2R1,Phospholipase A2 Receptor 1,Protein Coding,0.16577543,77
PPP2R5B,Protein Phosphatase 2 Regulatory Subunit B'Beta,Protein Coding,0.16577543,77
PRG4,Proteoglycan 4,Protein Coding,0.16577543,77
PTBP2,Polypyrimidine Tract Binding Protein 2,Protein Coding,0.16577543,77
PUS3,Pseudouridine Synthase 3,Protein Coding,0.16577543,77
PXDNL,Peroxidasin Like,Protein Coding,0.16577543,77
SEC11A,"SEC11 Homolog A, Signal Peptidase Complex Subunit",Protein Coding,0.16577543,77
THAP1,THAP Domain Containing 1,Protein Coding,0.16577543,77
A2ML1,Alpha-2-Macroglobulin Like 1,Protein Coding,0.16577543,76
ADAM33,ADAM Metallopeptidase Domain 33,Protein Coding,0.16577543,76
ADAMTSL3,ADAMTS Like 3,Protein Coding,0.16577543,76
ADAP1,ArfGAP With Dual PH Domains 1,Protein Coding,0.16577543,76
BACE2,Beta-Secretase 2,Protein Coding,0.16577543,76
CHTF18,Chromosome Transmission Fidelity Factor 18,Protein Coding,0.16577543,76
CPLANE1,Ciliogenesis And Planar Polarity Effector Complex Subunit 1,Protein Coding,0.16577543,76
CYP26C1,Cytochrome P450 Family 26 Subfamily C Member 1,Protein Coding,0.16577543,76
DAGLB,Diacylglycerol Lipase Beta,Protein Coding,0.16577543,76
DIAPH2,Diaphanous Related Formin 2,Protein Coding,0.16577543,76
DYNLL2,Dynein Light Chain LC8-Type 2,Protein Coding,0.16577543,76
FPGS,Folylpolyglutamate Synthase,Protein Coding,0.16577543,76
GRPR,Gastrin Releasing Peptide Receptor,Protein Coding,0.16577543,76
HACD1,3-Hydroxyacyl-CoA Dehydratase 1,Protein Coding,0.16577543,76
ICAM2,Intercellular Adhesion Molecule 2,Protein Coding,0.16577543,76
KCNJ15,Potassium Inwardly Rectifying Channel Subfamily J Member 15,Protein Coding,0.16577543,76
KCNK1,Potassium Two Pore Domain Channel Subfamily K Member 1,Protein Coding,0.16577543,76
KIAA0319,KIAA0319,Protein Coding,0.16577543,76
LNX1,Ligand Of Numb-Protein X 1,Protein Coding,0.16577543,76
LTB4R2,Leukotriene B4 Receptor 2,Protein Coding,0.16577543,76
MMADHC,Metabolism Of Cobalamin Associated D,Protein Coding,0.16577543,76
MSTO1,Misato Mitochondrial Distribution And Morphology Regulator 1,Protein Coding,0.16577543,76
NPY5R,Neuropeptide Y Receptor Y5,Protein Coding,0.16577543,76
RAB30,"RAB30, Member RAS Oncogene Family",Protein Coding,0.16577543,76
SAMD11,Sterile Alpha Motif Domain Containing 11,Protein Coding,0.16577543,76
SLC15A4,Solute Carrier Family 15 Member 4,Protein Coding,0.16577543,76
SLC38A9,Solute Carrier Family 38 Member 9,Protein Coding,0.16577543,76
SLC39A5,Solute Carrier Family 39 Member 5,Protein Coding,0.16577543,76
SPDL1,Spindle Apparatus Coiled-Coil Protein 1,Protein Coding,0.16577543,76
SV2B,Synaptic Vesicle Glycoprotein 2B,Protein Coding,0.16577543,76
TAF11,TATA-Box Binding Protein Associated Factor 11,Protein Coding,0.16577543,76
THEM4,Thioesterase Superfamily Member 4,Protein Coding,0.16577543,76
ZHX3,Zinc Fingers And Homeoboxes 3,Protein Coding,0.16577543,76
ATP5F1E,ATP Synthase F1 Subunit Epsilon,Protein Coding,0.16577543,75
BAG4,BAG Cochaperone 4,Protein Coding,0.16577543,75
EVPL,Envoplakin,Protein Coding,0.16577543,75
FUZ,Fuzzy Planar Cell Polarity Protein,Protein Coding,0.16577543,75
GATB,Glutamyl-TRNA Amidotransferase Subunit B,Protein Coding,0.16577543,75
GGA2,"Golgi Associated, Gamma Adaptin Ear Containing, ARF Binding Protein 2",Protein Coding,0.16577543,75
GNG7,G Protein Subunit Gamma 7,Protein Coding,0.16577543,75
HIVEP3,HIVEP Zinc Finger 3,Protein Coding,0.16577543,75
PKDCC,"Protein Kinase Domain Containing, Cytoplasmic",Protein Coding,0.16577543,75
PTPN5,Protein Tyrosine Phosphatase Non-Receptor Type 5,Protein Coding,0.16577543,75
PYROXD1,Pyridine Nucleotide-Disulphide Oxidoreductase Domain 1,Protein Coding,0.16577543,75
RAD1,RAD1 Checkpoint DNA Exonuclease,Protein Coding,0.16577543,75
RXYLT1,Ribitol Xylosyltransferase 1,Protein Coding,0.16577543,75
SH3TC2,SH3 Domain And Tetratricopeptide Repeats 2,Protein Coding,0.16577543,75
SLC23A1,Solute Carrier Family 23 Member 1,Protein Coding,0.16577543,75
SLC4A8,Solute Carrier Family 4 Member 8,Protein Coding,0.16577543,75
TMEM107,Transmembrane Protein 107,Protein Coding,0.16577543,75
ADGRE1,Adhesion G Protein-Coupled Receptor E1,Protein Coding,0.16577543,74
ARL6IP1,ARL6 Interacting Reticulophagy Regulator 1,Protein Coding,0.16577543,74
CASP8AP2,Caspase 8 Associated Protein 2,Protein Coding,0.16577543,74
CD84,CD84 Molecule,Protein Coding,0.16577543,74
CDH10,Cadherin 10,Protein Coding,0.16577543,74
CLSTN1,Calsyntenin 1,Protein Coding,0.16577543,74
CNOT8,CCR4-NOT Transcription Complex Subunit 8,Protein Coding,0.16577543,74
COL5A3,Collagen Type V Alpha 3 Chain,Protein Coding,0.16577543,74
CRABP2,Cellular Retinoic Acid Binding Protein 2,Protein Coding,0.16577543,74
DGKB,Diacylglycerol Kinase Beta,Protein Coding,0.16577543,74
DNASE2,"Deoxyribonuclease 2, Lysosomal",Protein Coding,0.16577543,74
DUSP22,Dual Specificity Phosphatase 22,Protein Coding,0.16577543,74
EXPH5,Exophilin 5,Protein Coding,0.16577543,74
FCHSD2,FCH And Double SH3 Domains 2,Protein Coding,0.16577543,74
FNBP1L,Formin Binding Protein 1 Like,Protein Coding,0.16577543,74
FRMD5,FERM Domain Containing 5,Protein Coding,0.16577543,74
GALR1,Galanin Receptor 1,Protein Coding,0.16577543,74
GBP3,Guanylate Binding Protein 3,Protein Coding,0.16577543,74
GFRA2,GDNF Family Receptor Alpha 2,Protein Coding,0.16577543,74
GJB4,Gap Junction Protein Beta 4,Protein Coding,0.16577543,74
GTF2A1,General Transcription Factor IIA Subunit 1,Protein Coding,0.16577543,74
HECW1,"HECT, C2 And WW Domain Containing E3 Ubiquitin Protein Ligase 1",Protein Coding,0.16577543,74
IFITM1,Interferon Induced Transmembrane Protein 1,Protein Coding,0.16577543,74
INPP5J,Inositol Polyphosphate-5-Phosphatase J,Protein Coding,0.16577543,74
KCND1,Potassium Voltage-Gated Channel Subfamily D Member 1,Protein Coding,0.16577543,74
KCNN1,Potassium Calcium-Activated Channel Subfamily N Member 1,Protein Coding,0.16577543,74
KIR2DL4,"Killer Cell Immunoglobulin Like Receptor, Two Ig Domains And Long Cytoplasmic Tail 4",Protein Coding,0.16577543,74
KLHL2,Kelch Like Family Member 2,Protein Coding,0.16577543,74
MAFK,MAF BZIP Transcription Factor K,Protein Coding,0.16577543,74
MAN1C1,Mannosidase Alpha Class 1C Member 1,Protein Coding,0.16577543,74
MED6,Mediator Complex Subunit 6,Protein Coding,0.16577543,74
MTMR10,Myotubularin Related Protein 10,Protein Coding,0.16577543,74
NEU4,Neuraminidase 4,Protein Coding,0.16577543,74
NPPB,Natriuretic Peptide B,Protein Coding,0.16577543,74
NR2E1,Nuclear Receptor Subfamily 2 Group E Member 1,Protein Coding,0.16577543,74
OMA1,OMA1 Zinc Metallopeptidase,Protein Coding,0.16577543,74
PALM,Paralemmin,Protein Coding,0.16577543,74
PPBP,Pro-Platelet Basic Protein,Protein Coding,0.16577543,74
RAB29,"RAB29, Member RAS Oncogene Family",Protein Coding,0.16577543,74
RFX7,Regulatory Factor X7,Protein Coding,0.16577543,74
SELPLG,Selectin P Ligand,Protein Coding,0.16577543,74
SH3GLB1,"SH3 Domain Containing GRB2 Like, Endophilin B1",Protein Coding,0.16577543,74
SLC15A3,Solute Carrier Family 15 Member 3,Protein Coding,0.16577543,74
SNTG2,Syntrophin Gamma 2,Protein Coding,0.16577543,74
TBC1D2B,TBC1 Domain Family Member 2B,Protein Coding,0.16577543,74
TIPARP,TCDD Inducible Poly(ADP-Ribose) Polymerase,Protein Coding,0.16577543,74
TLE5,"TLE Family Member 5, Transcriptional Modulator",Protein Coding,0.16577543,74
TNFRSF17,TNF Receptor Superfamily Member 17,Protein Coding,0.16577543,74
TRIM41,Tripartite Motif Containing 41,Protein Coding,0.16577543,74
ZFP36L1,ZFP36 Like 1 Zinc Finger CCCH-Type,Protein Coding,0.16577543,74
AATK,Apoptosis Associated Tyrosine Kinase,Protein Coding,0.16577543,73
ABHD6,"Abhydrolase Domain Containing 6, Acylglycerol Lipase",Protein Coding,0.16577543,73
ACSM1,Acyl-CoA Synthetase Medium Chain Family Member 1,Protein Coding,0.16577543,73
ADAMTS6,ADAM Metallopeptidase With Thrombospondin Type 1 Motif 6,Protein Coding,0.16577543,73
AGPAT1,1-Acylglycerol-3-Phosphate O-Acyltransferase 1,Protein Coding,0.16577543,73
AKAP5,A-Kinase Anchoring Protein 5,Protein Coding,0.16577543,73
B4GALT4,"Beta-1,4-Galactosyltransferase 4",Protein Coding,0.16577543,73
BCL7A,BAF Chromatin Remodeling Complex Subunit BCL7A,Protein Coding,0.16577543,73
CD300LF,CD300 Molecule Like Family Member F,Protein Coding,0.16577543,73
CENPS,Centromere Protein S,Protein Coding,0.16577543,73
CERS6,Ceramide Synthase 6,Protein Coding,0.16577543,73
CHPT1,Choline Phosphotransferase 1,Protein Coding,0.16577543,73
CLEC12A,C-Type Lectin Domain Family 12 Member A,Protein Coding,0.16577543,73
COQ5,"Coenzyme Q5, Methyltransferase",Protein Coding,0.16577543,73
FMO1,Flavin Containing Dimethylaniline Monoxygenase 1,Protein Coding,0.16577543,73
GBP5,Guanylate Binding Protein 5,Protein Coding,0.16577543,73
GFRA3,GDNF Family Receptor Alpha 3,Protein Coding,0.16577543,73
GPR37L1,G Protein-Coupled Receptor 37 Like 1,Protein Coding,0.16577543,73
IP6K2,Inositol Hexakisphosphate Kinase 2,Protein Coding,0.16577543,73
KCNH8,Potassium Voltage-Gated Channel Subfamily H Member 8,Protein Coding,0.16577543,73
LIMD1,LIM Domain Containing 1,Protein Coding,0.16577543,73
LRP12,LDL Receptor Related Protein 12,Protein Coding,0.16577543,73
MKRN1,Makorin Ring Finger Protein 1,Protein Coding,0.16577543,73
MPP2,MAGUK P55 Scaffold Protein 2,Protein Coding,0.16577543,73
MTMR7,Myotubularin Related Protein 7,Protein Coding,0.16577543,73
MTMR9,Myotubularin Related Protein 9,Protein Coding,0.16577543,73
MUC3A,"Mucin 3A, Cell Surface Associated",Protein Coding,0.16577543,73
MYORG,Myogenesis Regulating Glycosidase,Protein Coding,0.16577543,73
NAGK,N-Acetylglucosamine Kinase,Protein Coding,0.16577543,73
NPY4R,Neuropeptide Y Receptor Y4,Protein Coding,0.16577543,73
NRG4,Neuregulin 4,Protein Coding,0.16577543,73
PARL,Presenilin Associated Rhomboid Like,Protein Coding,0.16577543,73
PGS1,Phosphatidylglycerophosphate Synthase 1,Protein Coding,0.16577543,73
PIGL,Phosphatidylinositol Glycan Anchor Biosynthesis Class L,Protein Coding,0.16577543,73
RAB4B,"RAB4B, Member RAS Oncogene Family",Protein Coding,0.16577543,73
RNF17,Ring Finger Protein 17,Protein Coding,0.16577543,73
SIAE,Sialic Acid Acetylesterase,Protein Coding,0.16577543,73
SLC25A17,Solute Carrier Family 25 Member 17,Protein Coding,0.16577543,73
SMUG1,Single-Strand-Selective Monofunctional Uracil-DNA Glycosylase 1,Protein Coding,0.16577543,73
STRADB,STE20 Related Adaptor Beta,Protein Coding,0.16577543,73
VPS37C,VPS37C Subunit Of ESCRT-I,Protein Coding,0.16577543,73
ACAD10,Acyl-CoA Dehydrogenase Family Member 10,Protein Coding,0.16577543,72
BCO1,Beta-Carotene Oxygenase 1,Protein Coding,0.16577543,72
BHLHE41,Basic Helix-Loop-Helix Family Member E41,Protein Coding,0.16577543,72
BMAL2,Basic Helix-Loop-Helix ARNT Like 2,Protein Coding,0.16577543,72
CD93,CD93 Molecule,Protein Coding,0.16577543,72
CLEC10A,C-Type Lectin Domain Containing 10A,Protein Coding,0.16577543,72
COBL,Cordon-Bleu WH2 Repeat Protein,Protein Coding,0.16577543,72
CYB5R1,Cytochrome B5 Reductase 1,Protein Coding,0.16577543,72
DOCK11,Dedicator Of Cytokinesis 11,Protein Coding,0.16577543,72
ELK3,ETS Transcription Factor ELK3,Protein Coding,0.16577543,72
HAUS7,HAUS Augmin Like Complex Subunit 7,Protein Coding,0.16577543,72
HS6ST1,Heparan Sulfate 6-O-Sulfotransferase 1,Protein Coding,0.16577543,72
HSD17B8,Hydroxysteroid 17-Beta Dehydrogenase 8,Protein Coding,0.16577543,72
IGSF10,Immunoglobulin Superfamily Member 10,Protein Coding,0.16577543,72
INSL3,Insulin Like 3,Protein Coding,0.16577543,72
KDM5D,Lysine Demethylase 5D,Protein Coding,0.16577543,72
KLRC2,Killer Cell Lectin Like Receptor C2,Protein Coding,0.16577543,72
LMO1,LIM Domain Only 1,Protein Coding,0.16577543,72
METTL23,"Methyltransferase 23, Arginine",Protein Coding,0.16577543,72
MN1,"MN1 Proto-Oncogene, Transcriptional Regulator",Protein Coding,0.16577543,72
MYRIP,Myosin VIIA And Rab Interacting Protein,Protein Coding,0.16577543,72
NAB2,NGFI-A Binding Protein 2,Protein Coding,0.16577543,72
NMNAT3,Nicotinamide Nucleotide Adenylyltransferase 3,Protein Coding,0.16577543,72
NSMAF,Neutral Sphingomyelinase Activation Associated Factor,Protein Coding,0.16577543,72
PACRG,Parkin Coregulated,Protein Coding,0.16577543,72
PLPP3,Phospholipid Phosphatase 3,Protein Coding,0.16577543,72
RABGGTA,Rab Geranylgeranyltransferase Subunit Alpha,Protein Coding,0.16577543,72
RASAL1,RAS Protein Activator Like 1,Protein Coding,0.16577543,72
RGS10,Regulator Of G Protein Signaling 10,Protein Coding,0.16577543,72
ROGDI,Rogdi Atypical Leucine Zipper,Protein Coding,0.16577543,72
SLC17A3,Solute Carrier Family 17 Member 3,Protein Coding,0.16577543,72
SLC27A6,Solute Carrier Family 27 Member 6,Protein Coding,0.16577543,72
SNX18,Sorting Nexin 18,Protein Coding,0.16577543,72
SRR,Serine Racemase,Protein Coding,0.16577543,72
TRAPPC10,Trafficking Protein Particle Complex Subunit 10,Protein Coding,0.16577543,72
USP26,Ubiquitin Specific Peptidase 26,Protein Coding,0.16577543,72
VPS36,Vacuolar Protein Sorting 36 Homolog,Protein Coding,0.16577543,72
WDR24,WD Repeat Domain 24,Protein Coding,0.16577543,72
ADAP2,ArfGAP With Dual PH Domains 2,Protein Coding,0.16577543,71
ADGRA2,Adhesion G Protein-Coupled Receptor A2,Protein Coding,0.16577543,71
ANAPC16,Anaphase Promoting Complex Subunit 16,Protein Coding,0.16577543,71
ARHGEF26,Rho Guanine Nucleotide Exchange Factor 26,Protein Coding,0.16577543,71
ASPG,Asparaginase,Protein Coding,0.16577543,71
ATP13A4,ATPase 13A4,Protein Coding,0.16577543,71
BHMT2,Betaine--Homocysteine S-Methyltransferase 2,Protein Coding,0.16577543,71
BMP5,Bone Morphogenetic Protein 5,Protein Coding,0.16577543,71
CDK18,Cyclin Dependent Kinase 18,Protein Coding,0.16577543,71
CLIC2,Chloride Intracellular Channel 2,Protein Coding,0.16577543,71
DAPP1,Dual Adaptor Of Phosphotyrosine And 3-Phosphoinositides 1,Protein Coding,0.16577543,71
EPGN,Epithelial Mitogen,Protein Coding,0.16577543,71
FCMR,Fc Mu Receptor,Protein Coding,0.16577543,71
FRMD4A,FERM Domain Containing 4A,Protein Coding,0.16577543,71
FSTL3,Follistatin Like 3,Protein Coding,0.16577543,71
GSTM5,Glutathione S-Transferase Mu 5,Protein Coding,0.16577543,71
ITPKC,Inositol-Trisphosphate 3-Kinase C,Protein Coding,0.16577543,71
KCNH6,Potassium Voltage-Gated Channel Subfamily H Member 6,Protein Coding,0.16577543,71
KLK11,Kallikrein Related Peptidase 11,Protein Coding,0.16577543,71
LIN54,Lin-54 DREAM MuvB Core Complex Component,Protein Coding,0.16577543,71
MED21,Mediator Complex Subunit 21,Protein Coding,0.16577543,71
NEU3,Neuraminidase 3,Protein Coding,0.16577543,71
PERP,P53 Apoptosis Effector Related To PMP22,Protein Coding,0.16577543,71
PI4K2B,Phosphatidylinositol 4-Kinase Type 2 Beta,Protein Coding,0.16577543,71
PIGP,Phosphatidylinositol Glycan Anchor Biosynthesis Class P,Protein Coding,0.16577543,71
PRDM4,PR/SET Domain 4,Protein Coding,0.16577543,71
RASA3,RAS P21 Protein Activator 3,Protein Coding,0.16577543,71
SCAMP1,Secretory Carrier Membrane Protein 1,Protein Coding,0.16577543,71
SEC11C,"SEC11 Homolog C, Signal Peptidase Complex Subunit",Protein Coding,0.16577543,71
SPAG17,Sperm Associated Antigen 17,Protein Coding,0.16577543,71
STX12,Syntaxin 12,Protein Coding,0.16577543,71
TAF1A,"TATA-Box Binding Protein Associated Factor, RNA Polymerase I Subunit A",Protein Coding,0.16577543,71
TDRD1,Tudor Domain Containing 1,Protein Coding,0.16577543,71
TM7SF2,Transmembrane 7 Superfamily Member 2,Protein Coding,0.16577543,71
TMBIM6,Transmembrane BAX Inhibitor Motif Containing 6,Protein Coding,0.16577543,71
UBE2E2,Ubiquitin Conjugating Enzyme E2 E2,Protein Coding,0.16577543,71
ZNF521,Zinc Finger Protein 521,Protein Coding,0.16577543,71
ADAM28,ADAM Metallopeptidase Domain 28,Protein Coding,0.16577543,70
ADAMTS15,ADAM Metallopeptidase With Thrombospondin Type 1 Motif 15,Protein Coding,0.16577543,70
BCL7C,BAF Chromatin Remodeling Complex Subunit BCL7C,Protein Coding,0.16577543,70
CYP2A13,Cytochrome P450 Family 2 Subfamily A Member 13,Protein Coding,0.16577543,70
DMTF1,Cyclin D Binding Myb Like Transcription Factor 1,Protein Coding,0.16577543,70
EDN2,Endothelin 2,Protein Coding,0.16577543,70
FAAP20,FA Core Complex Associated Protein 20,Protein Coding,0.16577543,70
FBXO28,F-Box Protein 28,Protein Coding,0.16577543,70
GDPD5,Glycerophosphodiester Phosphodiesterase Domain Containing 5,Protein Coding,0.16577543,70
GP5,Glycoprotein V Platelet,Protein Coding,0.16577543,70
GPR65,G Protein-Coupled Receptor 65,Protein Coding,0.16577543,70
GPRC5B,G Protein-Coupled Receptor Class C Group 5 Member B,Protein Coding,0.16577543,70
HCN3,Hyperpolarization Activated Cyclic Nucleotide Gated Potassium Channel 3,Protein Coding,0.16577543,70
IER3IP1,Immediate Early Response 3 Interacting Protein 1,Protein Coding,0.16577543,70
KIR3DL2,"Killer Cell Immunoglobulin Like Receptor, Three Ig Domains And Long Cytoplasmic Tail 2",Protein Coding,0.16577543,70
NRROS,Negative Regulator Of Reactive Oxygen Species,Protein Coding,0.16577543,70
NSMCE1,NSE1 Component Of SMC5/6 Complex,Protein Coding,0.16577543,70
NUDT12,Nudix Hydrolase 12,Protein Coding,0.16577543,70
NUDT15,Nudix Hydrolase 15,Protein Coding,0.16577543,70
OSBPL6,Oxysterol Binding Protein Like 6,Protein Coding,0.16577543,70
PCYT1B,"Phosphate Cytidylyltransferase 1B, Choline",Protein Coding,0.16577543,70
PGAP2,Post-GPI Attachment To Proteins 2,Protein Coding,0.16577543,70
PLD6,Phospholipase D Family Member 6,Protein Coding,0.16577543,70
POLE4,"DNA Polymerase Epsilon 4, Accessory Subunit",Protein Coding,0.16577543,70
PRSS56,Serine Protease 56,Protein Coding,0.16577543,70
PTPN21,Protein Tyrosine Phosphatase Non-Receptor Type 21,Protein Coding,0.16577543,70
RAB3B,"RAB3B, Member RAS Oncogene Family",Protein Coding,0.16577543,70
RNF112,Ring Finger Protein 112,Protein Coding,0.16577543,70
RRN3,RNA Polymerase I Transcription Factor RRN3,Protein Coding,0.16577543,70
SETD6,"SET Domain Containing 6, Protein Lysine Methyltransferase",Protein Coding,0.16577543,70
SHQ1,"SHQ1, H/ACA Ribonucleoprotein Assembly Factor",Protein Coding,0.16577543,70
SORCS2,Sortilin Related VPS10 Domain Containing Receptor 2,Protein Coding,0.16577543,70
SUGCT,Succinyl-CoA:Glutarate-CoA Transferase,Protein Coding,0.16577543,70
TESK2,Testis Associated Actin Remodelling Kinase 2,Protein Coding,0.16577543,70
TXNDC15,Thioredoxin Domain Containing 15,Protein Coding,0.16577543,70
UBASH3B,Ubiquitin Associated And SH3 Domain Containing B,Protein Coding,0.16577543,70
VPS37B,VPS37B Subunit Of ESCRT-I,Protein Coding,0.16577543,70
XCL1,X-C Motif Chemokine Ligand 1,Protein Coding,0.16577543,70
ZBTB11,Zinc Finger And BTB Domain Containing 11,Protein Coding,0.16577543,70
ZNF350,Zinc Finger Protein 350,Protein Coding,0.16577543,70
ZWILCH,Zwilch Kinetochore Protein,Protein Coding,0.16577543,70
ADGRD1,Adhesion G Protein-Coupled Receptor D1,Protein Coding,0.16577543,69
CCL1,C-C Motif Chemokine Ligand 1,Protein Coding,0.16577543,69
CCL24,C-C Motif Chemokine Ligand 24,Protein Coding,0.16577543,69
CHST15,Carbohydrate Sulfotransferase 15,Protein Coding,0.16577543,69
CIBAR1,CBY1 Interacting BAR Domain Containing 1,Protein Coding,0.16577543,69
CKMT2,"Creatine Kinase, Mitochondrial 2",Protein Coding,0.16577543,69
DENND3,DENN Domain Containing 3,Protein Coding,0.16577543,69
DHFR2,Dihydrofolate Reductase 2,Protein Coding,0.16577543,69
DIO1,Iodothyronine Deiodinase 1,Protein Coding,0.16577543,69
EHD3,EH Domain Containing 3,Protein Coding,0.16577543,69
EMILIN2,Elastin Microfibril Interfacer 2,Protein Coding,0.16577543,69
FGD6,"FYVE, RhoGEF And PH Domain Containing 6",Protein Coding,0.16577543,69
FMO5,Flavin Containing Dimethylaniline Monoxygenase 5,Protein Coding,0.16577543,69
GALNT6,Polypeptide N-Acetylgalactosaminyltransferase 6,Protein Coding,0.16577543,69
GJA4,Gap Junction Protein Alpha 4,Protein Coding,0.16577543,69
HAUS4,HAUS Augmin Like Complex Subunit 4,Protein Coding,0.16577543,69
IFT20,Intraflagellar Transport 20,Protein Coding,0.16577543,69
IRX4,Iroquois Homeobox 4,Protein Coding,0.16577543,69
LMO4,LIM Domain Only 4,Protein Coding,0.16577543,69
MIS18BP1,MIS18 Binding Protein 1,Protein Coding,0.16577543,69
MMP28,Matrix Metallopeptidase 28,Protein Coding,0.16577543,69
MOSPD2,Motile Sperm Domain Containing 2,Protein Coding,0.16577543,69
MYO1G,Myosin IG,Protein Coding,0.16577543,69
MYO5C,Myosin VC,Protein Coding,0.16577543,69
NMB,Neuromedin B,Protein Coding,0.16577543,69
PLIN4,Perilipin 4,Protein Coding,0.16577543,69
RBMS3,RNA Binding Motif Single Stranded Interacting Protein 3,Protein Coding,0.16577543,69
RERG,RAS Like Estrogen Regulated Growth Inhibitor,Protein Coding,0.16577543,69
RGS16,Regulator Of G Protein Signaling 16,Protein Coding,0.16577543,69
RHEBL1,RHEB Like 1,Protein Coding,0.16577543,69
RHPN2,Rhophilin Rho GTPase Binding Protein 2,Protein Coding,0.16577543,69
RILP,Rab Interacting Lysosomal Protein,Protein Coding,0.16577543,69
RNASEH2C,Ribonuclease H2 Subunit C,Protein Coding,0.16577543,69
RNF25,Ring Finger Protein 25,Protein Coding,0.16577543,69
SEC14L1,SEC14 Like Lipid Binding 1,Protein Coding,0.16577543,69
SEPTIN3,Septin 3,Protein Coding,0.16577543,69
SHPK,Sedoheptulokinase,Protein Coding,0.16577543,69
SLC16A12,Solute Carrier Family 16 Member 12,Protein Coding,0.16577543,69
SLC25A25,Solute Carrier Family 25 Member 25,Protein Coding,0.16577543,69
SLC25A29,Solute Carrier Family 25 Member 29,Protein Coding,0.16577543,69
SRPK3,SRSF Protein Kinase 3,Protein Coding,0.16577543,69
ST8SIA1,"ST8 Alpha-N-Acetyl-Neuraminide Alpha-2,8-Sialyltransferase 1",Protein Coding,0.16577543,69
SYNGR1,Synaptogyrin 1,Protein Coding,0.16577543,69
TAAR1,Trace Amine Associated Receptor 1,Protein Coding,0.16577543,69
TCL1A,TCL1 Family AKT Coactivator A,Protein Coding,0.16577543,69
TRIM15,Tripartite Motif Containing 15,Protein Coding,0.16577543,69
VNN1,Vanin 1,Protein Coding,0.16577543,69
YOD1,YOD1 Deubiquitinase,Protein Coding,0.16577543,69
ZPR1,ZPR1 Zinc Finger,Protein Coding,0.16577543,69
AACS,Acetoacetyl-CoA Synthetase,Protein Coding,0.16577543,68
ARID5A,AT-Rich Interaction Domain 5A,Protein Coding,0.16577543,68
B3GALNT1,"Beta-1,3-N-Acetylgalactosaminyltransferase 1 (Globoside Blood Group)",Protein Coding,0.16577543,68
BDH2,3-Hydroxybutyrate Dehydrogenase 2,Protein Coding,0.16577543,68
BTN3A3,Butyrophilin Subfamily 3 Member A3,Protein Coding,0.16577543,68
CRISPLD2,Cysteine Rich Secretory Protein LCCL Domain Containing 2,Protein Coding,0.16577543,68
CROT,Carnitine O-Octanoyltransferase,Protein Coding,0.16577543,68
CYB561,Cytochrome B561,Protein Coding,0.16577543,68
DDO,D-Aspartate Oxidase,Protein Coding,0.16577543,68
DIPK1A,Divergent Protein Kinase Domain 1A,Protein Coding,0.16577543,68
FXYD1,FXYD Domain Containing Ion Transport Regulator 1,Protein Coding,0.16577543,68
GNG11,G Protein Subunit Gamma 11,Protein Coding,0.16577543,68
HAUS1,HAUS Augmin Like Complex Subunit 1,Protein Coding,0.16577543,68
HECTD4,HECT Domain E3 Ubiquitin Protein Ligase 4,Protein Coding,0.16577543,68
HSPB3,Heat Shock Protein Family B (Small) Member 3,Protein Coding,0.16577543,68
IAH1,Isoamyl Acetate Hydrolyzing Esterase 1 (Putative),Protein Coding,0.16577543,68
ISYNA1,Inositol-3-Phosphate Synthase 1,Protein Coding,0.16577543,68
JPH1,Junctophilin 1,Protein Coding,0.16577543,68
KCNS2,Potassium Voltage-Gated Channel Modifier Subfamily S Member 2,Protein Coding,0.16577543,68
KLK14,Kallikrein Related Peptidase 14,Protein Coding,0.16577543,68
KLK15,Kallikrein Related Peptidase 15,Protein Coding,0.16577543,68
KYAT3,Kynurenine Aminotransferase 3,Protein Coding,0.16577543,68
MDFIC,MyoD Family Inhibitor Domain Containing,Protein Coding,0.16577543,68
MEP1B,Meprin A Subunit Beta,Protein Coding,0.16577543,68
NAV1,Neuron Navigator 1,Protein Coding,0.16577543,68
NCDN,Neurochondrin,Protein Coding,0.16577543,68
NECAB2,N-Terminal EF-Hand Calcium Binding Protein 2,Protein Coding,0.16577543,68
NLN,Neurolysin,Protein Coding,0.16577543,68
NUDT2,Nudix Hydrolase 2,Protein Coding,0.16577543,68
PCGF5,Polycomb Group Ring Finger 5,Protein Coding,0.16577543,68
PMM1,Phosphomannomutase 1,Protein Coding,0.16577543,68
POFUT2,Protein O-Fucosyltransferase 2,Protein Coding,0.16577543,68
QRICH2,Glutamine Rich 2,Protein Coding,0.16577543,68
RCOR3,REST Corepressor 3,Protein Coding,0.16577543,68
RILPL1,Rab Interacting Lysosomal Protein Like 1,Protein Coding,0.16577543,68
RNF19B,Ring Finger Protein 19B,Protein Coding,0.16577543,68
SAMD4A,Sterile Alpha Motif Domain Containing 4A,Protein Coding,0.16577543,68
SAP30,Sin3A Associated Protein 30,Protein Coding,0.16577543,68
SHLD2,Shieldin Complex Subunit 2,Protein Coding,0.16577543,68
SLC28A2,Solute Carrier Family 28 Member 2,Protein Coding,0.16577543,68
SLC30A4,Solute Carrier Family 30 Member 4,Protein Coding,0.16577543,68
SMG7,SMG7 Nonsense Mediated MRNA Decay Factor,Protein Coding,0.16577543,68
SMTN,Smoothelin,Protein Coding,0.16577543,68
SNAP47,Synaptosome Associated Protein 47,Protein Coding,0.16577543,68
STK40,Serine/Threonine Kinase 40,Protein Coding,0.16577543,68
STON1,Stonin 1,Protein Coding,0.16577543,68
TRIB2,Tribbles Pseudokinase 2,Protein Coding,0.16577543,68
TXNRD3,Thioredoxin Reductase 3,Protein Coding,0.16577543,68
UNKL,Unk Like Zinc Finger,Protein Coding,0.16577543,68
VMA12,Vacuolar ATPase Assembly Factor VMA12,Protein Coding,0.16577543,68
WDR44,WD Repeat Domain 44,Protein Coding,0.16577543,68
ZBTB21,Zinc Finger And BTB Domain Containing 21,Protein Coding,0.16577543,68
ZNHIT3,Zinc Finger HIT-Type Containing 3,Protein Coding,0.16577543,68
ABHD17A,"Abhydrolase Domain Containing 17A, Depalmitoylase",Protein Coding,0.16577543,67
ADGRL4,Adhesion G Protein-Coupled Receptor L4,Protein Coding,0.16577543,67
ANO2,Anoctamin 2,Protein Coding,0.16577543,67
ANO9,Anoctamin 9,Protein Coding,0.16577543,67
APOO,Apolipoprotein O,Protein Coding,0.16577543,67
ARHGAP20,Rho GTPase Activating Protein 20,Protein Coding,0.16577543,67
ATG4C,Autophagy Related 4C Cysteine Peptidase,Protein Coding,0.16577543,67
B3GALT4,"Beta-1,3-Galactosyltransferase 4",Protein Coding,0.16577543,67
B3GNT5,"UDP-GlcNAc:BetaGal Beta-1,3-N-Acetylglucosaminyltransferase 5",Protein Coding,0.16577543,67
BBX,BBX High Mobility Group Box Domain Containing,Protein Coding,0.16577543,67
BRINP1,BMP/Retinoic Acid Inducible Neural Specific 1,Protein Coding,0.16577543,67
CHPF2,Chondroitin Polymerizing Factor 2,Protein Coding,0.16577543,67
CILP,Cartilage Intermediate Layer Protein,Protein Coding,0.16577543,67
CLEC2D,C-Type Lectin Domain Family 2 Member D,Protein Coding,0.16577543,67
CLEC4D,C-Type Lectin Domain Family 4 Member D,Protein Coding,0.16577543,67
COTL1,Coactosin Like F-Actin Binding Protein 1,Protein Coding,0.16577543,67
CSRP2,Cysteine And Glycine Rich Protein 2,Protein Coding,0.16577543,67
EAF1,ELL Associated Factor 1,Protein Coding,0.16577543,67
ELP6,Elongator Acetyltransferase Complex Subunit 6,Protein Coding,0.16577543,67
FIRRM,FIGNL1 Interacting Regulator Of Recombination And Mitosis,Protein Coding,0.16577543,67
GBP4,Guanylate Binding Protein 4,Protein Coding,0.16577543,67
GTF2A2,General Transcription Factor IIA Subunit 2,Protein Coding,0.16577543,67
KLK13,Kallikrein Related Peptidase 13,Protein Coding,0.16577543,67
LSM10,"LSM10, U7 Small Nuclear RNA Associated",Protein Coding,0.16577543,67
NDFIP2,Nedd4 Family Interacting Protein 2,Protein Coding,0.16577543,67
NDUFB1,NADH:Ubiquinone Oxidoreductase Subunit B1,Protein Coding,0.16577543,67
PANX2,Pannexin 2,Protein Coding,0.16577543,67
PDPR,Pyruvate Dehydrogenase Phosphatase Regulatory Subunit,Protein Coding,0.16577543,67
PGM5,Phosphoglucomutase 5,Protein Coding,0.16577543,67
PTGR2,Prostaglandin Reductase 2,Protein Coding,0.16577543,67
RAB32,"RAB32, Member RAS Oncogene Family",Protein Coding,0.16577543,67
RIC8A,RIC8 Guanine Nucleotide Exchange Factor A,Protein Coding,0.16577543,67
RNF149,Ring Finger Protein 149,Protein Coding,0.16577543,67
RPL36AL,Ribosomal Protein L36a Like,Protein Coding,0.16577543,67
SENP8,"SUMO Peptidase Family Member, NEDD8 Specific",Protein Coding,0.16577543,67
SERINC5,Serine Incorporator 5,Protein Coding,0.16577543,67
SERP1,Stress Associated Endoplasmic Reticulum Protein 1,Protein Coding,0.16577543,67
SLC13A1,Solute Carrier Family 13 Member 1,Protein Coding,0.16577543,67
SLC5A3,Solute Carrier Family 5 Member 3,Protein Coding,0.16577543,67
SLC8B1,Solute Carrier Family 8 Member B1,Protein Coding,0.16577543,67
SLF1,SMC5/6 Complex Localization Factor 1,Protein Coding,0.16577543,67
SPSB4,SplA/Ryanodine Receptor Domain And SOCS Box Containing 4,Protein Coding,0.16577543,67
TRAPPC1,Trafficking Protein Particle Complex Subunit 1,Protein Coding,0.16577543,67
ACOT4,Acyl-CoA Thioesterase 4,Protein Coding,0.16577543,66
AGMO,Alkylglycerol Monooxygenase,Protein Coding,0.16577543,66
ALDH8A1,Aldehyde Dehydrogenase 8 Family Member A1,Protein Coding,0.16577543,66
APBB3,Amyloid Beta Precursor Protein Binding Family B Member 3,Protein Coding,0.16577543,66
ARFIP1,ARF Interacting Protein 1,Protein Coding,0.16577543,66
ARHGAP28,Rho GTPase Activating Protein 28,Protein Coding,0.16577543,66
CD207,CD207 Molecule,Protein Coding,0.16577543,66
CENPK,Centromere Protein K,Protein Coding,0.16577543,66
CNIH2,Cornichon Family AMPA Receptor Auxiliary Protein 2,Protein Coding,0.16577543,66
DHRS11,Dehydrogenase/Reductase 11,Protein Coding,0.16577543,66
DOHH,Deoxyhypusine Hydroxylase,Protein Coding,0.16577543,66
ENC1,Ectodermal-Neural Cortex 1,Protein Coding,0.16577543,66
ENTPD7,Ectonucleoside Triphosphate Diphosphohydrolase 7,Protein Coding,0.16577543,66
ENTREP1,Endosomal Transmembrane Epsin Interactor 1,Protein Coding,0.16577543,66
EPN3,Epsin 3,Protein Coding,0.16577543,66
ERO1B,Endoplasmic Reticulum Oxidoreductase 1 Beta,Protein Coding,0.16577543,66
FAHD1,Fumarylacetoacetate Hydrolase Domain Containing 1,Protein Coding,0.16577543,66
G2E3,G2/M-Phase Specific E3 Ubiquitin Protein Ligase,Protein Coding,0.16577543,66
GET1,Guided Entry Of Tail-Anchored Proteins Factor 1,Protein Coding,0.16577543,66
H2AC1,H2A Clustered Histone 1,Protein Coding,0.16577543,66
H2AC18,H2A Clustered Histone 18,Protein Coding,0.16577543,66
HINFP,Histone H4 Transcription Factor,Protein Coding,0.16577543,66
ICE1,Interactor Of Little Elongation Complex ELL Subunit 1,Protein Coding,0.16577543,66
IGSF9,Immunoglobulin Superfamily Member 9,Protein Coding,0.16577543,66
ITM2C,Integral Membrane Protein 2C,Protein Coding,0.16577543,66
KCNK5,Potassium Two Pore Domain Channel Subfamily K Member 5,Protein Coding,0.16577543,66
KCTD15,Potassium Channel Tetramerization Domain Containing 15,Protein Coding,0.16577543,66
LEFTY1,Left-Right Determination Factor 1,Protein Coding,0.16577543,66
MEIOB,Meiosis Specific With OB-Fold,Protein Coding,0.16577543,66
MGAT3,"Beta-1,4-Mannosyl-Glycoprotein 4-Beta-N-Acetylglucosaminyltransferase",Protein Coding,0.16577543,66
MRAP,Melanocortin 2 Receptor Accessory Protein,Protein Coding,0.16577543,66
MRPS30,Mitochondrial Ribosomal Protein S30,Protein Coding,0.16577543,66
MSRB2,Methionine Sulfoxide Reductase B2,Protein Coding,0.16577543,66
MXD3,MAX Dimerization Protein 3,Protein Coding,0.16577543,66
NAA30,"N-Alpha-Acetyltransferase 30, NatC Catalytic Subunit",Protein Coding,0.16577543,66
NAA60,"N-Alpha-Acetyltransferase 60, NatF Catalytic Subunit",Protein Coding,0.16577543,66
NPAS1,Neuronal PAS Domain Protein 1,Protein Coding,0.16577543,66
PNLDC1,PARN Like Ribonuclease Domain Containing Exonuclease 1,Protein Coding,0.16577543,66
PPP1R14A,Protein Phosphatase 1 Regulatory Inhibitor Subunit 14A,Protein Coding,0.16577543,66
RPL39L,Ribosomal Protein L39 Like,Protein Coding,0.16577543,66
SELENOS,Selenoprotein S,Protein Coding,0.16577543,66
SLC16A5,Solute Carrier Family 16 Member 5,Protein Coding,0.16577543,66
SLC25A23,Solute Carrier Family 25 Member 23,Protein Coding,0.16577543,66
SLC35D2,Solute Carrier Family 35 Member D2,Protein Coding,0.16577543,66
SPSB1,SplA/Ryanodine Receptor Domain And SOCS Box Containing 1,Protein Coding,0.16577543,66
SYBU,Syntabulin,Protein Coding,0.16577543,66
TBPL1,TATA-Box Binding Protein Like 1,Protein Coding,0.16577543,66
TOGARAM1,TOG Array Regulator Of Axonemal Microtubules 1,Protein Coding,0.16577543,66
TRAT1,T Cell Receptor Associated Transmembrane Adaptor 1,Protein Coding,0.16577543,66
ZBTB4,Zinc Finger And BTB Domain Containing 4,Protein Coding,0.16577543,66
ZBTB40,Zinc Finger And BTB Domain Containing 40,Protein Coding,0.16577543,66
ZSCAN25,Zinc Finger And SCAN Domain Containing 25,Protein Coding,0.16577543,66
AADAC,Arylacetamide Deacetylase,Protein Coding,0.16577543,65
ABLIM2,Actin Binding LIM Protein Family Member 2,Protein Coding,0.16577543,65
ARL4A,ARF Like GTPase 4A,Protein Coding,0.16577543,65
ARRDC3,Arrestin Domain Containing 3,Protein Coding,0.16577543,65
ATXN1L,Ataxin 1 Like,Protein Coding,0.16577543,65
BCO2,Beta-Carotene Oxygenase 2,Protein Coding,0.16577543,65
BMP8B,Bone Morphogenetic Protein 8b,Protein Coding,0.16577543,65
CCNB3,Cyclin B3,Protein Coding,0.16577543,65
CD27-AS1,CD27 Antisense RNA 1,RNA Gene,0.16577543,65
CLEC2B,C-Type Lectin Domain Family 2 Member B,Protein Coding,0.16577543,65
CSGALNACT2,Chondroitin Sulfate N-Acetylgalactosaminyltransferase 2,Protein Coding,0.16577543,65
DDAH2,"DDAH Family Member 2, ADMA-Independent",Protein Coding,0.16577543,65
DYRK4,Dual Specificity Tyrosine Phosphorylation Regulated Kinase 4,Protein Coding,0.16577543,65
ELAPOR1,Endosome-Lysosome Associated Apoptosis And Autophagy Regulator 1,Protein Coding,0.16577543,65
FAAH2,Fatty Acid Amide Hydrolase 2,Protein Coding,0.16577543,65
GIPC3,GIPC PDZ Domain Containing Family Member 3,Protein Coding,0.16577543,65
HCAR1,Hydroxycarboxylic Acid Receptor 1,Protein Coding,0.16577543,65
HIC2,HIC ZBTB Transcriptional Repressor 2,Protein Coding,0.16577543,65
HYAL4,Hyaluronidase 4,Protein Coding,0.16577543,65
KDELR3,KDEL Endoplasmic Reticulum Protein Retention Receptor 3,Protein Coding,0.16577543,65
LHX6,LIM Homeobox 6,Protein Coding,0.16577543,65
LRRC45,Leucine Rich Repeat Containing 45,Protein Coding,0.16577543,65
MNS1,Meiosis Specific Nuclear Structural 1,Protein Coding,0.16577543,65
OSBPL7,Oxysterol Binding Protein Like 7,Protein Coding,0.16577543,65
OSTF1,Osteoclast Stimulating Factor 1,Protein Coding,0.16577543,65
PDCD2,Programmed Cell Death 2,Protein Coding,0.16577543,65
PHF14,PHD Finger Protein 14,Protein Coding,0.16577543,65
PPP4R2,Protein Phosphatase 4 Regulatory Subunit 2,Protein Coding,0.16577543,65
RCVRN,Recoverin,Protein Coding,0.16577543,65
RETREG3,Reticulophagy Regulator Family Member 3,Protein Coding,0.16577543,65
REXO2,RNA Exonuclease 2,Protein Coding,0.16577543,65
RFX4,Regulatory Factor X4,Protein Coding,0.16577543,65
RHBG,Rh Family B Glycoprotein,Protein Coding,0.16577543,65
RNASE2,Ribonuclease A Family Member 2,Protein Coding,0.16577543,65
RNASE3,Ribonuclease A Family Member 3,Protein Coding,0.16577543,65
SDCBP2,Syndecan Binding Protein 2,Protein Coding,0.16577543,65
SDR9C7,Short Chain Dehydrogenase/Reductase Family 9C Member 7,Protein Coding,0.16577543,65
SEMA4G,Semaphorin 4G,Protein Coding,0.16577543,65
SGSM2,Small G Protein Signaling Modulator 2,Protein Coding,0.16577543,65
SLC37A2,Solute Carrier Family 37 Member 2,Protein Coding,0.16577543,65
SLC43A3,Solute Carrier Family 43 Member 3,Protein Coding,0.16577543,65
SLC45A3,Solute Carrier Family 45 Member 3,Protein Coding,0.16577543,65
STAC2,SH3 And Cysteine Rich Domain 2,Protein Coding,0.16577543,65
SYCE2,Synaptonemal Complex Central Element Protein 2,Protein Coding,0.16577543,65
TAGAP,T Cell Activation RhoGTPase Activating Protein,Protein Coding,0.16577543,65
TAS2R38,Taste 2 Receptor Member 38,Protein Coding,0.16577543,65
TH2LCRR,T Helper Type 2 Locus Control Region Associated RNA,RNA Gene,0.16577543,65
TMEFF2,Transmembrane Protein With EGF Like And Two Follistatin Like Domains 2,Protein Coding,0.16577543,65
TMEM135,Transmembrane Protein 135,Protein Coding,0.16577543,65
TRIM50,Tripartite Motif Containing 50,Protein Coding,0.16577543,65
TTC1,Tetratricopeptide Repeat Domain 1,Protein Coding,0.16577543,65
ZMAT3,Zinc Finger Matrin-Type 3,Protein Coding,0.16577543,65
ADNP2,ADNP Homeobox 2,Protein Coding,0.16577543,64
AIFM3,AIF Family Member 3,Protein Coding,0.16577543,64
ALPG,"Alkaline Phosphatase, Germ Cell",Protein Coding,0.16577543,64
APEX2,Apurinic/Apyrimidinic Endodeoxyribonuclease 2,Protein Coding,0.16577543,64
ARL5B,ARF Like GTPase 5B,Protein Coding,0.16577543,64
BAHD1,Bromo Adjacent Homology Domain Containing 1,Protein Coding,0.16577543,64
CADM4,Cell Adhesion Molecule 4,Protein Coding,0.16577543,64
CLDN15,Claudin 15,Protein Coding,0.16577543,64
CTU1,Cytosolic Thiouridylase Subunit 1,Protein Coding,0.16577543,64
ERC2,ELKS/RAB6-Interacting/CAST Family Member 2,Protein Coding,0.16577543,64
FETUB,Fetuin B,Protein Coding,0.16577543,64
GALK2,Galactokinase 2,Protein Coding,0.16577543,64
GLTP,Glycolipid Transfer Protein,Protein Coding,0.16577543,64
GSE1,Gse1 Coiled-Coil Protein,Protein Coding,0.16577543,64
IGHA2,Immunoglobulin Heavy Constant Alpha 2 (A2m Marker),Protein Coding,0.16577543,64
IPPK,Inositol-Pentakisphosphate 2-Kinase,Protein Coding,0.16577543,64
MIDN,Midnolin,Protein Coding,0.16577543,64
MLEC,Malectin,Protein Coding,0.16577543,64
NAA38,"N-Alpha-Acetyltransferase 38, NatC Auxiliary Subunit",Protein Coding,0.16577543,64
NABP1,Nucleic Acid Binding Protein 1,Protein Coding,0.16577543,64
NLGN4Y,Neuroligin 4 Y-Linked,Protein Coding,0.16577543,64
NMRK1,Nicotinamide Riboside Kinase 1,Protein Coding,0.16577543,64
OLIG1,Oligodendrocyte Transcription Factor 1,Protein Coding,0.16577543,64
OST4,"Oligosaccharyltransferase Complex Subunit 4, Non-Catalytic",Protein Coding,0.16577543,64
RABAC1,Rab Acceptor 1,Protein Coding,0.16577543,64
RLF,RLF Zinc Finger,Protein Coding,0.16577543,64
RPRD1A,Regulation Of Nuclear Pre-MRNA Domain Containing 1A,Protein Coding,0.16577543,64
SLC17A2,Solute Carrier Family 17 Member 2,Protein Coding,0.16577543,64
SOX15,SRY-Box Transcription Factor 15,Protein Coding,0.16577543,64
SPRED3,Sprouty Related EVH1 Domain Containing 3,Protein Coding,0.16577543,64
SSR2,Signal Sequence Receptor Subunit 2,Protein Coding,0.16577543,64
STARD3NL,STARD3 N-Terminal Like,Protein Coding,0.16577543,64
SYT14,Synaptotagmin 14,Protein Coding,0.16577543,64
TENT2,Terminal Nucleotidyltransferase 2,Protein Coding,0.16577543,64
TPD52L1,TPD52 Like 1,Protein Coding,0.16577543,64
UBXN2A,UBX Domain Protein 2A,Protein Coding,0.16577543,64
ZC3H7A,Zinc Finger CCCH-Type Containing 7A,Protein Coding,0.16577543,64
ZCCHC7,Zinc Finger CCHC-Type Containing 7,Protein Coding,0.16577543,64
ZDHHC11,ZDHHC Palmitoyltransferase 11,Protein Coding,0.16577543,64
ZDHHC13,ZDHHC Palmitoyltransferase 13,Protein Coding,0.16577543,64
ZDHHC6,ZDHHC Palmitoyltransferase 6,Protein Coding,0.16577543,64
ANKRD2,Ankyrin Repeat Domain 2,Protein Coding,0.16577543,63
BATF3,Basic Leucine Zipper ATF-Like Transcription Factor 3,Protein Coding,0.16577543,63
CCDC146,Coiled-Coil Domain Containing 146,Protein Coding,0.16577543,63
CD300LB,CD300 Molecule Like Family Member B,Protein Coding,0.16577543,63
CDH23-AS1,CDH23 Antisense RNA 1,RNA Gene,0.16577543,63
CEP20,Centrosomal Protein 20,Protein Coding,0.16577543,63
CFAP418-AS1,CFAP418 Antisense RNA 1,RNA Gene,0.16577543,63
CH25H,Cholesterol 25-Hydroxylase,Protein Coding,0.16577543,63
CHST2,Carbohydrate Sulfotransferase 2,Protein Coding,0.16577543,63
CHST4,Carbohydrate Sulfotransferase 4,Protein Coding,0.16577543,63
CHSY3,Chondroitin Sulfate Synthase 3,Protein Coding,0.16577543,63
CLDN12,Claudin 12,Protein Coding,0.16577543,63
CLIP3,CAP-Gly Domain Containing Linker Protein 3,Protein Coding,0.16577543,63
CLVS1,Clavesin 1,Protein Coding,0.16577543,63
DDX51,DEAD-Box Helicase 51,Protein Coding,0.16577543,63
DSCC1,DNA Replication And Sister Chromatid Cohesion 1,Protein Coding,0.16577543,63
ECD,Ecdysoneless Cell Cycle Regulator,Protein Coding,0.16577543,63
ENTPD8,Ectonucleoside Triphosphate Diphosphohydrolase 8,Protein Coding,0.16577543,63
GANC,"Glucosidase Alpha, Neutral C",Protein Coding,0.16577543,63
GDPD1,Glycerophosphodiester Phosphodiesterase Domain Containing 1,Protein Coding,0.16577543,63
GPA33,Glycoprotein A33,Protein Coding,0.16577543,63
GPCPD1,Glycerophosphocholine Phosphodiesterase 1,Protein Coding,0.16577543,63
HERC6,HECT And RLD Domain Containing E3 Ubiquitin Protein Ligase Family Member 6,Protein Coding,0.16577543,63
HOXB5,Homeobox B5,Protein Coding,0.16577543,63
INSM1,INSM Transcriptional Repressor 1,Protein Coding,0.16577543,63
LRFN3,Leucine Rich Repeat And Fibronectin Type III Domain Containing 3,Protein Coding,0.16577543,63
LRR1,Leucine Rich Repeat Protein 1,Protein Coding,0.16577543,63
MIS18A,MIS18 Kinetochore Protein A,Protein Coding,0.16577543,63
MOGAT2,Monoacylglycerol O-Acyltransferase 2,Protein Coding,0.16577543,63
MRPL18,Mitochondrial Ribosomal Protein L18,Protein Coding,0.16577543,63
MSRB1,Methionine Sulfoxide Reductase B1,Protein Coding,0.16577543,63
MXD4,MAX Dimerization Protein 4,Protein Coding,0.16577543,63
NUDCD3,NudC Domain Containing 3,Protein Coding,0.16577543,63
NUDT18,Nudix Hydrolase 18,Protein Coding,0.16577543,63
NUFIP1,Nuclear FMR1 Interacting Protein 1,Protein Coding,0.16577543,63
PDP2,Pyruvate Dehydrogenase Phosphatase Catalytic Subunit 2,Protein Coding,0.16577543,63
PEX11A,Peroxisomal Biogenesis Factor 11 Alpha,Protein Coding,0.16577543,63
PLEKHB2,Pleckstrin Homology Domain Containing B2,Protein Coding,0.16577543,63
PRPS1L1,Phosphoribosyl Pyrophosphate Synthetase 1 Like 1,Protein Coding,0.16577543,63
PRXL2B,Peroxiredoxin Like 2B,Protein Coding,0.16577543,63
RNF103,Ring Finger Protein 103,Protein Coding,0.16577543,63
RNF157,Ring Finger Protein 157,Protein Coding,0.16577543,63
SERINC1,Serine Incorporator 1,Protein Coding,0.16577543,63
SH3RF3,SH3 Domain Containing Ring Finger 3,Protein Coding,0.16577543,63
SLC35B1,Solute Carrier Family 35 Member B1,Protein Coding,0.16577543,63
SNX7,Sorting Nexin 7,Protein Coding,0.16577543,63
SYT13,Synaptotagmin 13,Protein Coding,0.16577543,63
TNFSF18,TNF Superfamily Member 18,Protein Coding,0.16577543,63
TRAFD1,TRAF-Type Zinc Finger Domain Containing 1,Protein Coding,0.16577543,63
TYW5,TRNA-YW Synthesizing Protein 5,Protein Coding,0.16577543,63
WDR75,WD Repeat Domain 75,Protein Coding,0.16577543,63
ZBTB8A,Zinc Finger And BTB Domain Containing 8A,Protein Coding,0.16577543,63
ZFP42,ZFP42 Zinc Finger Protein,Protein Coding,0.16577543,63
ZNF41,Zinc Finger Protein 41,Protein Coding,0.16577543,63
ALG10B,"ALG10 Alpha-1,2-Glucosyltransferase B",Protein Coding,0.16577543,62
ARMC2,Armadillo Repeat Containing 2,Protein Coding,0.16577543,62
AS3MT,Arsenite Methyltransferase,Protein Coding,0.16577543,62
ASB13,Ankyrin Repeat And SOCS Box Containing 13,Protein Coding,0.16577543,62
ATRAID,All-Trans Retinoic Acid Induced Differentiation Factor,Protein Coding,0.16577543,62
ATRNL1,Attractin Like 1,Protein Coding,0.16577543,62
BEX3,Brain Expressed X-Linked 3,Protein Coding,0.16577543,62
BRINP3,BMP/Retinoic Acid Inducible Neural Specific 3,Protein Coding,0.16577543,62
CD52,CD52 Molecule,Protein Coding,0.16577543,62
CMTR2,Cap Methyltransferase 2,Protein Coding,0.16577543,62
CNIH1,Cornichon Family Member 1,Protein Coding,0.16577543,62
COX16,Cytochrome C Oxidase Assembly Factor COX16,Protein Coding,0.16577543,62
CPN2,Carboxypeptidase N Subunit 2,Protein Coding,0.16577543,62
DEGS2,"Delta 4-Desaturase, Sphingolipid 2",Protein Coding,0.16577543,62
FADS3,Fatty Acid Desaturase 3,Protein Coding,0.16577543,62
GDE1,Glycerophosphodiester Phosphodiesterase 1,Protein Coding,0.16577543,62
GPR137B,G Protein-Coupled Receptor 137B,Protein Coding,0.16577543,62
HEPACAM2,HEPACAM Family Member 2,Protein Coding,0.16577543,62
HEPHL1,Hephaestin Like 1,Protein Coding,0.16577543,62
HTRA4,HtrA Serine Peptidase 4,Protein Coding,0.16577543,62
IGHG4,Immunoglobulin Heavy Constant Gamma 4 (G4m Marker),Protein Coding,0.16577543,62
IL1RAPL2,Interleukin 1 Receptor Accessory Protein Like 2,Protein Coding,0.16577543,62
IMPACT,Impact RWD Domain Protein,Protein Coding,0.16577543,62
LY86,Lymphocyte Antigen 86,Protein Coding,0.16577543,62
MFSD1,Major Facilitator Superfamily Domain Containing 1,Protein Coding,0.16577543,62
MIF4GD,MIF4G Domain Containing,Protein Coding,0.16577543,62
MINDY1,MINDY Lysine 48 Deubiquitinase 1,Protein Coding,0.16577543,62
MIR520C,MicroRNA 520c,RNA Gene,0.16577543,62
MMRN2,Multimerin 2,Protein Coding,0.16577543,62
NIT2,Nitrilase Family Member 2,Protein Coding,0.16577543,62
NOCT,Nocturnin,Protein Coding,0.16577543,62
OMD,Osteomodulin,Protein Coding,0.16577543,62
OTULINL,OTU Deubiquitinase With Linear Linkage Specificity Like,Protein Coding,0.16577543,62
PNRC2,Proline Rich Nuclear Receptor Coactivator 2,Protein Coding,0.16577543,62
PRSS22,Serine Protease 22,Protein Coding,0.16577543,62
RBM48,RNA Binding Motif Protein 48,Protein Coding,0.16577543,62
RCBTB2,RCC1 And BTB Domain Containing Protein 2,Protein Coding,0.16577543,62
RHOV,Ras Homolog Family Member V,Protein Coding,0.16577543,62
SCG3,Secretogranin III,Protein Coding,0.16577543,62
SLC44A3,Solute Carrier Family 44 Member 3,Protein Coding,0.16577543,62
ST7,Suppression Of Tumorigenicity 7,Protein Coding,0.16577543,62
TMEM109,Transmembrane Protein 109,Protein Coding,0.16577543,62
TMEM120A,Transmembrane Protein 120A,Protein Coding,0.16577543,62
TMTC2,Transmembrane O-Mannosyltransferase Targeting Cadherins 2,Protein Coding,0.16577543,62
TSHZ2,Teashirt Zinc Finger Homeobox 2,Protein Coding,0.16577543,62
UBE2U,Ubiquitin Conjugating Enzyme E2 U,Protein Coding,0.16577543,62
YPEL5,Yippee Like 5,Protein Coding,0.16577543,62
ZBTB10,Zinc Finger And BTB Domain Containing 10,Protein Coding,0.16577543,62
ZFAND5,Zinc Finger AN1-Type Containing 5,Protein Coding,0.16577543,62
ZFC3H1,Zinc Finger C3H1-Type Containing,Protein Coding,0.16577543,62
ZNF79,Zinc Finger Protein 79,Protein Coding,0.16577543,62
ABHD17C,"Abhydrolase Domain Containing 17C, Depalmitoylase",Protein Coding,0.16577543,61
ADAT2,Adenosine Deaminase TRNA Specific 2,Protein Coding,0.16577543,61
AQP11,Aquaporin 11,Protein Coding,0.16577543,61
ARL5A,ARF Like GTPase 5A,Protein Coding,0.16577543,61
ASB6,Ankyrin Repeat And SOCS Box Containing 6,Protein Coding,0.16577543,61
BSPRY,B-Box And SPRY Domain Containing,Protein Coding,0.16577543,61
CCDC186,Coiled-Coil Domain Containing 186,Protein Coding,0.16577543,61
CGREF1,Cell Growth Regulator With EF-Hand Domain 1,Protein Coding,0.16577543,61
CHCHD4,Coiled-Coil-Helix-Coiled-Coil-Helix Domain Containing 4,Protein Coding,0.16577543,61
CRB3,Crumbs Cell Polarity Complex Component 3,Protein Coding,0.16577543,61
DCAF10,DDB1 And CUL4 Associated Factor 10,Protein Coding,0.16577543,61
EI24,EI24 Autophagy Associated Transmembrane Protein,Protein Coding,0.16577543,61
EPB41L4A,Erythrocyte Membrane Protein Band 4.1 Like 4A,Protein Coding,0.16577543,61
EXO5,Exonuclease 5,Protein Coding,0.16577543,61
FUOM,Fucose Mutarotase,Protein Coding,0.16577543,61
GPR135,G Protein-Coupled Receptor 135,Protein Coding,0.16577543,61
GPR3,G Protein-Coupled Receptor 3,Protein Coding,0.16577543,61
HS3ST3B1,Heparan Sulfate-Glucosamine 3-Sulfotransferase 3B1,Protein Coding,0.16577543,61
IKZF5,IKAROS Family Zinc Finger 5,Protein Coding,0.16577543,61
KXD1,KxDL Motif Containing 1,Protein Coding,0.16577543,61
MCTP1,Multiple C2 And Transmembrane Domain Containing 1,Protein Coding,0.16577543,61
MFSD6,Major Facilitator Superfamily Domain Containing 6,Protein Coding,0.16577543,61
MOB4,"MOB Family Member 4, Phocein",Protein Coding,0.16577543,61
MPEG1,Macrophage Expressed 1,Protein Coding,0.16577543,61
NARF,Nuclear Prelamin A Recognition Factor,Protein Coding,0.16577543,61
NBEAL1,Neurobeachin Like 1,Protein Coding,0.16577543,61
PAFAH2,Platelet Activating Factor Acetylhydrolase 2,Protein Coding,0.16577543,61
PPIC,Peptidylprolyl Isomerase C,Protein Coding,0.16577543,61
QTRT2,Queuine TRNA-Ribosyltransferase Accessory Subunit 2,Protein Coding,0.16577543,61
RASGEF1B,RasGEF Domain Family Member 1B,Protein Coding,0.16577543,61
RMP64,Ribonuclease MRP Subunit P64,Protein Coding,0.16577543,61
RTN4RL1,Reticulon 4 Receptor Like 1,Protein Coding,0.16577543,61
SELENOF,Selenoprotein F,Protein Coding,0.16577543,61
SH3YL1,SH3 And SYLF Domain Containing 1,Protein Coding,0.16577543,61
SLC18B1,Solute Carrier Family 18 Member B1,Protein Coding,0.16577543,61
SLC49A4,Solute Carrier Family 49 Member 4,Protein Coding,0.16577543,61
SNX24,Sorting Nexin 24,Protein Coding,0.16577543,61
SPOCK2,"SPARC (Osteonectin), Cwcv And Kazal Like Domains Proteoglycan 2",Protein Coding,0.16577543,61
TAS2R46,Taste 2 Receptor Member 46,Protein Coding,0.16577543,61
TEF,"TEF Transcription Factor, PAR BZIP Family Member",Protein Coding,0.16577543,61
TMC4,Transmembrane Channel Like 4,Protein Coding,0.16577543,61
TMEM219,Transmembrane Protein 219,Protein Coding,0.16577543,61
TMEM68,Transmembrane Protein 68,Protein Coding,0.16577543,61
TPGS2,Tubulin Polyglutamylase Complex Subunit 2,Protein Coding,0.16577543,61
TUSC2,"Tumor Suppressor 2, Mitochondrial Calcium Regulator",Protein Coding,0.16577543,61
YIPF6,Yip1 Domain Family Member 6,Protein Coding,0.16577543,61
ZNF33B,Zinc Finger Protein 33B,Protein Coding,0.16577543,61
ZNF677,Zinc Finger Protein 677,Protein Coding,0.16577543,61
ACOD1,Aconitate Decarboxylase 1,Protein Coding,0.16577543,60
ADCK5,AarF Domain Containing Kinase 5,Protein Coding,0.16577543,60
ARB2A,ARB2 Cotranscriptional Regulator A,Protein Coding,0.16577543,60
ARRDC4,Arrestin Domain Containing 4,Protein Coding,0.16577543,60
ARSJ,Arylsulfatase Family Member J,Protein Coding,0.16577543,60
ASB8,Ankyrin Repeat And SOCS Box Containing 8,Protein Coding,0.16577543,60
CASTOR1,Cytosolic Arginine Sensor For MTORC1 Subunit 1,Protein Coding,0.16577543,60
CNTNAP3,Contactin Associated Protein Family Member 3,Protein Coding,0.16577543,60
CORO2A,Coronin 2A,Protein Coding,0.16577543,60
DGLUCY,D-Glutamate Cyclase,Protein Coding,0.16577543,60
ECHDC3,Enoyl-CoA Hydratase Domain Containing 3,Protein Coding,0.16577543,60
EFHD1,EF-Hand Domain Family Member D1,Protein Coding,0.16577543,60
EFR3B,EFR3 Homolog B,Protein Coding,0.16577543,60
ELL3,Elongation Factor For RNA Polymerase II 3,Protein Coding,0.16577543,60
FASTKD1,FAST Kinase Domains 1,Protein Coding,0.16577543,60
FNDC1,Fibronectin Type III Domain Containing 1,Protein Coding,0.16577543,60
GABPB2,GA Binding Protein Transcription Factor Subunit Beta 2,Protein Coding,0.16577543,60
GALNTL6,Polypeptide N-Acetylgalactosaminyltransferase Like 6,Protein Coding,0.16577543,60
HMGN5,High Mobility Group Nucleosome Binding Domain 5,Protein Coding,0.16577543,60
HYKK,Hydroxylysine Kinase,Protein Coding,0.16577543,60
IFNL2,Interferon Lambda 2,Protein Coding,0.16577543,60
IGSF11,Immunoglobulin Superfamily Member 11,Protein Coding,0.16577543,60
IGSF5,Immunoglobulin Superfamily Member 5,Protein Coding,0.16577543,60
ITFG1,Integrin Alpha FG-GAP Repeat Containing 1,Protein Coding,0.16577543,60
LOC110806306,Telomerase RNA Component (TERC) Promoter,Functional Element,0.16577543,60
MIEN1,Migration And Invasion Enhancer 1,Protein Coding,0.16577543,60
MORC4,MORC Family CW-Type Zinc Finger 4,Protein Coding,0.16577543,60
NICN1,"Nicolin 1, Tubulin Polyglutamylase Complex Subunit",Protein Coding,0.16577543,60
PACC1,Proton Activated Chloride Channel 1,Protein Coding,0.16577543,60
PCBD2,Pterin-4 Alpha-Carbinolamine Dehydratase 2,Protein Coding,0.16577543,60
PCYOX1,Prenylcysteine Oxidase 1,Protein Coding,0.16577543,60
POGLUT2,Protein O-Glucosyltransferase 2,Protein Coding,0.16577543,60
PRR5L,Proline Rich 5 Like,Protein Coding,0.16577543,60
PRR7,"Proline Rich 7, Synaptic",Protein Coding,0.16577543,60
PRRG4,Proline Rich And Gla Domain 4,Protein Coding,0.16577543,60
PWWP2B,PWWP Domain Containing 2B,Protein Coding,0.16577543,60
PXMP2,Peroxisomal Membrane Protein 2,Protein Coding,0.16577543,60
RCOR2,REST Corepressor 2,Protein Coding,0.16577543,60
SFXN5,Sideroflexin 5,Protein Coding,0.16577543,60
SLAMF8,SLAM Family Member 8,Protein Coding,0.16577543,60
SUSD1,Sushi Domain Containing 1,Protein Coding,0.16577543,60
TH2-LCR,Th2 Cytokine Locus Control Region,Functional Element,0.16577543,60
TSR3,TSR3 Ribosome Maturation Factor,Protein Coding,0.16577543,60
TTC23,Tetratricopeptide Repeat Domain 23,Protein Coding,0.16577543,60
UGT3A2,UDP Glycosyltransferase Family 3 Member A2,Protein Coding,0.16577543,60
ZBTB22,Zinc Finger And BTB Domain Containing 22,Protein Coding,0.16577543,60
ZBTB7C,Zinc Finger And BTB Domain Containing 7C,Protein Coding,0.16577543,60
ADAMDEC1,ADAM Like Decysin 1,Protein Coding,0.16577543,59
ADTRP,Androgen Dependent TFPI Regulating Protein,Protein Coding,0.16577543,59
AMDHD1,Amidohydrolase Domain Containing 1,Protein Coding,0.16577543,59
AOC2,Amine Oxidase Copper Containing 2,Protein Coding,0.16577543,59
ASIC5,Acid Sensing Ion Channel Subunit Family Member 5,Protein Coding,0.16577543,59
BEND3,BEN Domain Containing 3,Protein Coding,0.16577543,59
BZW1,Basic Leucine Zipper And W2 Domains 1,Protein Coding,0.16577543,59
C1QL1,Complement C1q Like 1,Protein Coding,0.16577543,59
CASTOR3P,"CASTOR Family Member 3, Pseudogene",Pseudogene,0.16577543,59
CD99L2,CD99 Molecule Like 2,Protein Coding,0.16577543,59
CILP2,Cartilage Intermediate Layer Protein 2,Protein Coding,0.16577543,59
CNMD,Chondromodulin,Protein Coding,0.16577543,59
CYLD-AS1,CYLD Antisense RNA 1,RNA Gene,0.16577543,59
DDT,D-Dopachrome Tautomerase,Protein Coding,0.16577543,59
ECHDC2,Enoyl-CoA Hydratase Domain Containing 2,Protein Coding,0.16577543,59
FAM110A,Family With Sequence Similarity 110 Member A,Protein Coding,0.16577543,59
FAM13B,Family With Sequence Similarity 13 Member B,Protein Coding,0.16577543,59
FHDC1,FH2 Domain Containing 1,Protein Coding,0.16577543,59
GTF2IRD2,GTF2I Repeat Domain Containing 2,Protein Coding,0.16577543,59
GTF3C6,General Transcription Factor IIIC Subunit 6,Protein Coding,0.16577543,59
HEBP1,Heme Binding Protein 1,Protein Coding,0.16577543,59
HYPK,Huntingtin Interacting Protein K,Protein Coding,0.16577543,59
IFRD2,Interferon Related Developmental Regulator 2,Protein Coding,0.16577543,59
LCORL,Ligand Dependent Nuclear Receptor Corepressor Like,Protein Coding,0.16577543,59
LDAH,Lipid Droplet Associated Hydrolase,Protein Coding,0.16577543,59
LOC108281177,SOX2 5' Regulatory Region,Functional Element,0.16577543,59
LRIT1,"Leucine Rich Repeat, Ig-Like And Transmembrane Domains 1",Protein Coding,0.16577543,59
LYPD6,LY6/PLAUR Domain Containing 6,Protein Coding,0.16577543,59
MAP7D3,MAP7 Domain Containing 3,Protein Coding,0.16577543,59
METTL9,"Methyltransferase 9, His-X-His N1(Pi)-Histidine",Protein Coding,0.16577543,59
MIR1908,MicroRNA 1908,RNA Gene,0.16577543,59
MREG,Melanoregulin,Protein Coding,0.16577543,59
NIPAL1,NIPA Like Domain Containing 1,Protein Coding,0.16577543,59
ORMDL2,ORMDL Sphingolipid Biosynthesis Regulator 2,Protein Coding,0.16577543,59
PDILT,"Protein Disulfide Isomerase Like, Testis Expressed",Protein Coding,0.16577543,59
RINL,Ras And Rab Interactor Like,Protein Coding,0.16577543,59
RMDN2,Regulator Of Microtubule Dynamics 2,Protein Coding,0.16577543,59
RNF150,Ring Finger Protein 150,Protein Coding,0.16577543,59
RNU1-1,"RNA, U1 Small Nuclear 1",RNA Gene,0.16577543,59
RSRP1,Arginine And Serine Rich Protein 1,Protein Coding,0.16577543,59
SBK1,SH3 Domain Binding Kinase 1,Protein Coding,0.16577543,59
SEPHS2,Selenophosphate Synthetase 2,Protein Coding,0.16577543,59
SEPTIN14,Septin 14,Protein Coding,0.16577543,59
SHLD1,Shieldin Complex Subunit 1,Protein Coding,0.16577543,59
SLC22A23,Solute Carrier Family 22 Member 23,Protein Coding,0.16577543,59
STARD5,StAR Related Lipid Transfer Domain Containing 5,Protein Coding,0.16577543,59
THNSL2,Threonine Synthase Like 2,Protein Coding,0.16577543,59
TIMM10B,Translocase Of Inner Mitochondrial Membrane 10B,Protein Coding,0.16577543,59
TMEM176B,Transmembrane Protein 176B,Protein Coding,0.16577543,59
TMEM18,Transmembrane Protein 18,Protein Coding,0.16577543,59
USF3,Upstream Transcription Factor Family Member 3,Protein Coding,0.16577543,59
VIT,Vitrin,Protein Coding,0.16577543,59
ZNF382,Zinc Finger Protein 382,Protein Coding,0.16577543,59
AAMDC,Adipogenesis Associated Mth938 Domain Containing,Protein Coding,0.16577543,58
ANKRD50,Ankyrin Repeat Domain 50,Protein Coding,0.16577543,58
BLOC1S4,Biogenesis Of Lysosomal Organelles Complex 1 Subunit 4,Protein Coding,0.16577543,58
CCDC120,Coiled-Coil Domain Containing 120,Protein Coding,0.16577543,58
CCDC13,Coiled-Coil Domain Containing 13,Protein Coding,0.16577543,58
CCDC28B,Coiled-Coil Domain Containing 28B,Protein Coding,0.16577543,58
CDC42EP5,CDC42 Effector Protein 5,Protein Coding,0.16577543,58
CLEC2A,C-Type Lectin Domain Family 2 Member A,Protein Coding,0.16577543,58
CNEP1R1,CTD Nuclear Envelope Phosphatase 1 Regulatory Subunit 1,Protein Coding,0.16577543,58
COMMD6,COMM Domain Containing 6,Protein Coding,0.16577543,58
CPLX3,Complexin 3,Protein Coding,0.16577543,58
DCUN1D5,Defective In Cullin Neddylation 1 Domain Containing 5,Protein Coding,0.16577543,58
DDX53,DEAD-Box Helicase 53,Protein Coding,0.16577543,58
DGCR6,DiGeorge Syndrome Critical Region Gene 6,Protein Coding,0.16577543,58
DGUOK-AS1,DGUOK Antisense RNA 1,RNA Gene,0.16577543,58
EMC9,ER Membrane Protein Complex Subunit 9,Protein Coding,0.16577543,58
ETFBKMT,Electron Transfer Flavoprotein Subunit Beta Lysine Methyltransferase,Protein Coding,0.16577543,58
FCRL1,Fc Receptor Like 1,Protein Coding,0.16577543,58
FOXC2-AS1,FOXC2 Antisense RNA 1,RNA Gene,0.16577543,58
GOLT1B,Golgi Transport 1B,Protein Coding,0.16577543,58
GPR137,G Protein-Coupled Receptor 137,Protein Coding,0.16577543,58
GPR153,G Protein-Coupled Receptor 153,Protein Coding,0.16577543,58
GPX6,Glutathione Peroxidase 6,Protein Coding,0.16577543,58
GSAP,Gamma-Secretase Activating Protein,Protein Coding,0.16577543,58
HACD4,3-Hydroxyacyl-CoA Dehydratase 4,Protein Coding,0.16577543,58
HCST,Hematopoietic Cell Signal Transducer,Protein Coding,0.16577543,58
IFT70B,Intraflagellar Transport 70B,Protein Coding,0.16577543,58
IGSF6,Immunoglobulin Superfamily Member 6,Protein Coding,0.16577543,58
JPH4,Junctophilin 4,Protein Coding,0.16577543,58
LINC00862,Long Intergenic Non-Protein Coding RNA 862,RNA Gene,0.16577543,58
LONRF1,LON Peptidase N-Terminal Domain And Ring Finger 1,Protein Coding,0.16577543,58
MAP7D2,MAP7 Domain Containing 2,Protein Coding,0.16577543,58
METRNL,"Meteorin Like, Glial Cell Differentiation Regulator",Protein Coding,0.16577543,58
MIR3661,MicroRNA 3661,RNA Gene,0.16577543,58
NAA16,"N-Alpha-Acetyltransferase 16, NatA Auxiliary Subunit",Protein Coding,0.16577543,58
NR2C2AP,Nuclear Receptor 2C2 Associated Protein,Protein Coding,0.16577543,58
NRBP2,Nuclear Receptor Binding Protein 2,Protein Coding,0.16577543,58
NTAN1,N-Terminal Asparagine Amidase,Protein Coding,0.16577543,58
OLFM3,Olfactomedin 3,Protein Coding,0.16577543,58
OSGEPL1,O-Sialoglycoprotein Endopeptidase Like 1,Protein Coding,0.16577543,58
PHYHIP,Phytanoyl-CoA 2-Hydroxylase Interacting Protein,Protein Coding,0.16577543,58
RHBDL1,Rhomboid Like 1,Protein Coding,0.16577543,58
RNF121,Ring Finger Protein 121,Protein Coding,0.16577543,58
SELENOW,Selenoprotein W,Protein Coding,0.16577543,58
SH3BGRL,SH3 Domain Binding Glutamate Rich Protein Like,Protein Coding,0.16577543,58
SLC16A14,Solute Carrier Family 16 Member 14,Protein Coding,0.16577543,58
SLC25A40,Solute Carrier Family 25 Member 40,Protein Coding,0.16577543,58
SLC46A3,Solute Carrier Family 46 Member 3,Protein Coding,0.16577543,58
SPTSSA,Serine Palmitoyltransferase Small Subunit A,Protein Coding,0.16577543,58
SVIP,Small VCP Interacting Protein,Protein Coding,0.16577543,58
SYNGR3,Synaptogyrin 3,Protein Coding,0.16577543,58
TBCEL,Tubulin Folding Cofactor E Like,Protein Coding,0.16577543,58
TBPL2,TATA-Box Binding Protein Like 2,Protein Coding,0.16577543,58
TMEM39A,Transmembrane Protein 39A,Protein Coding,0.16577543,58
TRMT10B,TRNA Methyltransferase 10B,Protein Coding,0.16577543,58
UBN2,Ubinuclein 2,Protein Coding,0.16577543,58
UNC50,Unc-50 Inner Nuclear Membrane RNA Binding Protein,Protein Coding,0.16577543,58
ZAR1,Zygote Arrest 1,Protein Coding,0.16577543,58
ZNF354C,Zinc Finger Protein 354C,Protein Coding,0.16577543,58
ANKS4B,Ankyrin Repeat And Sterile Alpha Motif Domain Containing 4B,Protein Coding,0.16577543,57
CCDC18,Coiled-Coil Domain Containing 18,Protein Coding,0.16577543,57
CHIC2,Cysteine Rich Hydrophobic Domain 2,Protein Coding,0.16577543,57
CIART,Circadian Associated Repressor Of Transcription,Protein Coding,0.16577543,57
DDN,Dendrin,Protein Coding,0.16577543,57
EVI2A,Ecotropic Viral Integration Site 2A,Protein Coding,0.16577543,57
FHAD1,Forkhead Associated Phosphopeptide Binding Domain 1,Protein Coding,0.16577543,57
GIMAP8,"GTPase, IMAP Family Member 8",Protein Coding,0.16577543,57
H2AC19,H2A Clustered Histone 19,Protein Coding,0.16577543,57
INCA1,"Inhibitor Of CDK, Cyclin A1 Interacting Protein 1",Protein Coding,0.16577543,57
ISLR2,Immunoglobulin Superfamily Containing Leucine Rich Repeat 2,Protein Coding,0.16577543,57
KCNJ14,Potassium Inwardly Rectifying Channel Subfamily J Member 14,Protein Coding,0.16577543,57
LUZP4,Leucine Zipper Protein 4,Protein Coding,0.16577543,57
MIR320C1,MicroRNA 320c-1,RNA Gene,0.16577543,57
MTERF2,Mitochondrial Transcription Termination Factor 2,Protein Coding,0.16577543,57
MTX3,Metaxin 3,Protein Coding,0.16577543,57
OLFML2B,Olfactomedin Like 2B,Protein Coding,0.16577543,57
PCMTD1,Protein-L-Isoaspartate (D-Aspartate) O-Methyltransferase Domain Containing 1,Protein Coding,0.16577543,57
PCMTD2,Protein-L-Isoaspartate (D-Aspartate) O-Methyltransferase Domain Containing 2,Protein Coding,0.16577543,57
PFN3,Profilin 3,Protein Coding,0.16577543,57
PHYHD1,Phytanoyl-CoA Dioxygenase Domain Containing 1,Protein Coding,0.16577543,57
PLAAT2,Phospholipase A And Acyltransferase 2,Protein Coding,0.16577543,57
PLSCR2,Phospholipid Scramblase 2,Protein Coding,0.16577543,57
PPP1R14C,Protein Phosphatase 1 Regulatory Inhibitor Subunit 14C,Protein Coding,0.16577543,57
PYROXD2,Pyridine Nucleotide-Disulphide Oxidoreductase Domain 2,Protein Coding,0.16577543,57
RAB42,"RAB42, Member RAS Oncogene Family",Protein Coding,0.16577543,57
RASL11A,RAS Like Family 11 Member A,Protein Coding,0.16577543,57
RNF145,Ring Finger Protein 145,Protein Coding,0.16577543,57
RNU5A-1,"RNA, U5A Small Nuclear 1",RNA Gene,0.16577543,57
SEC14L4,SEC14 Like Lipid Binding 4,Protein Coding,0.16577543,57
SERTAD1,SERTA Domain Containing 1,Protein Coding,0.16577543,57
SNRNP25,Small Nuclear Ribonucleoprotein U11/U12 Subunit 25,Protein Coding,0.16577543,57
SNX12,Sorting Nexin 12,Protein Coding,0.16577543,57
SPRR2A,Small Proline Rich Protein 2A,Protein Coding,0.16577543,57
TBC1D12,TBC1 Domain Family Member 12,Protein Coding,0.16577543,57
TBRG1,Transforming Growth Factor Beta Regulator 1,Protein Coding,0.16577543,57
TMCC2,Transmembrane And Coiled-Coil Domain Family 2,Protein Coding,0.16577543,57
TMEM11,Transmembrane Protein 11,Protein Coding,0.16577543,57
TMEM14C,Transmembrane Protein 14C,Protein Coding,0.16577543,57
TOR3A,Torsin Family 3 Member A,Protein Coding,0.16577543,57
TRMT2B,TRNA Methyltransferase 2B,Protein Coding,0.16577543,57
VWA5A,Von Willebrand Factor A Domain Containing 5A,Protein Coding,0.16577543,57
YPEL3,Yippee Like 3,Protein Coding,0.16577543,57
ZC3H10,Zinc Finger CCCH-Type Containing 10,Protein Coding,0.16577543,57
ZNF704,Zinc Finger Protein 704,Protein Coding,0.16577543,57
ZNF772,Zinc Finger Protein 772,Protein Coding,0.16577543,57
ABTB2,Ankyrin Repeat And BTB Domain Containing 2,Protein Coding,0.16577543,56
ADPRH,ADP-Ribosylarginine Hydrolase,Protein Coding,0.16577543,56
CCDC32,Coiled-Coil Domain Containing 32,Protein Coding,0.16577543,56
COQ10A,Coenzyme Q10A,Protein Coding,0.16577543,56
DBNDD2,Dysbindin Domain Containing 2,Protein Coding,0.16577543,56
ENPP5,Ectonucleotide Pyrophosphatase/Phosphodiesterase Family Member 5,Protein Coding,0.16577543,56
ERG28,Ergosterol Biosynthesis 28 Homolog,Protein Coding,0.16577543,56
FAM3D,FAM3 Metabolism Regulating Signaling Molecule D,Protein Coding,0.16577543,56
FOXRED2,FAD Dependent Oxidoreductase Domain Containing 2,Protein Coding,0.16577543,56
FUNDC2,FUN14 Domain Containing 2,Protein Coding,0.16577543,56
GDAP2,Ganglioside Induced Differentiation Associated Protein 2,Protein Coding,0.16577543,56
GGACT,Gamma-Glutamylamine Cyclotransferase,Protein Coding,0.16577543,56
GPRIN3,GPRIN Family Member 3,Protein Coding,0.16577543,56
GRAMD2B,GRAM Domain Containing 2B,Protein Coding,0.16577543,56
HYI,Hydroxypyruvate Isomerase (Putative),Protein Coding,0.16577543,56
LEPROTL1,Leptin Receptor Overlapping Transcript Like 1,Protein Coding,0.16577543,56
LINC00910,Long Intergenic Non-Protein Coding RNA 910,RNA Gene,0.16577543,56
MIR3135B,MicroRNA 3135b,RNA Gene,0.16577543,56
MIR323B,MicroRNA 323b,RNA Gene,0.16577543,56
MIR4632,MicroRNA 4632,RNA Gene,0.16577543,56
MIR575,MicroRNA 575,RNA Gene,0.16577543,56
MIR648,MicroRNA 648,RNA Gene,0.16577543,56
MIR6505,MicroRNA 6505,RNA Gene,0.16577543,56
PALMD,Palmdelphin,Protein Coding,0.16577543,56
PARM1,Prostate Androgen-Regulated Mucin-Like Protein 1,Protein Coding,0.16577543,56
PDZRN4,PDZ Domain Containing Ring Finger 4,Protein Coding,0.16577543,56
PEX11G,Peroxisomal Biogenesis Factor 11 Gamma,Protein Coding,0.16577543,56
PLGRKT,Plasminogen Receptor With A C-Terminal Lysine,Protein Coding,0.16577543,56
POPDC3,Popeye Domain CAMP Effector 3,Protein Coding,0.16577543,56
PPM1M,"Protein Phosphatase, Mg2+/Mn2+ Dependent 1M",Protein Coding,0.16577543,56
PSMG4,Proteasome Assembly Chaperone 4,Protein Coding,0.16577543,56
RBBP9,"RB Binding Protein 9, Serine Hydrolase",Protein Coding,0.16577543,56
RIMS4,Regulating Synaptic Membrane Exocytosis 4,Protein Coding,0.16577543,56
SEL1L3,SEL1L Family Member 3,Protein Coding,0.16577543,56
SERPINB11,Serpin Family B Member 11,Protein Coding,0.16577543,56
SLC35F5,Solute Carrier Family 35 Member F5,Protein Coding,0.16577543,56
SLFN5,Schlafen Family Member 5,Protein Coding,0.16577543,56
TEX12,Testis Expressed 12,Protein Coding,0.16577543,56
TM4SF20,Transmembrane 4 L Six Family Member 20,Protein Coding,0.16577543,56
TMEM14A,Transmembrane Protein 14A,Protein Coding,0.16577543,56
TMEM184A,Transmembrane Protein 184A,Protein Coding,0.16577543,56
TMEM53,Transmembrane Protein 53,Protein Coding,0.16577543,56
TOP6BL,TOP6B Like Initiator Of Meiotic Double Strand Breaks,Protein Coding,0.16577543,56
TRIM16L,Tripartite Motif Containing 16 Like (Pseudogene),Pseudogene,0.16577543,56
ZDHHC16,ZDHHC Palmitoyltransferase 16,Protein Coding,0.16577543,56
ARL14EP,ARF Like GTPase 14 Effector Protein,Protein Coding,0.16577543,55
ARMCX2,Armadillo Repeat Containing X-Linked 2,Protein Coding,0.16577543,55
CALHM6,Calcium Homeostasis Modulator Family Member 6,Protein Coding,0.16577543,55
CATSPERZ,Catsper Channel Auxiliary Subunit Zeta,Protein Coding,0.16577543,55
CCDC30,Coiled-Coil Domain Containing 30,Protein Coding,0.16577543,55
CHASERR,CHD2 Adjacent Suppressive Regulatory RNA,RNA Gene,0.16577543,55
CIB3,Calcium And Integrin Binding Family Member 3,Protein Coding,0.16577543,55
CORO6,Coronin 6,Protein Coding,0.16577543,55
DNASE2B,Deoxyribonuclease 2 Beta,Protein Coding,0.16577543,55
DPY19L4,Dpy-19 Like 4,Protein Coding,0.16577543,55
EID1,EP300 Interacting Inhibitor Of Differentiation 1,Protein Coding,0.16577543,55
EIF4EBP3,Eukaryotic Translation Initiation Factor 4E Binding Protein 3,Protein Coding,0.16577543,55
ELSPBP1,Epididymal Sperm Binding Protein 1,Protein Coding,0.16577543,55
FAM234A,Family With Sequence Similarity 234 Member A,Protein Coding,0.16577543,55
FAM47E,Family With Sequence Similarity 47 Member E,Protein Coding,0.16577543,55
FAXDC2,Fatty Acid Hydroxylase Domain Containing 2,Protein Coding,0.16577543,55
GPR146,G Protein-Coupled Receptor 146,Protein Coding,0.16577543,55
HES2,Hes Family BHLH Transcription Factor 2,Protein Coding,0.16577543,55
INHBC,Inhibin Subunit Beta C,Protein Coding,0.16577543,55
KCNRG,Potassium Channel Regulator,Protein Coding,0.16577543,55
KIR2DS1,"Killer Cell Immunoglobulin Like Receptor, Two Ig Domains And Short Cytoplasmic Tail 1",Protein Coding,0.16577543,55
MAGEA2,MAGE Family Member A2,Protein Coding,0.16577543,55
MIR133A1HG,MIR133A1 Host Gene,RNA Gene,0.16577543,55
MIR320C2,MicroRNA 320c-2,RNA Gene,0.16577543,55
MIR4689,MicroRNA 4689,RNA Gene,0.16577543,55
MIR573,MicroRNA 573,RNA Gene,0.16577543,55
NENF,Neudesin Neurotrophic Factor,Protein Coding,0.16577543,55
PLEKHH1,"Pleckstrin Homology, MyTH4 And FERM Domain Containing H1",Protein Coding,0.16577543,55
PLPPR2,Phospholipid Phosphatase Related 2,Protein Coding,0.16577543,55
RNF186,Ring Finger Protein 186,Protein Coding,0.16577543,55
SDHAF4,Succinate Dehydrogenase Complex Assembly Factor 4,Protein Coding,0.16577543,55
SELENOO,Selenoprotein O,Protein Coding,0.16577543,55
SFR1,SWI5 Dependent Homologous Recombination Repair Protein 1,Protein Coding,0.16577543,55
SNORA75,"Small Nucleolar RNA, H/ACA Box 75",RNA Gene,0.16577543,55
SNORD22,"Small Nucleolar RNA, C/D Box 22",RNA Gene,0.16577543,55
SNORD82,"Small Nucleolar RNA, C/D Box 82",RNA Gene,0.16577543,55
SPACA6-AS1,SPACA6 Antisense RNA 1,RNA Gene,0.16577543,55
SWI5,SWI5 Homologous Recombination Repair Protein,Protein Coding,0.16577543,55
TAFA2,TAFA Chemokine Like Family Member 2,Protein Coding,0.16577543,55
TATDN2,TatD DNase Domain Containing 2,Protein Coding,0.16577543,55
TM6SF1,Transmembrane 6 Superfamily Member 1,Protein Coding,0.16577543,55
VGLL3,Vestigial Like Family Member 3,Protein Coding,0.16577543,55
ZNF774,Zinc Finger Protein 774,Protein Coding,0.16577543,55
ADAMTS9-AS1,ADAMTS9 Antisense RNA 1,RNA Gene,0.16577543,54
ALKBH7,"AlkB Homolog 7, RNA Demethylase",Protein Coding,0.16577543,54
ANTKMT,Adenine Nucleotide Translocase Lysine Methyltransferase,Protein Coding,0.16577543,54
BARHL1,BarH Like Homeobox 1,Protein Coding,0.16577543,54
CCDC26,CCDC26 Long Non-Coding RNA,RNA Gene,0.16577543,54
CHKB-DT,CHKB Divergent Transcript,RNA Gene,0.16577543,54
CNPY4,Canopy FGF Signaling Regulator 4,Protein Coding,0.16577543,54
CSDC2,Cold Shock Domain Containing C2,Protein Coding,0.16577543,54
EBPL,EBP Like,Protein Coding,0.16577543,54
EEF1AKMT1,EEF1A Lysine Methyltransferase 1,Protein Coding,0.16577543,54
ERI2,ERI1 Exoribonuclease Family Member 2,Protein Coding,0.16577543,54
FAM135A,Family With Sequence Similarity 135 Member A,Protein Coding,0.16577543,54
FAM184A,Family With Sequence Similarity 184 Member A,Protein Coding,0.16577543,54
FAM215A,Family With Sequence Similarity 215 Member A,RNA Gene,0.16577543,54
FAM8A1,Family With Sequence Similarity 8 Member A1,Protein Coding,0.16577543,54
GPR75,G Protein-Coupled Receptor 75,Protein Coding,0.16577543,54
GRTP1,Growth Hormone Regulated TBC Protein 1,Protein Coding,0.16577543,54
IFNAR2-IL10RB,IFNAR2-IL10RB Readthrough,Protein Coding,0.16577543,54
KLHL29,Kelch Like Family Member 29,Protein Coding,0.16577543,54
LOC100507053,Uncharacterized LOC100507053,RNA Gene,0.16577543,54
LOC126861110,CDK7 Strongly-Dependent Group 2 Enhancer GRCh37_chr11:762588-763787,Functional Element,0.16577543,54
LYSMD3,LysM Domain Containing 3,Protein Coding,0.16577543,54
MAMDC4,MAM Domain Containing 4,Protein Coding,0.16577543,54
MBLAC2,Metallo-Beta-Lactamase Domain Containing 2,Protein Coding,0.16577543,54
MFSD11,Major Facilitator Superfamily Domain Containing 11,Protein Coding,0.16577543,54
MIR1468,MicroRNA 1468,RNA Gene,0.16577543,54
MIR3678,MicroRNA 3678,RNA Gene,0.16577543,54
MIR4484,MicroRNA 4484,RNA Gene,0.16577543,54
MOB3A,MOB Kinase Activator 3A,Protein Coding,0.16577543,54
NXNL2,Nucleoredoxin Like 2,Protein Coding,0.16577543,54
PAQR7,Progestin And AdipoQ Receptor Family Member 7,Protein Coding,0.16577543,54
RBMY1F,RNA Binding Motif Protein Y-Linked Family 1 Member F,Protein Coding,0.16577543,54
RESF1,Retroelement Silencing Factor 1,Protein Coding,0.16577543,54
REXO1L1P,"REXO1 Like 1, Pseudogene",Pseudogene,0.16577543,54
SLAMF9,SLAM Family Member 9,Protein Coding,0.16577543,54
SLC25A30,Solute Carrier Family 25 Member 30,Protein Coding,0.16577543,54
SNORD7,"Small Nucleolar RNA, C/D Box 7",RNA Gene,0.16577543,54
SPRR1A,Small Proline Rich Protein 1A,Protein Coding,0.16577543,54
SPRR1B,Small Proline Rich Protein 1B,Protein Coding,0.16577543,54
TMEM116,Transmembrane Protein 116,Protein Coding,0.16577543,54
TMEM150A,Transmembrane Protein 150A,Protein Coding,0.16577543,54
TMEM192,Transmembrane Protein 192,Protein Coding,0.16577543,54
TMEM218,Transmembrane Protein 218,Protein Coding,0.16577543,54
TRABD,TraB Domain Containing,Protein Coding,0.16577543,54
TSC22D2,TSC22 Domain Family Member 2,Protein Coding,0.16577543,54
TSPAN3,Tetraspanin 3,Protein Coding,0.16577543,54
ZNF205-AS1,ZNF205 Antisense RNA 1,RNA Gene,0.16577543,54
BEND5,BEN Domain Containing 5,Protein Coding,0.16577543,53
CCDC117,Coiled-Coil Domain Containing 117,Protein Coding,0.16577543,53
CITED4,Cbp/P300 Interacting Transactivator With Glu/Asp Rich Carboxy-Terminal Domain 4,Protein Coding,0.16577543,53
CT62,Cancer/Testis Associated 62,RNA Gene,0.16577543,53
DEPDC7,DEP Domain Containing 7,Protein Coding,0.16577543,53
FMC1,Formation Of Mitochondrial Complex V Assembly Factor 1,Protein Coding,0.16577543,53
GIMAP6,"GTPase, IMAP Family Member 6",Protein Coding,0.16577543,53
JHY,Junctional Cadherin Complex Regulator,Protein Coding,0.16577543,53
KCNK15,Potassium Two Pore Domain Channel Subfamily K Member 15,Protein Coding,0.16577543,53
LINC00184,Long Intergenic Non-Protein Coding RNA 184,RNA Gene,0.16577543,53
LINC01191,Long Intergenic Non-Protein Coding RNA 1191,RNA Gene,0.16577543,53
LINC01355,Long Intergenic Non-Protein Coding RNA 1355,RNA Gene,0.16577543,53
LINC01485,Long Intergenic Non-Protein Coding RNA 1485,RNA Gene,0.16577543,53
LITATS1,LncRNA Induced By TGF-Beta And Antagonizes TGF-Beta Signaling 1,RNA Gene,0.16577543,53
MEGF9,Multiple EGF Like Domains 9,Protein Coding,0.16577543,53
MIR1288,MicroRNA 1288,RNA Gene,0.16577543,53
MIR3646,MicroRNA 3646,RNA Gene,0.16577543,53
MIR4731,MicroRNA 4731,RNA Gene,0.16577543,53
MIR513A2,MicroRNA 513a-2,RNA Gene,0.16577543,53
MIR564,MicroRNA 564,RNA Gene,0.16577543,53
MIR6809,MicroRNA 6809,RNA Gene,0.16577543,53
MIR921,MicroRNA 921,RNA Gene,0.16577543,53
MIR935,MicroRNA 935,RNA Gene,0.16577543,53
MISO1,Mitochondrial Inner Membrane Subdomain Organizer 1,Protein Coding,0.16577543,53
MOSPD1,Motile Sperm Domain Containing 1,Protein Coding,0.16577543,53
PELATON,Plaque Enriched LncRNA In Atherosclerotic And Inflammatory Bowel Macrophage Regulation,RNA Gene,0.16577543,53
PNRC1,Proline Rich Nuclear Receptor Coactivator 1,Protein Coding,0.16577543,53
RBMY1E,RNA Binding Motif Protein Y-Linked Family 1 Member E,Protein Coding,0.16577543,53
RETNLB,Resistin Like Beta,Protein Coding,0.16577543,53
RGPD6,RANBP2 Like And GRIP Domain Containing 6,Protein Coding,0.16577543,53
SNORA69,"Small Nucleolar RNA, H/ACA Box 69",RNA Gene,0.16577543,53
SNORD126,"Small Nucleolar RNA, C/D Box 126",RNA Gene,0.16577543,53
SPACA6,Sperm Acrosome Associated 6,Protein Coding,0.16577543,53
STOX2,Storkhead Box 2,Protein Coding,0.16577543,53
SWINGN,SWI/SNF Complex Interacting GAS6 Enhancer Non-Coding RNA,RNA Gene,0.16577543,53
TLCD1,TLC Domain Containing 1,Protein Coding,0.16577543,53
TMEM45B,Transmembrane Protein 45B,Protein Coding,0.16577543,53
UPK3B,Uroplakin 3B,Protein Coding,0.16577543,53
YDJC,YdjC Chitooligosaccharide Deacetylase Homolog,Protein Coding,0.16577543,53
ZNF630,Zinc Finger Protein 630,Protein Coding,0.16577543,53
ABHD14A,Abhydrolase Domain Containing 14A,Protein Coding,0.16577543,52
ACP7,"Acid Phosphatase 7, Tartrate Resistant (Putative)",Protein Coding,0.16577543,52
ANKRD16,Ankyrin Repeat Domain 16,Protein Coding,0.16577543,52
ARHGAP40,Rho GTPase Activating Protein 40,Protein Coding,0.16577543,52
ARRDC2,Arrestin Domain Containing 2,Protein Coding,0.16577543,52
ATOSA,Atos Homolog A,Protein Coding,0.16577543,52
BCLAF3,BCLAF1 And THRAP3 Family Member 3,Protein Coding,0.16577543,52
BIVM,"Basic, Immunoglobulin-Like Variable Motif Containing",Protein Coding,0.16577543,52
CCNT2-AS1,CCNT2 Antisense RNA 1,RNA Gene,0.16577543,52
ERICD,E2F1-Regulated Inhibitor Of Cell Death,RNA Gene,0.16577543,52
FITM1,Fat Storage Inducing Transmembrane Protein 1,Protein Coding,0.16577543,52
LINC00210,Long Intergenic Non-Protein Coding RNA 210,RNA Gene,0.16577543,52
LINC00242,Long Intergenic Non-Protein Coding RNA 242,RNA Gene,0.16577543,52
LINC00326,Long Intergenic Non-Protein Coding RNA 326,RNA Gene,0.16577543,52
LINC01962,Long Intergenic Non-Protein Coding RNA 1962,RNA Gene,0.16577543,52
LINC02535,Long Intergenic Non-Protein Coding RNA 2535,RNA Gene,0.16577543,52
MAMDC2,MAM Domain Containing 2,Protein Coding,0.16577543,52
MIR297,MicroRNA 297,RNA Gene,0.16577543,52
MIR378I,MicroRNA 378i,RNA Gene,0.16577543,52
MIR4638,MicroRNA 4638,RNA Gene,0.16577543,52
MIR4691,MicroRNA 4691,RNA Gene,0.16577543,52
MIR4753,MicroRNA 4753,RNA Gene,0.16577543,52
MIR4787,MicroRNA 4787,RNA Gene,0.16577543,52
MRGPRX3,MAS Related GPR Family Member X3,Protein Coding,0.16577543,52
NCRUPAR,"Non-Protein Coding RNA, Upstream Of F2R/PAR1",RNA Gene,0.16577543,52
PI15,Peptidase Inhibitor 15,Protein Coding,0.16577543,52
PLCXD2,Phosphatidylinositol Specific Phospholipase C X Domain Containing 2,Protein Coding,0.16577543,52
PPP1R1C,Protein Phosphatase 1 Regulatory Inhibitor Subunit 1C,Protein Coding,0.16577543,52
PPP1R3G,Protein Phosphatase 1 Regulatory Subunit 3G,Protein Coding,0.16577543,52
RBMY1J,RNA Binding Motif Protein Y-Linked Family 1 Member J,Protein Coding,0.16577543,52
RNFT2,"Ring Finger Protein, Transmembrane 2",Protein Coding,0.16577543,52
SNORA24,"Small Nucleolar RNA, H/ACA Box 24",RNA Gene,0.16577543,52
SPATA17,Spermatogenesis Associated 17,Protein Coding,0.16577543,52
TMEM204,Transmembrane Protein 204,Protein Coding,0.16577543,52
TOB1-AS1,TOB1 Antisense RNA 1,RNA Gene,0.16577543,52
TSTD3,Thiosulfate Sulfurtransferase Like Domain Containing 3,Pseudogene,0.16577543,52
WDR54,WD Repeat Domain 54,Protein Coding,0.16577543,52
ZCCHC10,Zinc Finger CCHC-Type Containing 10,Protein Coding,0.16577543,52
ABHD15,Abhydrolase Domain Containing 15,Protein Coding,0.16577543,51
ADPRM,"ADP-Ribose/CDP-Alcohol Diphosphatase, Manganese Dependent",Protein Coding,0.16577543,51
ANKRD46,Ankyrin Repeat Domain 46,Protein Coding,0.16577543,51
CPSF4L,Cleavage And Polyadenylation Specific Factor 4 Like,Protein Coding,0.16577543,51
DNAJC5B,DnaJ Heat Shock Protein Family (Hsp40) Member C5 Beta,Protein Coding,0.16577543,51
DRAIC,"Downregulated RNA In Cancer, Inhibitor Of Cell Invasion And Migration",RNA Gene,0.16577543,51
FAM81A,Family With Sequence Similarity 81 Member A,Protein Coding,0.16577543,51
FHIP2A,FHF Complex Subunit HOOK Interacting Protein 2A,Protein Coding,0.16577543,51
FTCDNL1,Formiminotransferase Cyclodeaminase N-Terminal Like,Protein Coding,0.16577543,51
HNRNPA1L2,Heterogeneous Nuclear Ribonucleoprotein A1 Like 2,Protein Coding,0.16577543,51
INSL4,Insulin Like 4,Protein Coding,0.16577543,51
KDM7A-DT,KDM7A Divergent Transcript,RNA Gene,0.16577543,51
KIAA0825,KIAA0825,Protein Coding,0.16577543,51
LHFPL6,LHFPL Tetraspan Subfamily Member 6,Protein Coding,0.16577543,51
LINC00402,Long Intergenic Non-Protein Coding RNA 402,RNA Gene,0.16577543,51
LINC02561,Long Intergenic Non-Protein Coding RNA 2561,RNA Gene,0.16577543,51
LNCAROD,LncRNA Activating Regulator Of DKK1,RNA Gene,0.16577543,51
MIR151B,MicroRNA 151b,RNA Gene,0.16577543,51
MIR3714,MicroRNA 3714,RNA Gene,0.16577543,51
MIR4257,MicroRNA 4257,RNA Gene,0.16577543,51
MIR4435-2,MicroRNA 4435-2,RNA Gene,0.16577543,51
MIR4467,MicroRNA 4467,RNA Gene,0.16577543,51
MIR4481,MicroRNA 4481,RNA Gene,0.16577543,51
MIR4487,MicroRNA 4487,RNA Gene,0.16577543,51
MIR4749,MicroRNA 4749,RNA Gene,0.16577543,51
NIPSNAP3A,Nipsnap Homolog 3A,Protein Coding,0.16577543,51
OTOP2,Otopetrin 2,Protein Coding,0.16577543,51
PRSS50,Serine Protease 50,Protein Coding,0.16577543,51
RBMY1D,RNA Binding Motif Protein Y-Linked Family 1 Member D,Protein Coding,0.16577543,51
RPRM,"Reprimo, TP53 Dependent G2 Arrest Mediator Homolog",Protein Coding,0.16577543,51
SDR42E1,"Short Chain Dehydrogenase/Reductase Family 42E, Member 1",Protein Coding,0.16577543,51
SLC25A45,Solute Carrier Family 25 Member 45,Protein Coding,0.16577543,51
SLC35G2,Solute Carrier Family 35 Member G2,Protein Coding,0.16577543,51
TMEM123,Transmembrane Protein 123,Protein Coding,0.16577543,51
TMEM184C,Transmembrane Protein 184C,Protein Coding,0.16577543,51
TMEM80,Transmembrane Protein 80,Protein Coding,0.16577543,51
UOX,Urate Oxidase (Pseudogene),Pseudogene,0.16577543,51
WBP1,WW Domain Binding Protein 1,Protein Coding,0.16577543,51
YY2,YY2 Transcription Factor,Protein Coding,0.16577543,51
ZBED10P,"Zinc Finger BED-Type Containing 10, Pseudogene",Pseudogene,0.16577543,51
ZFP41,ZFP41 Zinc Finger Protein,Protein Coding,0.16577543,51
ZNF831,Zinc Finger Protein 831,Protein Coding,0.16577543,51
ZXDB,Zinc Finger X-Linked Duplicated B,Protein Coding,0.16577543,51
CCDC3,Coiled-Coil Domain Containing 3,Protein Coding,0.16577543,50
CPED1,Cadherin Like And PC-Esterase Domain Containing 1,Protein Coding,0.16577543,50
FAM157C,Family With Sequence Similarity 157 Member C,RNA Gene,0.16577543,50
HNRNPCL1,Heterogeneous Nuclear Ribonucleoprotein C Like 1,Protein Coding,0.16577543,50
KIR2DP1,"Killer Cell Immunoglobulin Like Receptor, Two Ig Domains Pseudogene 1",Pseudogene,0.16577543,50
LINC00682,Long Intergenic Non-Protein Coding RNA 682,RNA Gene,0.16577543,50
LINC01010,Long Intergenic Non-Protein Coding RNA 1010,RNA Gene,0.16577543,50
LINC01237,Long Intergenic Non-Protein Coding RNA 1237,RNA Gene,0.16577543,50
LRATD2,LRAT Domain Containing 2,Protein Coding,0.16577543,50
LRRC28,Leucine Rich Repeat Containing 28,Protein Coding,0.16577543,50
MATCAP1,Microtubule Associated Tyrosine Carboxypeptidase 1,Protein Coding,0.16577543,50
MIR3659,MicroRNA 3659,RNA Gene,0.16577543,50
MIR378E,MicroRNA 378e,RNA Gene,0.16577543,50
MIR4310,MicroRNA 4310,RNA Gene,0.16577543,50
MIR4324,MicroRNA 4324,RNA Gene,0.16577543,50
MIR4717,MicroRNA 4717,RNA Gene,0.16577543,50
NYAP2,Neuronal Tyrosine-Phosphorylated Phosphoinositide-3-Kinase Adaptor 2,Protein Coding,0.16577543,50
OLFML2A,Olfactomedin Like 2A,Protein Coding,0.16577543,50
PRELID3B,PRELI Domain Containing 3B,Protein Coding,0.16577543,50
RBM18,RNA Binding Motif Protein 18,Protein Coding,0.16577543,50
SLC33A2,Solute Carrier Family 33 Member 2,Protein Coding,0.16577543,50
SMIM14,Small Integral Membrane Protein 14,Protein Coding,0.16577543,50
TENT5B,Terminal Nucleotidyltransferase 5B,Protein Coding,0.16577543,50
TMEM86A,Transmembrane Protein 86A,Protein Coding,0.16577543,50
WFDC3,WAP Four-Disulfide Core Domain 3,Protein Coding,0.16577543,50
AMN1,Antagonist Of Mitotic Exit Network 1 Homolog,Protein Coding,0.16577543,49
ANKRD7,Ankyrin Repeat Domain 7,Protein Coding,0.16577543,49
ATOSB,Atos Homolog B,Protein Coding,0.16577543,49
C22orf39,Chromosome 22 Open Reading Frame 39,Protein Coding,0.16577543,49
C6orf15,Chromosome 6 Open Reading Frame 15,Protein Coding,0.16577543,49
CCDC180,Coiled-Coil Domain Containing 180,Protein Coding,0.16577543,49
CIB4,Calcium And Integrin Binding Family Member 4,Protein Coding,0.16577543,49
DEPP1,DEPP Autophagy Regulator 1,Protein Coding,0.16577543,49
EMBP1,Embigin Pseudogene 1,Pseudogene,0.16577543,49
ETFRF1,Electron Transfer Flavoprotein Regulatory Factor 1,Protein Coding,0.16577543,49
FADS6,Fatty Acid Desaturase 6,Protein Coding,0.16577543,49
GPRIN2,G Protein Regulated Inducer Of Neurite Outgrowth 2,Protein Coding,0.16577543,49
HDHD3,Haloacid Dehalogenase Like Hydrolase Domain Containing 3,Protein Coding,0.16577543,49
HGH1,HGH1 Cochaperone,Protein Coding,0.16577543,49
HINT3,Histidine Triad Nucleotide Binding Protein 3,Protein Coding,0.16577543,49
KANSL1L,KAT8 Regulatory NSL Complex Subunit 1 Like,Protein Coding,0.16577543,49
LINC01583,Long Intergenic Non-Protein Coding RNA 1583,RNA Gene,0.16577543,49
LINC02481,Long Intergenic Non-Protein Coding RNA 2481,RNA Gene,0.16577543,49
LOC109286563,TBX21 Promoter Region,Functional Element,0.16577543,49
LRRC3,Leucine Rich Repeat Containing 3,Protein Coding,0.16577543,49
MAGEA12,MAGE Family Member A12,Protein Coding,0.16577543,49
MIR378D1,MicroRNA 378d-1,RNA Gene,0.16577543,49
MIR378D2,MicroRNA 378d-2,RNA Gene,0.16577543,49
MIR5694,MicroRNA 5694,RNA Gene,0.16577543,49
MIR6881,MicroRNA 6881,RNA Gene,0.16577543,49
MORN2,MORN Repeat Containing 2,Protein Coding,0.16577543,49
MSTO2P,"Misato Family Member 2, Pseudogene",Pseudogene,0.16577543,49
PIERCE2,Piercer Of Microtubule Wall 2,Protein Coding,0.16577543,49
SCART1,Scavenger Receptor Family Member Expressed On T Cells 1,Protein Coding,0.16577543,49
SIRAL2,SIR2 Antiphage Like 2,Protein Coding,0.16577543,49
SMAGP,Small Cell Adhesion Glycoprotein,Protein Coding,0.16577543,49
TLCD2,TLC Domain Containing 2,Protein Coding,0.16577543,49
TMEM164,Transmembrane Protein 164,Protein Coding,0.16577543,49
TRIM75,Tripartite Motif Containing 75,Protein Coding,0.16577543,49
UQCC5,Ubiquinol-Cytochrome C Reductase Complex Assembly Factor 5,Protein Coding,0.16577543,49
VTRNA1-2,Vault RNA 1-2,RNA Gene,0.16577543,49
YPEL2,Yippee Like 2,Protein Coding,0.16577543,49
ZCCHC24,Zinc Finger CCHC-Type Containing 24,Protein Coding,0.16577543,49
ZMAT1,Zinc Finger Matrin-Type 1,Protein Coding,0.16577543,49
ZMYM1,Zinc Finger MYM-Type Containing 1,Protein Coding,0.16577543,49
ZNF275,Zinc Finger Protein 275,Protein Coding,0.16577543,49
BRI3BP,BRI3 Binding Protein,Protein Coding,0.16577543,48
CIMAP1B,Ciliary Microtubule Associated Protein 1B,Protein Coding,0.16577543,48
CTAG1A,Cancer/Testis Antigen 1A,Protein Coding,0.16577543,48
DBNDD1,Dysbindin Domain Containing 1,Protein Coding,0.16577543,48
DCXR-DT,DCXR Divergent Transcript,RNA Gene,0.16577543,48
FAM171B,Family With Sequence Similarity 171 Member B,Protein Coding,0.16577543,48
IGSF23,Immunoglobulin Superfamily Member 23,Protein Coding,0.16577543,48
KCNIP4-IT1,KCNIP4 Intronic Transcript 1,RNA Gene,0.16577543,48
LINC01843,Long Intergenic Non-Protein Coding RNA 1843,RNA Gene,0.16577543,48
LOC111365141,NOS2 5' Regulatory Region,Functional Element,0.16577543,48
LRIT2,"Leucine Rich Repeat, Ig-Like And Transmembrane Domains 2",Protein Coding,0.16577543,48
MRO,Maestro,Protein Coding,0.16577543,48
PRADC1,Protease Associated Domain Containing 1,Protein Coding,0.16577543,48
PYURF,PIGY Upstream Open Reading Frame,Protein Coding,0.16577543,48
RIPOR3-AS1,RIPOR3 Antisense RNA 1,RNA Gene,0.16577543,48
SCRN3,Secernin 3,Protein Coding,0.16577543,48
SMIM19,Small Integral Membrane Protein 19,Protein Coding,0.16577543,48
SMIM3,Small Integral Membrane Protein 3,Protein Coding,0.16577543,48
SNAR-B2,Small NF90 (ILF3) Associated RNA B2,RNA Gene,0.16577543,48
TCP11L2,T-Complex 11 Like 2,Protein Coding,0.16577543,48
TM2D2,TM2 Domain Containing 2,Protein Coding,0.16577543,48
TMEM62,Transmembrane Protein 62,Protein Coding,0.16577543,48
TVP23A,Trans-Golgi Network Vesicle Protein 23 Homolog A,Protein Coding,0.16577543,48
ZCCHC13,Zinc Finger CCHC-Type Containing 13,Protein Coding,0.16577543,48
ASTILCS,"Antisense Transcript Of PTP4A3, Liver Carcinoma Survival Associated",RNA Gene,0.16577543,47
CNFN,Cornifelin,Protein Coding,0.16577543,47
FAM149A,Family With Sequence Similarity 149 Member A,Protein Coding,0.16577543,47
IGLC2,Immunoglobulin Lambda Constant 2,Protein Coding,0.16577543,47
ITCH-IT1,ITCH Intronic Transcript 1,RNA Gene,0.16577543,47
KIAA0513,KIAA0513,Protein Coding,0.16577543,47
KRT7-AS,KRT7 Antisense RNA 1,RNA Gene,0.16577543,47
LINC02934,Long Intergenic Non-Protein Coding RNA 2934,RNA Gene,0.16577543,47
LOC110596866,CYP7A1 5' Regulatory Region,Functional Element,0.16577543,47
MAP3K9-DT,MAP3K9 Divergent Transcript,RNA Gene,0.16577543,47
N4BP2L1,NEDD4 Binding Protein 2 Like 1,Protein Coding,0.16577543,47
PCED1B,PC-Esterase Domain Containing 1B,Protein Coding,0.16577543,47
PRR13,Proline Rich 13,Protein Coding,0.16577543,47
REG1CP,"Regenerating Family Member 1 Gamma, Pseudogene",Pseudogene,0.16577543,47
SMIM22,Small Integral Membrane Protein 22,Protein Coding,0.16577543,47
SNAR-I,Small NF90 (ILF3) Associated RNA I,RNA Gene,0.16577543,47
TCF24,Transcription Factor 24,Protein Coding,0.16577543,47
TCP11L1,T-Complex 11 Like 1,Protein Coding,0.16577543,47
TMEM248,Transmembrane Protein 248,Protein Coding,0.16577543,47
TMEM256,Transmembrane Protein 256,Protein Coding,0.16577543,47
TRBC2,T Cell Receptor Beta Constant 2,Protein Coding,0.16577543,47
CCDC102A,Coiled-Coil Domain Containing 102A,Protein Coding,0.16577543,46
DMP1-AS1,DMP1 And DSPP Antisense RNA 1,RNA Gene,0.16577543,46
ENHO,Energy Homeostasis Associated,Protein Coding,0.16577543,46
ERVE-5,Endogenous Retrovirus Group E Member 5,RNA Gene,0.16577543,46
FARSA-AS1,FARSA Antisense RNA 1,RNA Gene,0.16577543,46
GPR137C,G Protein-Coupled Receptor 137C,Protein Coding,0.16577543,46
LINC01567,Long Intergenic Non-Protein Coding RNA 1567,RNA Gene,0.16577543,46
LINC02918,Long Intergenic Non-Protein Coding RNA 2918,RNA Gene,0.16577543,46
LINC03130,Long Intergenic Non-Protein Coding RNA 3130,RNA Gene,0.16577543,46
LINC03131,Long Intergenic Non-Protein Coding RNA 3131,RNA Gene,0.16577543,46
LOC108961161,POU5F1 5' Regulatory Region,Functional Element,0.16577543,46
LOC109279247,FGF21/FUT1 Promoter Region,Functional Element,0.16577543,46
LOC110594336,MS1 Minisatellite Repeat Instability Region,Functional Element,0.16577543,46
LOC111162620,TAp63 Promoter Of Tumor Protein P63,Functional Element,0.16577543,46
LOC111162621,DeltaNp63 Promoter Of Tumor Protein P63,Functional Element,0.16577543,46
LOC111255642,TNFRSF10B 5' Regulatory Region,Functional Element,0.16577543,46
LOC111255645,TNFRSF10A 5' Regulatory Region,Functional Element,0.16577543,46
NXPE2,Neurexophilin And PC-Esterase Domain Family Member 2,Protein Coding,0.16577543,46
OXLD1,Oxidoreductase Like Domain Containing 1,Protein Coding,0.16577543,46
PABIR2,PABIR Family Member 2,Protein Coding,0.16577543,46
PRELID2,PRELI Domain Containing 2,Protein Coding,0.16577543,46
RABGAP1L-DT,RABGAP1L Divergent Transcript,RNA Gene,0.16577543,46
TCAIM,"T Cell Activation Inhibitor, Mitochondrial",Protein Coding,0.16577543,46
TMEM128,Transmembrane Protein 128,Protein Coding,0.16577543,46
TMEM41A,Transmembrane Protein 41A,Protein Coding,0.16577543,46
ARMCX4,Armadillo Repeat Containing X-Linked 4,Protein Coding,0.16577543,45
FRMD4A-AS1,FRMD4A Antisense RNA 1,RNA Gene,0.16577543,45
HNP1,Hypertensive Nephropathy,Genetic Locus,0.16577543,45
HSBP1L1,Heat Shock Factor Binding Protein 1 Like 1,Protein Coding,0.16577543,45
KBTBD11,Kelch Repeat And BTB Domain Containing 11,Protein Coding,0.16577543,45
KRTAP2-3,Keratin Associated Protein 2-3,Protein Coding,0.16577543,45
LOC110599567,D7S22 Minisatellite Repeat Instability Region,Functional Element,0.16577543,45
LOC110599568,MS43a Minisatellite Repeat Instability Region,Functional Element,0.16577543,45
PAGE1,PAGE Family Member 1,Protein Coding,0.16577543,45
PWWP3B,PWWP Domain Containing 3B,Protein Coding,0.16577543,45
SMR3B,Submaxillary Gland Androgen Regulated Protein 3B,Protein Coding,0.16577543,45
TMEM121,Transmembrane Protein 121,Protein Coding,0.16577543,45
TMEM60,Transmembrane Protein 60,Protein Coding,0.16577543,45
XKRX,XK Related X-Linked,Protein Coding,0.16577543,45
CCDC149,Coiled-Coil Domain Containing 149,Protein Coding,0.16577543,44
CRACDL,CRACD Like,Protein Coding,0.16577543,44
DEXI,Dexi Homolog,Protein Coding,0.16577543,44
ENSG00000272849,Novel Transcript,RNA Gene,0.16577543,44
EVA1A-AS,EVA1A Antisense RNA,RNA Gene,0.16577543,44
FAM120AOS,Family With Sequence Similarity 120 Member A Opposite Strand,Protein Coding,0.16577543,44
GBP1P1,Guanylate Binding Protein 1 Pseudogene 1,Pseudogene,0.16577543,44
KIR2DL5A,"Killer Cell Immunoglobulin Like Receptor, Two Ig Domains And Long Cytoplasmic Tail 5A",Protein Coding,0.16577543,44
SNAR-D,Small NF90 (ILF3) Associated RNA D,RNA Gene,0.16577543,44
SNAR-H,Small NF90 (ILF3) Associated RNA H,RNA Gene,0.16577543,44
VCF1,VCP Nuclear Cofactor Family Member 1,Protein Coding,0.16577543,44
ABRACL,ABRA C-Terminal Like,Protein Coding,0.16577543,43
BLID,"BH3-Like Motif Containing, Cell Death Inducer",Protein Coding,0.16577543,43
FAM43A,Family With Sequence Similarity 43 Member A,Protein Coding,0.16577543,43
FAM86B3P,"Family With Sequence Similarity 86 Member B3, Pseudogene",Pseudogene,0.16577543,43
GLUD1P2,Glutamate Dehydrogenase 1 Pseudogene 2,Pseudogene,0.16577543,43
ITPRIPL2,ITPRIP Like 2,Protein Coding,0.16577543,43
KTI12,KTI12 Chromatin Associated Homolog,Protein Coding,0.16577543,43
LRTM1,Leucine Rich Repeat Transmembrane Protein 1,Protein Coding,0.16577543,43
LURAP1L,Leucine Rich Adaptor Protein 1 Like,Protein Coding,0.16577543,43
PIGBOS1,PIGB Opposite Strand 1,Protein Coding,0.16577543,43
SPATA2L,Spermatogenesis Associated 2 Like,Protein Coding,0.16577543,43
TCEAL3,Transcription Elongation Factor A Like 3,Protein Coding,0.16577543,43
TMEM156,Transmembrane Protein 156,Protein Coding,0.16577543,43
TRDC,T Cell Receptor Delta Constant,Protein Coding,0.16577543,43
FAM181A,Family With Sequence Similarity 181 Member A,Protein Coding,0.16577543,42
LRRC20,Leucine Rich Repeat Containing 20,Protein Coding,0.16577543,42
NARF-AS1,NARF Antisense RNA 1,RNA Gene,0.16577543,42
OAF,Out At First Homolog,Protein Coding,0.16577543,42
PXDC1,PX Domain Containing 1,Protein Coding,0.16577543,42
SMIM24,Small Integral Membrane Protein 24,Protein Coding,0.16577543,42
TCEAL8,Transcription Elongation Factor A Like 8,Protein Coding,0.16577543,42
TMEM170B,Transmembrane Protein 170B,Protein Coding,0.16577543,42
TMEM178B,Transmembrane Protein 178B,Protein Coding,0.16577543,42
UBALD1,UBA Like Domain Containing 1,Protein Coding,0.16577543,42
BNIP5,BCL2 Interacting Protein 5,Protein Coding,0.16577543,41
ENSG00000203266,Novel Transcript,RNA Gene,0.16577543,41
IGIP,IgA Inducing Protein,Protein Coding,0.16577543,41
KRTAP2-2,Keratin Associated Protein 2-2,Protein Coding,0.16577543,41
SMIM8,Small Integral Membrane Protein 8,Protein Coding,0.16577543,41
BTF3L4,Basic Transcription Factor 3 Like 4,Protein Coding,0.16577543,40
IGLV1-47,Immunoglobulin Lambda Variable 1-47,Protein Coding,0.16577543,40
LANCL3,LanC Like Family Member 3,Protein Coding,0.16577543,40
SHISAL1,Shisa Like 1,Protein Coding,0.16577543,40
SMIM15,Small Integral Membrane Protein 15,Protein Coding,0.16577543,40
TCEAL9,Transcription Elongation Factor A Like 9,Protein Coding,0.16577543,40
C1orf115,Chromosome 1 Open Reading Frame 115,Protein Coding,0.16577543,39
C6orf132,Chromosome 6 Open Reading Frame 132,Protein Coding,0.16577543,39
FAM117A,Family With Sequence Similarity 117 Member A,Protein Coding,0.16577543,39
FAM89A,Family With Sequence Similarity 89 Member A,Protein Coding,0.16577543,39
H3P16,H3 Histone Pseudogene 16,Pseudogene,0.16577543,39
KIR2DL5B,"Killer Cell Immunoglobulin Like Receptor, Two Ig Domains And Long Cytoplasmic Tail 5B",Protein Coding,0.16577543,39
MKRN2OS,MKRN2 Opposite Strand,Protein Coding,0.16577543,39
PCP4L1,Purkinje Cell Protein 4 Like 1,Protein Coding,0.16577543,39
PRR15L,Proline Rich 15 Like,Protein Coding,0.16577543,39
TMEM140,Transmembrane Protein 140,Protein Coding,0.16577543,39
TMEM185B,Transmembrane Protein 185B,Protein Coding,0.16577543,39
TZMP1,Transition Zone Microprotein 1,Protein Coding,0.16577543,39
UMAD1,UBAP1-MVB12-Associated (UMA) Domain Containing 1,Protein Coding,0.16577543,39
XAGE2,X Antigen Family Member 2,Protein Coding,0.16577543,39
CCDC71L,Coiled-Coil Domain Containing 71 Like,Protein Coding,0.16577543,38
ERVK3-1,Endogenous Retrovirus Group K3 Member 1,Protein Coding,0.16577543,38
FAM72B,Family With Sequence Similarity 72 Member B,Protein Coding,0.16577543,38
TEX30,Testis Expressed 30,Protein Coding,0.16577543,38
C1orf53,Chromosome 1 Open Reading Frame 53,Protein Coding,0.16577543,37
EEIG2,EEIG Family Member 2,Protein Coding,0.16577543,37
LRRC73,Leucine Rich Repeat Containing 73,Protein Coding,0.16577543,37
RTL8B,Retrotransposon Gag Like 8B,Protein Coding,0.16577543,37
TMEM35B,Transmembrane Protein 35B,Protein Coding,0.16577543,37
C8orf76,Chromosome 8 Open Reading Frame 76,Protein Coding,0.16577543,36
CTXN1,Cortexin 1,Protein Coding,0.16577543,36
LOC112543491,LncRNA UFC1,RNA Gene,0.16577543,36
TMEM125,Transmembrane Protein 125,Protein Coding,0.16577543,36
C2orf15,Chromosome 2 Open Reading Frame 15,Protein Coding,0.16577543,35
SERTM2,Serine Rich And Transmembrane Domain Containing 2,Protein Coding,0.16577543,35
FAM25C,Family With Sequence Similarity 25 Member C,Protein Coding,0.16577543,34
LOC110013312,BGLAP Promoter Region,Functional Element,0.16577543,34
LOC110467515,CYP1A1 5' Regulatory Region,Functional Element,0.16577543,34
LOC112679202,ABO Promoter Region,Functional Element,0.16577543,34
MARCOL,MARCO Like,Protein Coding,0.16577543,33
FAM167B,Family With Sequence Similarity 167 Member B,Protein Coding,0.16577543,32
ENSG00000256185,Novel Transcript,RNA Gene,0.16577543,30
ERVK-25,Endogenous Retrovirus Group K Member 25,Protein Coding,0.16577543,30
NONHSAG015030.2,,RNA Gene,0.16577543,28
SIRT1-AS,SIRT1 Antisense RNA,RNA Gene,0.16577543,22
